"id","kind","item","owner","evidence_location","completion_claim","note","anchor","line","fingerprint"
"prose.openclaw_prime_lisa_linkbrain_linkskills_detailed_implementation_plan.11.1","evidence_requirement","> **Historical (Wave A Item 3):** This July 2026 two-provider Brain/Skills plan is","OpenClaw (Grok Phase-13 coverage index; Codex classifies)","docs/execution/openclawdevelopmentplan01/PHASE-13-COVERAGE-EVIDENCE-INDEX.md#prose.openclaw_prime_lisa_linkbrain_linkskills_detailed_implementation_plan.11.1","not_claimed","No specific Grok implementation claim; Codex assigns Phase-14 classification from independent evidence review","prose.openclaw_prime_lisa_linkbrain_linkskills_detailed_implementation_plan.11.1","11","e1691dd0d995adf67c2644b23e9242c97b74381320079ac7ba7f5ddc62a69d0f"
"prose.openclaw_prime_lisa_linkbrain_linkskills_detailed_implementation_plan.12.1","evidence_requirement","> retained for provenance only. It is **not** the current Lisa five-provider","OpenClaw (Grok Phase-13 coverage index; Codex classifies)","docs/execution/openclawdevelopmentplan01/PHASE-13-COVERAGE-EVIDENCE-INDEX.md#prose.openclaw_prime_lisa_linkbrain_linkskills_detailed_implementation_plan.12.1","not_claimed","No specific Grok implementation claim; Codex assigns Phase-14 classification from independent evidence review","prose.openclaw_prime_lisa_linkbrain_linkskills_detailed_implementation_plan.12.1","12","ef5b4a27544b137fe6e685625f82ecb01ae771e452dbead5c8de18d536f6c8a4"
"prose.openclaw_prime_lisa_linkbrain_linkskills_detailed_implementation_plan.13.1","evidence_requirement","> contract. It does not define Libraries or Autowork, and it still describes v1","OpenClaw (Grok Phase-13 coverage index; Codex classifies)","docs/execution/openclawdevelopmentplan01/PHASE-13-COVERAGE-EVIDENCE-INDEX.md#prose.openclaw_prime_lisa_linkbrain_linkskills_detailed_implementation_plan.13.1","not_claimed","No specific Grok implementation claim; Codex assigns Phase-14 classification from independent evidence review","prose.openclaw_prime_lisa_linkbrain_linkskills_detailed_implementation_plan.13.1","13","a713088dbd5e9b9ea3aab0795496bdfb0d1b69bec6f1954f5fc3a703450d25b4"
"prose.openclaw_prime_lisa_linkbrain_linkskills_detailed_implementation_plan.14.1","evidence_requirement","> MCP tool families. Authoritative Lisa five-provider policy is the accepted","OpenClaw (Grok Phase-13 coverage index; Codex classifies)","docs/execution/openclawdevelopmentplan01/PHASE-13-COVERAGE-EVIDENCE-INDEX.md#prose.openclaw_prime_lisa_linkbrain_linkskills_detailed_implementation_plan.14.1","not_claimed","No specific Grok implementation claim; Codex assigns Phase-14 classification from independent evidence review","prose.openclaw_prime_lisa_linkbrain_linkskills_detailed_implementation_plan.14.1","14","43a7f8d8c1c2283f656931b747fec6889fd70c8cdb0bc5b80da833bf172e4d86"
"prose.openclaw_prime_lisa_linkbrain_linkskills_detailed_implementation_plan.15.1","evidence_requirement","> Item 3 PRD and implementation plan on `issue/189` (`docs/ITEM-3-CONNECT-OPENCLAW-PRIME-LISA-PRD.md`,","OpenClaw (Grok Phase-13 coverage index; Codex classifies)","docs/execution/openclawdevelopmentplan01/PHASE-13-COVERAGE-EVIDENCE-INDEX.md#prose.openclaw_prime_lisa_linkbrain_linkskills_detailed_implementation_plan.15.1","not_claimed","No specific Grok implementation claim; Codex assigns Phase-14 classification from independent evidence review","prose.openclaw_prime_lisa_linkbrain_linkskills_detailed_implementation_plan.15.1","15","da593325187acdf6e9ac2f6fb60e41c086c6f3e32dab966460decb702da93978"
"prose.openclaw_prime_lisa_linkbrain_linkskills_detailed_implementation_plan.16.1","evidence_requirement","> `docs/ITEM-3-CONNECT-OPENCLAW-PRIME-LISA-IMPLEMENTATION-PLAN.md`), with Wave A","OpenClaw (Grok Phase-13 coverage index; Codex classifies)","docs/execution/openclawdevelopmentplan01/PHASE-13-COVERAGE-EVIDENCE-INDEX.md#prose.openclaw_prime_lisa_linkbrain_linkskills_detailed_implementation_plan.16.1","not_claimed","No specific Grok implementation claim; Codex assigns Phase-14 classification from independent evidence review","prose.openclaw_prime_lisa_linkbrain_linkskills_detailed_implementation_plan.16.1","16","8a2ecd679b829ca024ebbcffd0436adaabc3a0809df57279830311d747f2a8e2"
"prose.openclaw_prime_lisa_linkbrain_linkskills_detailed_implementation_plan.17.1","evidence_requirement","> source under `linkbots/lisa/ops/providers/`","OpenClaw (Grok Phase-13 coverage index; Codex classifies)","docs/execution/openclawdevelopmentplan01/PHASE-13-COVERAGE-EVIDENCE-INDEX.md#prose.openclaw_prime_lisa_linkbrain_linkskills_detailed_implementation_plan.17.1","not_claimed","No specific Grok implementation claim; Codex assigns Phase-14 classification from independent evidence review","prose.openclaw_prime_lisa_linkbrain_linkskills_detailed_implementation_plan.17.1","17","ad5f070e46e11912f1b80686bbd52283f984d07134c3da883b6fed581a27285c"
"prose.1_purpose_and_decision.31.1","evidence_requirement","This plan defines how the canonical Lisa actor will consume LiNKbrain and LiNKskills through OpenClaw Prime without replacing native OpenClaw behavior or merging the two domains","OpenClaw (Grok Phase-13 coverage index; Codex classifies)","docs/execution/openclawdevelopmentplan01/PHASE-13-COVERAGE-EVIDENCE-INDEX.md#prose.1_purpose_and_decision.31.1","not_claimed","No specific Grok implementation claim; Codex assigns Phase-14 classification from independent evidence review","prose.1_purpose_and_decision.31.1","31","f4cb58a903da225b4d13d76fab9548f35b9c7f05c1c01f702a69d480c0cd5da6"
"list.1_purpose_and_decision.35.1","task","one canonical Lisa actor","OpenClaw (Grok Phase-13 coverage index; Codex classifies)","docs/execution/openclawdevelopmentplan01/PHASE-13-COVERAGE-EVIDENCE-INDEX.md#list.1_purpose_and_decision.35.1","not_claimed","No specific Grok implementation claim; Codex assigns Phase-14 classification from independent evidence review","list.1_purpose_and_decision.35.1","35","66faed057527de684b2cdff3462764369b6deb945c99cb79c5c77a603f213aff"
"list.1_purpose_and_decision.36.2","task","one Lisa OpenClaw runtime binding","OpenClaw (Grok Phase-13 coverage index; Codex classifies)","docs/execution/openclawdevelopmentplan01/PHASE-13-COVERAGE-EVIDENCE-INDEX.md#list.1_purpose_and_decision.36.2","not_claimed","No specific Grok implementation claim; Codex assigns Phase-14 classification from independent evidence review","list.1_purpose_and_decision.36.2","36","621e7f01acaee3b3bbacb2d50c7c7991438bd520e610a019f690c470e45af2c0"
"list.1_purpose_and_decision.37.3","task","one Brain plugin and one Skills plugin","OpenClaw (Grok Phase-13 coverage index; Codex classifies)","docs/execution/openclawdevelopmentplan01/PHASE-13-COVERAGE-EVIDENCE-INDEX.md#list.1_purpose_and_decision.37.3","not_claimed","No specific Grok implementation claim; Codex assigns Phase-14 classification from independent evidence review","list.1_purpose_and_decision.37.3","37","6ec4d149e63d4c9e752df343f3c0bfaa232301db6c4a0fc1619d442b6e2c10bb"
"list.1_purpose_and_decision.38.4","task","one Brain managed MCP server and one Skills managed MCP server","OpenClaw (Grok Phase-13 coverage index; Codex classifies)","docs/execution/openclawdevelopmentplan01/PHASE-13-COVERAGE-EVIDENCE-INDEX.md#list.1_purpose_and_decision.38.4","not_claimed","No specific Grok implementation claim; Codex assigns Phase-14 classification from independent evidence review","list.1_purpose_and_decision.38.4","38","f24909f2038c81628f67ec4f93d74e9ae1c7ad83950647fbf25316e95beb2279"
"list.1_purpose_and_decision.39.5","task","Brain-only access to the minimum conversation-bearing lifecycle events required for capture, compaction safety, and coordination","OpenClaw (Grok Phase-13 coverage index; Codex classifies)","docs/execution/openclawdevelopmentplan01/PHASE-13-COVERAGE-EVIDENCE-INDEX.md#list.1_purpose_and_decision.39.5","not_claimed","No specific Grok implementation claim; Codex assigns Phase-14 classification from independent evidence review","list.1_purpose_and_decision.39.5","39","8c4ef07849b65904964379899d3d50a5355f5e28e5c28b7f2b3ea34f5ce92032"
"list.1_purpose_and_decision.40.6","task","Skills access only to contract-approved structured execution and tool telemetry","OpenClaw (Grok Phase-13 coverage index; Codex classifies)","docs/execution/openclawdevelopmentplan01/PHASE-13-COVERAGE-EVIDENCE-INDEX.md#list.1_purpose_and_decision.40.6","not_claimed","No specific Grok implementation claim; Codex assigns Phase-14 classification from independent evidence review","list.1_purpose_and_decision.40.6","40","cd9844c1a7cd50b0e186cc74572e93fba3380730e96ca89e19574fa88788a093"
"list.1_purpose_and_decision.41.7","task","separate credentials, scopes, flags, state, outboxes, health, telemetry, retention, rollout, rollback, and evidence windows","OpenClaw (Grok Phase-13 coverage index; Codex classifies)","docs/execution/openclawdevelopmentplan01/PHASE-13-COVERAGE-EVIDENCE-INDEX.md#list.1_purpose_and_decision.41.7","not_claimed","No specific Grok implementation claim; Codex assigns Phase-14 classification from independent evidence review","list.1_purpose_and_decision.41.7","41","77c765f66ecc8e7811ac77f2272b2a4e7d2f37f10704051264460f08175c4b03"
"list.1_purpose_and_decision.42.8","task","Platform-owned identity, claims, credential lifecycle, infrastructure, secret injection, migrations, generic Librarian hosting, and audit","OpenClaw (Grok Phase-13 coverage index; Codex classifies)","docs/execution/openclawdevelopmentplan01/PHASE-13-COVERAGE-EVIDENCE-INDEX.md#list.1_purpose_and_decision.42.8","not_claimed","No specific Grok implementation claim; Codex assigns Phase-14 classification from independent evidence review","list.1_purpose_and_decision.42.8","42","53d028c926fb87bbb9a5c3da27458f6010446d1ec58e8d266186c5c8ca5ce783"
"list.1_purpose_and_decision.43.9","task","OpenClaw-owned plugin implementation, Lisa profile integration, tests, rollout, and operational evidence","OpenClaw (Grok Phase-13 coverage index; Codex classifies)","docs/execution/openclawdevelopmentplan01/PHASE-13-COVERAGE-EVIDENCE-INDEX.md#list.1_purpose_and_decision.43.9","not_claimed","No specific Grok implementation claim; Codex assigns Phase-14 classification from independent evidence review","list.1_purpose_and_decision.43.9","43","99e2ce9998bf744187b83f91a11b88cc94140e93c30b38cc2787b64cf8a6adbe"
"prose.1_purpose_and_decision.45.1","evidence_requirement","This is an additive Phase 1 integration. It preserves Lisa's existing local memory, compaction, sessions, cron, channels, native skills, and Program authority. LiNKbrain becomes an additional institutional-memory and coordination capability. LiNKskills becomes a separate governed skill discovery and execution capability. Neither becomes a hidden replacement for an existing OpenClaw subsystem","OpenClaw (Grok Phase-13 coverage index; Codex classifies)","docs/execution/openclawdevelopmentplan01/PHASE-13-COVERAGE-EVIDENCE-INDEX.md#prose.1_purpose_and_decision.45.1","not_claimed","No specific Grok implementation claim; Codex assigns Phase-14 classification from independent evidence review","prose.1_purpose_and_decision.45.1","45","04bddbd62d8e50f5c4fac975d28d245360c973884505cc62bae8de3d89d8932e"
"prose.1_purpose_and_decision.47.1","evidence_requirement","No product code, runtime configuration, credential, deployment, migration, or live service change is authorized by this document alone","OpenClaw (Grok Phase-13 coverage index; Codex classifies)","docs/execution/openclawdevelopmentplan01/PHASE-13-COVERAGE-EVIDENCE-INDEX.md#prose.1_purpose_and_decision.47.1","not_claimed","No specific Grok implementation claim; Codex assigns Phase-14 classification from independent evidence review","prose.1_purpose_and_decision.47.1","47","e1006beabf3d78f8221895322aee522a427b81e73aabe8ad2ea35aee345475db"
"prose.2_frozen_inputs_and_source_hierarchy.51.1","evidence_requirement","Implementation must begin from the exact reviewed planning snapshots below. If a source changes, the owning team must provide a versioned contract delta before OpenClaw adopts it","OpenClaw (Grok Phase-13 coverage index; Codex classifies)","docs/execution/openclawdevelopmentplan01/PHASE-13-COVERAGE-EVIDENCE-INDEX.md#prose.2_frozen_inputs_and_source_hierarchy.51.1","not_claimed","No specific Grok implementation claim; Codex assigns Phase-14 classification from independent evidence review","prose.2_frozen_inputs_and_source_hierarchy.51.1","51","9352a63345060ea7ba3ab96cfc52959a55544fecb4765188f0ead73ba876c4a1"
"source_hierarchy.1","evidence_requirement","1 | Principal decisions recorded in the OpenClaw planning session and handoffs | 2026-07-27 | Intent, privacy, ownership, rollout, and approval authority","OpenClaw (Grok Phase-13 coverage index; Codex classifies)","docs/execution/openclawdevelopmentplan01/PHASE-13-COVERAGE-EVIDENCE-INDEX.md#source_hierarchy.1","not_claimed","No specific Grok implementation claim; Codex assigns Phase-14 classification from independent evidence review","source_hierarchy.1","55","6f92dddbef3401a7c8c35f888034d1b32ff40cec1d785735afdcb6faaef02f4b"
"source_hierarchy.2","evidence_requirement","2 | LiNKplatform shared-foundation detailed implementation plan | SHA-256 `fbcf36235c4caaa6abf7ee93afedeedf105a96f6614a3a3ff5ccb8d78e33c6b9` | Actor identity, claims, credentials, environments, infrastructure, migrations, audit, generic Librarian host","OpenClaw (Grok Phase-13 coverage index; Codex classifies)","docs/execution/openclawdevelopmentplan01/PHASE-13-COVERAGE-EVIDENCE-INDEX.md#source_hierarchy.2","not_claimed","No specific Grok implementation claim; Codex assigns Phase-14 classification from independent evidence review","source_hierarchy.2","56","cd5e124786e8cc67a991fbdeefd95172f048ccd354d80b16e47e4f5a6735fec0"
"source_hierarchy.3","evidence_requirement","3 | LiNKbrain Phase 1 detailed implementation plan | SHA-256 `051caa80191639c06b2dee6fa4800e736ada30772a55ad84e12e5fa6a4e63458` | Brain Gateway, tools, capture, coordination, curation, failure, retention, and rollout contracts","OpenClaw (Grok Phase-13 coverage index; Codex classifies)","docs/execution/openclawdevelopmentplan01/PHASE-13-COVERAGE-EVIDENCE-INDEX.md#source_hierarchy.3","not_claimed","No specific Grok implementation claim; Codex assigns Phase-14 classification from independent evidence review","source_hierarchy.3","57","3dda0ff8440d035679cd6cf173b68133277b04afe9bf8536f62279f8163c4dd1"
"source_hierarchy.4","evidence_requirement","4 | LiNKskills internal-launch detailed development plan | SHA-256 `31a6cc70bb778ce1dff236819e4bf600b0495dbb06c95bac55bcb2b0b2f5fe88` | Skills Gateway, immutable bundles, profiles, validation, telemetry, evidence, and rollout contracts","OpenClaw (Grok Phase-13 coverage index; Codex classifies)","docs/execution/openclawdevelopmentplan01/PHASE-13-COVERAGE-EVIDENCE-INDEX.md#source_hierarchy.4","not_claimed","No specific Grok implementation claim; Codex assigns Phase-14 classification from independent evidence review","source_hierarchy.4","58","7f1c3eb33b5c40b46459700f147e94e3bd16cd65a3a59b11161f45c668b572b0"
"source_hierarchy.5","evidence_requirement","5 | Current OpenClaw source, tests, public plugin SDK, managed MCP, and operator documentation | OpenClaw `2026.7.2`, planning HEAD `ec90aa8cd119` | Available implementation seams and current Lisa integration behavior","OpenClaw (Grok Phase-13 coverage index; Codex classifies)","docs/execution/openclawdevelopmentplan01/PHASE-13-COVERAGE-EVIDENCE-INDEX.md#source_hierarchy.5","not_claimed","No specific Grok implementation claim; Codex assigns Phase-14 classification from independent evidence review","source_hierarchy.5","59","8db0b7e43d1dee1583fa93faa6a3c1f5d30849ef2b1b8c81234b8ad121b9b56a"
"source_hierarchy.6","evidence_requirement","6 | This plan | 2026-07-27 | OpenClaw-specific sequencing, file ownership, tests, rollout, operations, and acceptance","OpenClaw (Grok Phase-13 coverage index; Codex classifies)","docs/execution/openclawdevelopmentplan01/PHASE-13-COVERAGE-EVIDENCE-INDEX.md#source_hierarchy.6","not_claimed","No specific Grok implementation claim; Codex assigns Phase-14 classification from independent evidence review","source_hierarchy.6","60","095f0c1a765e3d57da02f3b338bcca811e0fe0bf822bc1c3430499c7530cf954"
"list.2_frozen_inputs_and_source_hierarchy.64.1","task","Stop the affected work item; do not silently reinterpret a frozen upstream boundary","OpenClaw (Grok Phase-13 coverage index; Codex classifies)","docs/execution/openclawdevelopmentplan01/PHASE-13-COVERAGE-EVIDENCE-INDEX.md#list.2_frozen_inputs_and_source_hierarchy.64.1","not_claimed","No specific Grok implementation claim; Codex assigns Phase-14 classification from independent evidence review","list.2_frozen_inputs_and_source_hierarchy.64.1","64","69f72d72231af01b5420050b346bf48fb5651d0a221b74d7cde031834fe4974e"
"list.2_frozen_inputs_and_source_hierarchy.65.2","task","Record the exact contract, owner, consumer, and impact","OpenClaw (Grok Phase-13 coverage index; Codex classifies)","docs/execution/openclawdevelopmentplan01/PHASE-13-COVERAGE-EVIDENCE-INDEX.md#list.2_frozen_inputs_and_source_hierarchy.65.2","not_claimed","No specific Grok implementation claim; Codex assigns Phase-14 classification from independent evidence review","list.2_frozen_inputs_and_source_hierarchy.65.2","65","a6f99150898639907aa2137e9ce2915804382282a8eaaba598b9be4ccbc075b7"
"list.2_frozen_inputs_and_source_hierarchy.66.3","task","Ask the owning upstream team for a narrow amendment or versioned delta","OpenClaw (Grok Phase-13 coverage index; Codex classifies)","docs/execution/openclawdevelopmentplan01/PHASE-13-COVERAGE-EVIDENCE-INDEX.md#list.2_frozen_inputs_and_source_hierarchy.66.3","not_claimed","No specific Grok implementation claim; Codex assigns Phase-14 classification from independent evidence review","list.2_frozen_inputs_and_source_hierarchy.66.3","66","9caa88436e325074154860c550401e0521b72539237df948b4d760a2a1064068"
"list.2_frozen_inputs_and_source_hierarchy.67.4","task","Ask the Principal only when the conflict changes intent, privacy, risk, scope, ownership, cost, or definition of done","OpenClaw (Grok Phase-13 coverage index; Codex classifies)","docs/execution/openclawdevelopmentplan01/PHASE-13-COVERAGE-EVIDENCE-INDEX.md#list.2_frozen_inputs_and_source_hierarchy.67.4","not_claimed","No specific Grok implementation claim; Codex assigns Phase-14 classification from independent evidence review","list.2_frozen_inputs_and_source_hierarchy.67.4","67","9805779ddbfc34de8bc54d28673668dc2cb78fc8f51a2b0e2aa5d46e03136616"
"list.2_frozen_inputs_and_source_hierarchy.68.5","task","Resume only after the decision is recorded in the appropriate plan and handoff","OpenClaw (Grok Phase-13 coverage index; Codex classifies)","docs/execution/openclawdevelopmentplan01/PHASE-13-COVERAGE-EVIDENCE-INDEX.md#list.2_frozen_inputs_and_source_hierarchy.68.5","not_claimed","No specific Grok implementation claim; Codex assigns Phase-14 classification from independent evidence review","list.2_frozen_inputs_and_source_hierarchy.68.5","68","97f0e926f671f78ae0082d71234d30e0adbf3a8d42ed03641c50872bd8e5e626"
"prose.3_reconciliation_finding.72.1","evidence_requirement","The three upstream plans and current OpenClaw extension surfaces are mutually compatible. No upstream correction is required before implementation planning","OpenClaw (Grok Phase-13 coverage index; Codex classifies)","docs/execution/openclawdevelopmentplan01/PHASE-13-COVERAGE-EVIDENCE-INDEX.md#prose.3_reconciliation_finding.72.1","not_claimed","No specific Grok implementation claim; Codex assigns Phase-14 classification from independent evidence review","prose.3_reconciliation_finding.72.1","72","eb72700b8cec6794ccc953058140aa636872a5355cd0920c9fbcae9bea1b3ea8"
"prose.3_reconciliation_finding.74.1","evidence_requirement","The apparent deployment dependency is resolved as follows:","OpenClaw (Grok Phase-13 coverage index; Codex classifies)","docs/execution/openclawdevelopmentplan01/PHASE-13-COVERAGE-EVIDENCE-INDEX.md#prose.3_reconciliation_finding.74.1","not_claimed","No specific Grok implementation claim; Codex assigns Phase-14 classification from independent evidence review","prose.3_reconciliation_finding.74.1","74","402ea11d96a58f932fa01c7208ea56f77f5fd6f46164a97044f9ed60d00fcd9e"
"list.3_reconciliation_finding.76.1","task","Platform may provision a service, binding, and domain credential while the corresponding Lisa actor flag remains disabled","OpenClaw (Grok Phase-13 coverage index; Codex classifies)","docs/execution/openclawdevelopmentplan01/PHASE-13-COVERAGE-EVIDENCE-INDEX.md#list.3_reconciliation_finding.76.1","not_claimed","No specific Grok implementation claim; Codex assigns Phase-14 classification from independent evidence review","list.3_reconciliation_finding.76.1","76","83d2eb5304b3b9e4de6e093a428b1b317d67bfb9fa50cb557e536c3a029bb003"
"list.3_reconciliation_finding.77.2","task","OpenClaw may implement and test each plugin against frozen fakes before a live Platform environment exists","Platform / Principal / Cursor maintenance (as labeled)","BLOCK: live/external gate named in plan item; OpenClaw fake-tier work is not live proof (docs/execution/openclawdevelopmentplan01/PHASE-13-PROVISIONAL-GROK-HANDOFF.md)","blocked","Label requires live/external proof beyond fake-tier OpenClaw work","list.3_reconciliation_finding.77.2","77","b004515851b5e6a1c523d4461af891d92e653e19253ec43e5e7f1d2df5663667"
"list.3_reconciliation_finding.78.3","task","Platform environment readiness is a gate for live stage proof, not for contract-first implementation","Platform / Principal / Cursor maintenance (as labeled)","BLOCK: live/external gate named in plan item; OpenClaw fake-tier work is not live proof (docs/execution/openclawdevelopmentplan01/PHASE-13-PROVISIONAL-GROK-HANDOFF.md)","blocked","Label requires live/external proof beyond fake-tier OpenClaw work","list.3_reconciliation_finding.78.3","78","85ad038ec5c3c6786f9e41d5e0339a5efeca016c8fcdd56bb2054589e8cbc58c"
"list.3_reconciliation_finding.79.4","task","Platform's domain milestone is not complete until the OpenClaw consumer canary succeeds","OpenClaw (Grok Phase-13 coverage index; Codex classifies)","docs/execution/openclawdevelopmentplan01/PHASE-13-COVERAGE-EVIDENCE-INDEX.md#list.3_reconciliation_finding.79.4","not_claimed","No specific Grok implementation claim; Codex assigns Phase-14 classification from independent evidence review","list.3_reconciliation_finding.79.4","79","8f2a91f56ca2976bf1b0c5dd2aae4044cbf166bea7aff867a0264371dbbb9f4a"
"list.3_reconciliation_finding.80.5","task","Brain may reach production before Skills","Platform / Principal / Cursor maintenance (as labeled)","BLOCK: live/external gate named in plan item; OpenClaw fake-tier work is not live proof (docs/execution/openclawdevelopmentplan01/PHASE-13-PROVISIONAL-GROK-HANDOFF.md)","blocked","Label requires live/external proof beyond fake-tier OpenClaw work","list.3_reconciliation_finding.80.5","80","06076c97be019c1ba93f0f8afcbb56e38e859c16c1a4974e2cdb72d73c7453bd"
"list.3_reconciliation_finding.81.6","task","Skills may not begin the Lisa canary until the Cursor and Codex Skills readiness gates pass","OpenClaw (Grok Phase-13 coverage index; Codex classifies)","docs/execution/openclawdevelopmentplan01/PHASE-13-COVERAGE-EVIDENCE-INDEX.md#list.3_reconciliation_finding.81.6","not_claimed","No specific Grok implementation claim; Codex assigns Phase-14 classification from independent evidence review","list.3_reconciliation_finding.81.6","81","c4b3d31152ea1770b28c4a5b48b65085b058452cd43343dc5a15601e713f071a"
"prose.3_reconciliation_finding.83.1","evidence_requirement","The remaining uncertainties are implementation gates, not unresolved architectural questions:","OpenClaw (Grok Phase-13 coverage index; Codex classifies)","docs/execution/openclawdevelopmentplan01/PHASE-13-COVERAGE-EVIDENCE-INDEX.md#prose.3_reconciliation_finding.83.1","not_claimed","No specific Grok implementation claim; Codex assigns Phase-14 classification from independent evidence review","prose.3_reconciliation_finding.83.1","83","21b24caa5683dda697b48e7fb8bf0755e6b5a1b29a48456ea8f8e3b2fc4256d2"
"list.3_reconciliation_finding.85.7","task","stage and production Platform projects exist but are inactive; schema, data, migrations, backup, restore, and service deployment are unverified","Platform / Principal / Cursor maintenance (as labeled)","BLOCK: live/external gate named in plan item; OpenClaw fake-tier work is not live proof (docs/execution/openclawdevelopmentplan01/PHASE-13-PROVISIONAL-GROK-HANDOFF.md)","blocked","Label requires live/external proof beyond fake-tier OpenClaw work","list.3_reconciliation_finding.85.7","85","d3c0b365d58f02be1cc728dd8964e3379e2193be49054cfaef5995c051888c71"
"list.3_reconciliation_finding.86.8","task","the exact Platform token mechanism and encoding remain an ADR","OpenClaw (Grok Phase-13 coverage index; Codex classifies)","docs/execution/openclawdevelopmentplan01/PHASE-13-COVERAGE-EVIDENCE-INDEX.md#list.3_reconciliation_finding.86.8","not_claimed","No specific Grok implementation claim; Codex assigns Phase-14 classification from independent evidence review","list.3_reconciliation_finding.86.8","86","e94244acff420134f2dd3deafeca9e7656b5738ec4b611288380c1ab8e0ce859"
"list.3_reconciliation_finding.87.9","task","Brain production retention durations require Principal approval","Platform / Principal / Cursor maintenance (as labeled)","BLOCK: live/external gate named in plan item; OpenClaw fake-tier work is not live proof (docs/execution/openclawdevelopmentplan01/PHASE-13-PROVISIONAL-GROK-HANDOFF.md)","blocked","Label requires live/external proof beyond fake-tier OpenClaw work","list.3_reconciliation_finding.87.9","87","8dfcd772a04bbcce498c873aec7f856e6811983085041330337e110281eb70af"
"list.3_reconciliation_finding.88.10","task","outbox capacity, retry timing, and ordinary canary event counts require measurements","OpenClaw (Grok Phase-13 coverage index; Codex classifies)","docs/execution/openclawdevelopmentplan01/PHASE-13-COVERAGE-EVIDENCE-INDEX.md#list.3_reconciliation_finding.88.10","not_claimed","No specific Grok implementation claim; Codex assigns Phase-14 classification from independent evidence review","list.3_reconciliation_finding.88.10","88","e12cc17347150ca77f145d1fdc969c704b7039452f8bc655babb9d945c5d38c7"
"list.3_reconciliation_finding.89.11","task","Cursor's exposed process-argument credentials are an external launch-critical maintenance gate and are not reusable by OpenClaw","OpenClaw (Grok Phase-13 coverage index; Codex classifies)","docs/execution/openclawdevelopmentplan01/PHASE-13-COVERAGE-EVIDENCE-INDEX.md#list.3_reconciliation_finding.89.11","not_claimed","No specific Grok implementation claim; Codex assigns Phase-14 classification from independent evidence review","list.3_reconciliation_finding.89.11","89","fdc514e915400b5f02aa47a06c7037be3b6b7c3e21b9ffd2474e43bc7721453b"
"list.4_non_goals_and_hard_boundaries.95.1","gate","replacing OpenClaw local memory, memory compaction, heartbeat, cron, sessions, channels, native skills, or Program Ledgers","OpenClaw (Grok Phase-13 coverage index; Codex classifies)","docs/execution/openclawdevelopmentplan01/PHASE-13-COVERAGE-EVIDENCE-INDEX.md#list.4_non_goals_and_hard_boundaries.95.1","not_claimed","No specific Grok implementation claim; Codex assigns Phase-14 classification from independent evidence review","list.4_non_goals_and_hard_boundaries.95.1","95","ef95640e9ead2c74b90be9bad11622001a418a5a9905535db1e4ece7e17b430c"
"list.4_non_goals_and_hard_boundaries.96.2","gate","making GitHub, Git, a handoff folder, or LiNKbrain a live branch lock or synchronization database","OpenClaw (Grok Phase-13 coverage index; Codex classifies)","docs/execution/openclawdevelopmentplan01/PHASE-13-COVERAGE-EVIDENCE-INDEX.md#list.4_non_goals_and_hard_boundaries.96.2","not_claimed","No specific Grok implementation claim; Codex assigns Phase-14 classification from independent evidence review","list.4_non_goals_and_hard_boundaries.96.2","96","96e8e99eb4c43dc739faa374c1a5e0108c69de6bfee75e47d17f47a5346950ce"
"list.4_non_goals_and_hard_boundaries.97.3","gate","combining Brain and Skills into one plugin, MCP server, credential, token, queue, state namespace, health state, telemetry stream, or rollback switch","OpenClaw (Grok Phase-13 coverage index; Codex classifies)","docs/execution/openclawdevelopmentplan01/PHASE-13-COVERAGE-EVIDENCE-INDEX.md#list.4_non_goals_and_hard_boundaries.97.3","not_claimed","No specific Grok implementation claim; Codex assigns Phase-14 classification from independent evidence review","list.4_non_goals_and_hard_boundaries.97.3","97","170d23f626a2fb4e27097d3bdceea6ac1fd69d6fb91bc2a951799576b61c8d91"
"list.4_non_goals_and_hard_boundaries.98.4","gate","sending raw conversations, messages, prompts, Brain findings, private episodes, tool inputs, tool outputs, or reasoning traces to Skills","OpenClaw (Grok Phase-13 coverage index; Codex classifies)","docs/execution/openclawdevelopmentplan01/PHASE-13-COVERAGE-EVIDENCE-INDEX.md#list.4_non_goals_and_hard_boundaries.98.4","not_claimed","No specific Grok implementation claim; Codex assigns Phase-14 classification from independent evidence review","list.4_non_goals_and_hard_boundaries.98.4","98","c3cd254991d10a27435f468329de3fe14605d55904dcd84bb855979008745ee2"
"list.4_non_goals_and_hard_boundaries.99.5","gate","prompt-only Skills certification, scoring, readiness, or live proof","OpenClaw (Grok Phase-13 coverage index; Codex classifies)","docs/execution/openclawdevelopmentplan01/PHASE-13-COVERAGE-EVIDENCE-INDEX.md#list.4_non_goals_and_hard_boundaries.99.5","not_claimed","No specific Grok implementation claim; Codex assigns Phase-14 classification from independent evidence review","list.4_non_goals_and_hard_boundaries.99.5","99","7d9fcd2440d25a83d18a3938c1f32601cb7dee53fc8824352693d2e0634e1349"
"list.4_non_goals_and_hard_boundaries.100.6","gate","giving OpenClaw database credentials or a production Supabase `service_role` credential","Platform / Principal / Cursor maintenance (as labeled)","BLOCK: live/external gate named in plan item; OpenClaw fake-tier work is not live proof (docs/execution/openclawdevelopmentplan01/PHASE-13-PROVISIONAL-GROK-HANDOFF.md)","blocked","Label requires live/external proof beyond fake-tier OpenClaw work","list.4_non_goals_and_hard_boundaries.100.6","100","fcc896978deee8edfcc45188d238718957b4f6a8cfbc0018e5d0ddd6eef8a7b3"
"list.4_non_goals_and_hard_boundaries.101.7","gate","inspecting, copying, rotating, or reusing Cursor credentials exposed in process arguments","Platform / Principal / Cursor maintenance (as labeled)","BLOCK: live/external gate named in plan item; OpenClaw fake-tier work is not live proof (docs/execution/openclawdevelopmentplan01/PHASE-13-PROVISIONAL-GROK-HANDOFF.md)","blocked","Label requires live/external proof beyond fake-tier OpenClaw work","list.4_non_goals_and_hard_boundaries.101.7","101","1d9dd98347fb2ee63437a050d57c297bb9800b185490ad3463bae1df78ba83d9"
"list.4_non_goals_and_hard_boundaries.102.8","gate","introducing JSON, JSONL, text, or sidecar files for runtime state or queues","OpenClaw (Grok Phase-13 coverage index; Codex classifies)","docs/execution/openclawdevelopmentplan01/PHASE-13-COVERAGE-EVIDENCE-INDEX.md#list.4_non_goals_and_hard_boundaries.102.8","not_claimed","No specific Grok implementation claim; Codex assigns Phase-14 classification from independent evidence review","list.4_non_goals_and_hard_boundaries.102.8","102","7a90231fdeb6afb1c839e78852fca454161936b35bdffa9dac1f8cb37c8d9400"
"list.4_non_goals_and_hard_boundaries.103.9","gate","advancing an OpenClaw SQLite schema version","OpenClaw (Grok Phase-13 coverage index; Codex classifies)","docs/execution/openclawdevelopmentplan01/PHASE-13-COVERAGE-EVIDENCE-INDEX.md#list.4_non_goals_and_hard_boundaries.103.9","not_claimed","No specific Grok implementation claim; Codex assigns Phase-14 classification from independent evidence review","list.4_non_goals_and_hard_boundaries.103.9","103","4e5b96e6daa2a65fef7fe82a143868413c435dd607a04a66cd40068f82a7b3b0"
"list.4_non_goals_and_hard_boundaries.104.10","gate","importing private core modules from a plugin or adding owner-specific policy to generic core","OpenClaw (Grok Phase-13 coverage index; Codex classifies)","docs/execution/openclawdevelopmentplan01/PHASE-13-COVERAGE-EVIDENCE-INDEX.md#list.4_non_goals_and_hard_boundaries.104.10","not_claimed","No specific Grok implementation claim; Codex assigns Phase-14 classification from independent evidence review","list.4_non_goals_and_hard_boundaries.104.10","104","d51583c6c53f41950696d943006402cb0807183bdb138e55acdeeaf359c42a2f"
"list.4_non_goals_and_hard_boundaries.105.11","gate","creating a fallback that claims success when a Gateway, credential, queue, or evidence path is unavailable","OpenClaw (Grok Phase-13 coverage index; Codex classifies)","docs/execution/openclawdevelopmentplan01/PHASE-13-COVERAGE-EVIDENCE-INDEX.md#list.4_non_goals_and_hard_boundaries.105.11","not_claimed","No specific Grok implementation claim; Codex assigns Phase-14 classification from independent evidence review","list.4_non_goals_and_hard_boundaries.105.11","105","45d78222dbccf06b592238db337e13726a160bb0afc7457bd4baa5cedcaf5fed"
"list.4_non_goals_and_hard_boundaries.106.12","gate","publishing these private integration plugins to public npm or ClawHub in Phase 1","OpenClaw (Grok Phase-13 coverage index; Codex classifies)","docs/execution/openclawdevelopmentplan01/PHASE-13-COVERAGE-EVIDENCE-INDEX.md#list.4_non_goals_and_hard_boundaries.106.12","not_claimed","No specific Grok implementation claim; Codex assigns Phase-14 classification from independent evidence review","list.4_non_goals_and_hard_boundaries.106.12","106","5e402f5e8ee468620c35b6fb0ffcd16dfbd38763ec345ac004ea80ec50c979e2"
"list.4_non_goals_and_hard_boundaries.107.13","gate","changing upstream Brain, Skills, or Platform contracts without their owner and a versioned amendment","OpenClaw (Grok Phase-13 coverage index; Codex classifies)","docs/execution/openclawdevelopmentplan01/PHASE-13-COVERAGE-EVIDENCE-INDEX.md#list.4_non_goals_and_hard_boundaries.107.13","not_claimed","No specific Grok implementation claim; Codex assigns Phase-14 classification from independent evidence review","list.4_non_goals_and_hard_boundaries.107.13","107","62c1e01873ad6a4dfcab32a54be82e9ec4f98fcce2c75485a2c67913a27871ab"
"list.4_non_goals_and_hard_boundaries.108.14","gate","implementation before the Principal approves this plan","OpenClaw (Grok Phase-13 coverage index; Codex classifies)","docs/execution/openclawdevelopmentplan01/PHASE-13-COVERAGE-EVIDENCE-INDEX.md#list.4_non_goals_and_hard_boundaries.108.14","not_claimed","No specific Grok implementation claim; Codex assigns Phase-14 classification from independent evidence review","list.4_non_goals_and_hard_boundaries.108.14","108","f0360338e9c395069e1560eae10554cdade17f8214e740566a0be0fa9c2cecf2"
"prose.5_1_openclaw.114.1","evidence_requirement","The reviewed OpenClaw version already provides the required generic primitives:","OpenClaw (Grok Phase-13 coverage index; Codex classifies)","docs/execution/openclawdevelopmentplan01/PHASE-13-COVERAGE-EVIDENCE-INDEX.md#prose.5_1_openclaw.114.1","not_claimed","No specific Grok implementation claim; Codex assigns Phase-14 classification from independent evidence review","prose.5_1_openclaw.114.1","114","89138c3e122af49e1594e016cc067ba6951c8d59746b96442af30cbb563b6a1c"
"list.5_1_openclaw.116.1","task","managed MCP servers with independent enablement, transport, authentication, timeout, health, tool filter, and hot-apply behavior","OpenClaw (Grok Phase-13 coverage index; Codex classifies)","docs/execution/openclawdevelopmentplan01/PHASE-13-COVERAGE-EVIDENCE-INDEX.md#list.5_1_openclaw.116.1","not_claimed","No specific Grok implementation claim; Codex assigns Phase-14 classification from independent evidence review","list.5_1_openclaw.116.1","116","727768616457d16d1ce738fb51b5560f6ebeb3b34cdd74ee1d4414c6671607f6"
"list.5_1_openclaw.117.2","task","plugin manifests, per-plugin config, startup diagnostics, and explicit trust controls","OpenClaw (Grok Phase-13 coverage index; Codex classifies)","docs/execution/openclawdevelopmentplan01/PHASE-13-COVERAGE-EVIDENCE-INDEX.md#list.5_1_openclaw.117.2","not_claimed","No specific Grok implementation claim; Codex assigns Phase-14 classification from independent evidence review","list.5_1_openclaw.117.2","117","a685aa9dc774a382ad18045ef0c4312d71ddd64a2f7fed5a6cbe50521a4006f5"
"list.5_1_openclaw.118.3","task","`hooks.allowConversationAccess` for conversation-bearing hooks","OpenClaw (Grok Phase-13 coverage index; Codex classifies)","docs/execution/openclawdevelopmentplan01/PHASE-13-COVERAGE-EVIDENCE-INDEX.md#list.5_1_openclaw.118.3","not_claimed","No specific Grok implementation claim; Codex assigns Phase-14 classification from independent evidence review","list.5_1_openclaw.118.3","118","aabf11b2405b6064b59c4b19eda7f19c7b447145f1b6a6c087d9df32923e4886"
"list.5_1_openclaw.119.4","task","public plugin runtime helpers, including SQLite-backed keyed plugin state","OpenClaw (Grok Phase-13 coverage index; Codex classifies)","docs/execution/openclawdevelopmentplan01/PHASE-13-COVERAGE-EVIDENCE-INDEX.md#list.5_1_openclaw.119.4","not_claimed","No specific Grok implementation claim; Codex assigns Phase-14 classification from independent evidence review","list.5_1_openclaw.119.4","119","b9c2d10274f6fc1156c6f997dd8e3c4922f796c400370c19a990c3702eabb652"
"list.5_1_openclaw.120.5","task","owner-only OAuth token storage in the shared state database","OpenClaw (Grok Phase-13 coverage index; Codex classifies)","docs/execution/openclawdevelopmentplan01/PHASE-13-COVERAGE-EVIDENCE-INDEX.md#list.5_1_openclaw.120.5","not_claimed","No specific Grok implementation claim; Codex assigns Phase-14 classification from independent evidence review","list.5_1_openclaw.120.5","120","2f9ead2a5176d8692ea0ceb738e34c6b8174b77cf3c9dd0de3d2888617dfcc4f"
"list.5_1_openclaw.121.6","task","`SecretRef`-compatible plugin configuration contracts","OpenClaw (Grok Phase-13 coverage index; Codex classifies)","docs/execution/openclawdevelopmentplan01/PHASE-13-COVERAGE-EVIDENCE-INDEX.md#list.5_1_openclaw.121.6","not_claimed","No specific Grok implementation claim; Codex assigns Phase-14 classification from independent evidence review","list.5_1_openclaw.121.6","121","25d74674f60d16235cc3cda1b8ed67100b11bd86760fdacb7b9b3cb75891a8c1"
"list.5_1_openclaw.122.7","task","namespaced plugin tools, services, commands, hooks, and diagnostics","OpenClaw (Grok Phase-13 coverage index; Codex classifies)","docs/execution/openclawdevelopmentplan01/PHASE-13-COVERAGE-EVIDENCE-INDEX.md#list.5_1_openclaw.122.7","not_claimed","No specific Grok implementation claim; Codex assigns Phase-14 classification from independent evidence review","list.5_1_openclaw.122.7","122","8a8e09bb69a7e896b8e87690976b66fe566e17cd57ee7544d5862330bd426ea7"
"list.5_1_openclaw.123.8","task","typed session, agent, message, compaction, reset, subagent, tool, cron, and gateway lifecycle events","OpenClaw (Grok Phase-13 coverage index; Codex classifies)","docs/execution/openclawdevelopmentplan01/PHASE-13-COVERAGE-EVIDENCE-INDEX.md#list.5_1_openclaw.123.8","not_claimed","No specific Grok implementation claim; Codex assigns Phase-14 classification from independent evidence review","list.5_1_openclaw.123.8","123","298d214e4c23f36569d402f44a727ff348802f83e9ec914ac1338ca108927495"
"prose.5_1_openclaw.125.1","gate","No new generic core capability is assumed in the initial implementation. If the public SDK cannot provide correct ordered and crash-safe outbox behavior after a focused prototype, the implementer must stop and propose the smallest generic SDK seam. It must not reach into core internals, use raw database access, or create a sidecar queue","OpenClaw (Grok Phase-13 coverage index; Codex classifies)","docs/execution/openclawdevelopmentplan01/PHASE-13-COVERAGE-EVIDENCE-INDEX.md#prose.5_1_openclaw.125.1","not_claimed","No specific Grok implementation claim; Codex assigns Phase-14 classification from independent evidence review","prose.5_1_openclaw.125.1","125","867d34d744a73913790b92c49274f43b7af715d0854a89f340a8210cac34777d"
"prose.5_2_lisa.129.1","evidence_requirement","The sanitized planning baseline showed:","OpenClaw (Grok Phase-13 coverage index; Codex classifies)","docs/execution/openclawdevelopmentplan01/PHASE-13-COVERAGE-EVIDENCE-INDEX.md#prose.5_2_lisa.129.1","not_claimed","No specific Grok implementation claim; Codex assigns Phase-14 classification from independent evidence review","prose.5_2_lisa.129.1","129","8dd19a366ba5e29d581b77fea102ad7fc3b47fc3b2e9df03f69ce05cbc727b38"
"list.5_2_lisa.131.1","task","the `lisa` profile validates and its Gateway is reachable","OpenClaw (Grok Phase-13 coverage index; Codex classifies)","docs/execution/openclawdevelopmentplan01/PHASE-13-COVERAGE-EVIDENCE-INDEX.md#list.5_2_lisa.131.1","not_claimed","No specific Grok implementation claim; Codex assigns Phase-14 classification from independent evidence review","list.5_2_lisa.131.1","131","0a9693adbce4fc535360040f55aadfeea8aa74e6427dbb000da5e19d2fd71bd7"
"list.5_2_lisa.132.2","task","configured local agent identities include `main`, `lisa-cron`, `cursor`, and `local-coder`","OpenClaw (Grok Phase-13 coverage index; Codex classifies)","docs/execution/openclawdevelopmentplan01/PHASE-13-COVERAGE-EVIDENCE-INDEX.md#list.5_2_lisa.132.2","not_claimed","No specific Grok implementation claim; Codex assigns Phase-14 classification from independent evidence review","list.5_2_lisa.132.2","132","8313ac8beb2bf7e255a4576f1223f6608f0ed1d2eb1d7b818fa061fefbe876ba"
"list.5_2_lisa.133.3","task","native memory uses the current local OpenClaw path and remains in place","OpenClaw (Grok Phase-13 coverage index; Codex classifies)","docs/execution/openclawdevelopmentplan01/PHASE-13-COVERAGE-EVIDENCE-INDEX.md#list.5_2_lisa.133.3","not_claimed","No specific Grok implementation claim; Codex assigns Phase-14 classification from independent evidence review","list.5_2_lisa.133.3","133","e284570a57d829dd47ed8995e7cc21aa19b27bed0a5ea36e8eec7c8c4a649be5"
"list.5_2_lisa.134.4","task","native heartbeat is disabled and remains unchanged","OpenClaw (Grok Phase-13 coverage index; Codex classifies)","docs/execution/openclawdevelopmentplan01/PHASE-13-COVERAGE-EVIDENCE-INDEX.md#list.5_2_lisa.134.4","not_claimed","No specific Grok implementation claim; Codex assigns Phase-14 classification from independent evidence review","list.5_2_lisa.134.4","134","510db691bc3bcbc4aeca4a3adcf7d97d496bfd5048787790f73dd04eded59746"
"list.5_2_lisa.135.5","task","Telegram, Google Chat, cron, sessions, and native skill inventory are present and remain in place","OpenClaw (Grok Phase-13 coverage index; Codex classifies)","docs/execution/openclawdevelopmentplan01/PHASE-13-COVERAGE-EVIDENCE-INDEX.md#list.5_2_lisa.135.5","not_claimed","No specific Grok implementation claim; Codex assigns Phase-14 classification from independent evidence review","list.5_2_lisa.135.5","135","7d31766c3b0b04e067b1fecbd3d661842fc2cbd6b8d6b47b3b04d6abb3c88842"
"list.5_2_lisa.136.6","task","there are no managed MCP servers configured for Lisa","OpenClaw (Grok Phase-13 coverage index; Codex classifies)","docs/execution/openclawdevelopmentplan01/PHASE-13-COVERAGE-EVIDENCE-INDEX.md#list.5_2_lisa.136.6","not_claimed","No specific Grok implementation claim; Codex assigns Phase-14 classification from independent evidence review","list.5_2_lisa.136.6","136","1687cbf5ea06887b8423f363d52ae877dd9cb5d83696dda244b6ceb2e86101d6"
"list.5_2_lisa.137.7","task","there is no `skills.load.extraDirs` LiNKskills integration","OpenClaw (Grok Phase-13 coverage index; Codex classifies)","docs/execution/openclawdevelopmentplan01/PHASE-13-COVERAGE-EVIDENCE-INDEX.md#list.5_2_lisa.137.7","not_claimed","No specific Grok implementation claim; Codex assigns Phase-14 classification from independent evidence review","list.5_2_lisa.137.7","137","2f42defbf6941fd8a6e5d9d96092b3b24b6fd5fc8e5bec7ce44c3fd77c510f9f"
"list.5_2_lisa.138.8","task","there is no verified live LiNKbrain or LiNKskills consumer wiring","OpenClaw (Grok Phase-13 coverage index; Codex classifies)","docs/execution/openclawdevelopmentplan01/PHASE-13-COVERAGE-EVIDENCE-INDEX.md#list.5_2_lisa.138.8","not_claimed","No specific Grok implementation claim; Codex assigns Phase-14 classification from independent evidence review","list.5_2_lisa.138.8","138","4f9ccb89cd357a021392a3aada1b697570440f76b58e748db77f09951b531893"
"prose.5_2_lisa.140.1","gate","This baseline must be refreshed, sanitized, and recorded at implementation start. Do not copy message bodies, memory contents, tokens, OAuth material, or other private data into repository evidence","OpenClaw (Grok Phase-13 coverage index; Codex classifies)","docs/execution/openclawdevelopmentplan01/PHASE-13-COVERAGE-EVIDENCE-INDEX.md#prose.5_2_lisa.140.1","not_claimed","No specific Grok implementation claim; Codex assigns Phase-14 classification from independent evidence review","prose.5_2_lisa.140.1","140","3e6fd98bb938d95ac562d77969156fe6301b946a7b6c2bb81222075d4aa9235c"
"prose.5_3_platform_environments.144.1","evidence_requirement","Stage and production Platform projects are recorded but inactive. Until the Platform owner proves environment readiness, OpenClaw work is limited to source implementation, local contract fakes, static validation, and trusted isolated tests","Platform / Principal / Cursor maintenance (as labeled)","BLOCK: live/external gate named in plan item; OpenClaw fake-tier work is not live proof (docs/execution/openclawdevelopmentplan01/PHASE-13-PROVISIONAL-GROK-HANDOFF.md)","blocked","Label requires live/external proof beyond fake-tier OpenClaw work","prose.5_3_platform_environments.144.1","144","994f8a97edf1bcacc27a4d7fc70508f632b0966e61d9ce39d41a89c9a1b4cf60"
"prose.5_3_platform_environments.146.1","gate","A fake may prove OpenClaw behavior. It may not prove stage service availability, production service availability, real credential lifecycle, migration state, backup/restore, audit, or Librarian operation","Platform / Principal / Cursor maintenance (as labeled)","BLOCK: live/external gate named in plan item; OpenClaw fake-tier work is not live proof (docs/execution/openclawdevelopmentplan01/PHASE-13-PROVISIONAL-GROK-HANDOFF.md)","blocked","Label requires live/external proof beyond fake-tier OpenClaw work","prose.5_3_platform_environments.146.1","146","4feba752770b869f39e5d7023c325ab318a2366a7275e62783356304aa861862"
"prose.6_canonical_actor_and_runtime_binding_mapping.150.1","evidence_requirement","Lisa is one canonical Platform actor. OpenClaw installations, runtime bindings, credentials, agents, sessions, channels, tasks, runs, cron executions, and subagents are subordinate records, not automatically new actors","OpenClaw (Grok Phase-13 coverage index; Codex classifies)","docs/execution/openclawdevelopmentplan01/PHASE-13-COVERAGE-EVIDENCE-INDEX.md#prose.6_canonical_actor_and_runtime_binding_mapping.150.1","not_claimed","No specific Grok implementation claim; Codex assigns Phase-14 classification from independent evidence review","prose.6_canonical_actor_and_runtime_binding_mapping.150.1","150","4266fde7d92de03d3d037d8b3818b1d9975db8fcd11bc0e6547b8d3aa9a1e0c5"
"table.6_1_required_mapping.154.7","evidence_requirement","OpenClaw concept | Platform concept | Rule","OpenClaw (Grok Phase-13 coverage index; Codex classifies)","docs/execution/openclawdevelopmentplan01/PHASE-13-COVERAGE-EVIDENCE-INDEX.md#table.6_1_required_mapping.154.7","not_claimed","No specific Grok implementation claim; Codex assigns Phase-14 classification from independent evidence review","table.6_1_required_mapping.154.7","154","03c534ef1dfa5a1bfb967f744d1af08933c24dc2119fdf0e06c159cc8923933b"
"table.6_1_required_mapping.156.8","evidence_requirement","Lisa human-facing agent | Canonical actor | Exactly one stable Lisa actor ID","OpenClaw (Grok Phase-13 coverage index; Codex classifies)","docs/execution/openclawdevelopmentplan01/PHASE-13-COVERAGE-EVIDENCE-INDEX.md#table.6_1_required_mapping.156.8","not_claimed","No specific Grok implementation claim; Codex assigns Phase-14 classification from independent evidence review","table.6_1_required_mapping.156.8","156","fa4f0c155c8f7392f0cd1aae83f1410fe8054fc7de079f3ecdee515f523ea1a9"
"table.6_1_required_mapping.157.9","evidence_requirement","Lisa OpenClaw profile and installation | Runtime binding | Includes opaque host identity, environment, OpenClaw version, plugin versions, and binding status","OpenClaw (Grok Phase-13 coverage index; Codex classifies)","docs/execution/openclawdevelopmentplan01/PHASE-13-COVERAGE-EVIDENCE-INDEX.md#table.6_1_required_mapping.157.9","not_claimed","No specific Grok implementation claim; Codex assigns Phase-14 classification from independent evidence review","table.6_1_required_mapping.157.9","157","23875775d5a679a2c2d1cd9d459fbe3e4f6c9d56781136264b1543193b7bf88a"
"table.6_1_required_mapping.158.10","evidence_requirement","Brain MCP client and Brain plugin | Brain consumers on the Lisa binding | Use Brain-only credential family and scopes","OpenClaw (Grok Phase-13 coverage index; Codex classifies)","docs/execution/openclawdevelopmentplan01/PHASE-13-COVERAGE-EVIDENCE-INDEX.md#table.6_1_required_mapping.158.10","not_claimed","No specific Grok implementation claim; Codex assigns Phase-14 classification from independent evidence review","table.6_1_required_mapping.158.10","158","db4e62c0275902f7f2c27f619c73be34d1f1f8baaeccfc7c9d7184cbb26a6bd3"
"table.6_1_required_mapping.159.11","evidence_requirement","Skills MCP client and Skills plugin | Skills consumers on the Lisa binding | Use Skills-only credential family and scopes","OpenClaw (Grok Phase-13 coverage index; Codex classifies)","docs/execution/openclawdevelopmentplan01/PHASE-13-COVERAGE-EVIDENCE-INDEX.md#table.6_1_required_mapping.159.11","not_claimed","No specific Grok implementation claim; Codex assigns Phase-14 classification from independent evidence review","table.6_1_required_mapping.159.11","159","02b8f20c125328d946f74866ec8d3f45f63f5f76db7bee6af20ffacb93736556"
"table.6_1_required_mapping.160.12","evidence_requirement","`main` and `lisa-cron` | Subordinate local execution roles | Same Lisa actor; distinct agent/trigger metadata","OpenClaw (Grok Phase-13 coverage index; Codex classifies)","docs/execution/openclawdevelopmentplan01/PHASE-13-COVERAGE-EVIDENCE-INDEX.md#table.6_1_required_mapping.160.12","not_claimed","No specific Grok implementation claim; Codex assigns Phase-14 classification from independent evidence review","table.6_1_required_mapping.160.12","160","5b8c01213e13209250392ece76e92b89466d083a290559b5c09a5564750c6414"
"table.6_1_required_mapping.161.13","evidence_requirement","Chat/channel session | Subordinate session | Opaque session identity; no actor promotion","OpenClaw (Grok Phase-13 coverage index; Codex classifies)","docs/execution/openclawdevelopmentplan01/PHASE-13-COVERAGE-EVIDENCE-INDEX.md#table.6_1_required_mapping.161.13","not_claimed","No specific Grok implementation claim; Codex assigns Phase-14 classification from independent evidence review","table.6_1_required_mapping.161.13","161","5d13a153ba3c1c2577b1376c0ad926368f68dab494d36b68149be479260df637"
"table.6_1_required_mapping.162.14","evidence_requirement","Cron execution, agent run, tool run | Subordinate run | Carries correlation and parent relationships","OpenClaw (Grok Phase-13 coverage index; Codex classifies)","docs/execution/openclawdevelopmentplan01/PHASE-13-COVERAGE-EVIDENCE-INDEX.md#table.6_1_required_mapping.162.14","not_claimed","No specific Grok implementation claim; Codex assigns Phase-14 classification from independent evidence review","table.6_1_required_mapping.162.14","162","22a35fa09ba5d6ad9f9d904aebdb21bf88753dba460f5ad64d0f94682ea98cbd"
"table.6_1_required_mapping.163.15","evidence_requirement","Transient subagent | Subordinate execution | Same actor by default; parent session/run recorded","OpenClaw (Grok Phase-13 coverage index; Codex classifies)","docs/execution/openclawdevelopmentplan01/PHASE-13-COVERAGE-EVIDENCE-INDEX.md#table.6_1_required_mapping.163.15","not_claimed","No specific Grok implementation claim; Codex assigns Phase-14 classification from independent evidence review","table.6_1_required_mapping.163.15","163","ee4dec74c57eca19b5e503a2f7022d7ccc1c3df331c72fb55da54751182945ea"
"table.6_1_required_mapping.164.16","evidence_requirement","Durable independent consumer | Separate actor/binding only if Platform designates it | Must never inherit Lisa credentials by convenience","OpenClaw (Grok Phase-13 coverage index; Codex classifies)","docs/execution/openclawdevelopmentplan01/PHASE-13-COVERAGE-EVIDENCE-INDEX.md#table.6_1_required_mapping.164.16","not_claimed","No specific Grok implementation claim; Codex assigns Phase-14 classification from independent evidence review","table.6_1_required_mapping.164.16","164","59d2e0ecd01c7f93810e3833c87d4907655e185820cef159e0aa79f22b6f18ba"
"prose.6_2_cursor_and_local_coder_gate.168.1","evidence_requirement","Before credentials are issued, the implementer and Platform owner must classify `cursor` and `local-coder`:","OpenClaw (Grok Phase-13 coverage index; Codex classifies)","docs/execution/openclawdevelopmentplan01/PHASE-13-COVERAGE-EVIDENCE-INDEX.md#prose.6_2_cursor_and_local_coder_gate.168.1","not_claimed","No specific Grok implementation claim; Codex assigns Phase-14 classification from independent evidence review","prose.6_2_cursor_and_local_coder_gate.168.1","168","8cabcc6998d0afbe14135ecb3374508d9fff4acf7663f34acb09d112c57ca66c"
"list.6_2_cursor_and_local_coder_gate.170.1","task","if they are helper roles executing under Lisa, keep them subordinate and attach the correct parent/session/run metadata","OpenClaw (Grok Phase-13 coverage index; Codex classifies)","docs/execution/openclawdevelopmentplan01/PHASE-13-COVERAGE-EVIDENCE-INDEX.md#list.6_2_cursor_and_local_coder_gate.170.1","not_claimed","No specific Grok implementation claim; Codex assigns Phase-14 classification from independent evidence review","list.6_2_cursor_and_local_coder_gate.170.1","170","c2cd94aab7ea16226294bb382d026e7d6076449427b5b7db0f39b9a395f8903f"
"list.6_2_cursor_and_local_coder_gate.171.2","task","if either is a durable independent consumer, create a separate Platform actor and runtime binding outside this plan","OpenClaw (Grok Phase-13 coverage index; Codex classifies)","docs/execution/openclawdevelopmentplan01/PHASE-13-COVERAGE-EVIDENCE-INDEX.md#list.6_2_cursor_and_local_coder_gate.171.2","not_claimed","No specific Grok implementation claim; Codex assigns Phase-14 classification from independent evidence review","list.6_2_cursor_and_local_coder_gate.171.2","171","021cd018f892e15825752934996a55c2adb2d299ba80c8aeef3a69726f248c37"
"list.6_2_cursor_and_local_coder_gate.172.3","task","in neither case may it silently inherit Lisa's Brain or Skills credential","OpenClaw (Grok Phase-13 coverage index; Codex classifies)","docs/execution/openclawdevelopmentplan01/PHASE-13-COVERAGE-EVIDENCE-INDEX.md#list.6_2_cursor_and_local_coder_gate.172.3","not_claimed","No specific Grok implementation claim; Codex assigns Phase-14 classification from independent evidence review","list.6_2_cursor_and_local_coder_gate.172.3","172","671c7ba3bd37af52628c6d6b0e898d7ddcdc04aa232d99558a35d7d4ed4b26a1"
"prose.6_2_cursor_and_local_coder_gate.174.1","evidence_requirement","This is an acceptance classification, not a reason to create multiple Lisa actors","OpenClaw (Grok Phase-13 coverage index; Codex classifies)","docs/execution/openclawdevelopmentplan01/PHASE-13-COVERAGE-EVIDENCE-INDEX.md#prose.6_2_cursor_and_local_coder_gate.174.1","not_claimed","No specific Grok implementation claim; Codex assigns Phase-14 classification from independent evidence review","prose.6_2_cursor_and_local_coder_gate.174.1","174","ac068435afb4a5ffb9960a31b383b2625fed464c0d27217f310dd65c6a23deeb"
"prose.6_3_required_claims.178.1","evidence_requirement","Every live domain credential must resolve to the Platform contract's minimum claims:","OpenClaw (Grok Phase-13 coverage index; Codex classifies)","docs/execution/openclawdevelopmentplan01/PHASE-13-COVERAGE-EVIDENCE-INDEX.md#prose.6_3_required_claims.178.1","not_claimed","No specific Grok implementation claim; Codex assigns Phase-14 classification from independent evidence review","prose.6_3_required_claims.178.1","178","847c54a61814014a4ed82850bc3f88f3f293bd28e0f4b7699be8feaf6f407d0c"
"list.6_3_required_claims.180.1","task","contract version","OpenClaw (Grok Phase-13 coverage index; Codex classifies)","docs/execution/openclawdevelopmentplan01/PHASE-13-COVERAGE-EVIDENCE-INDEX.md#list.6_3_required_claims.180.1","not_claimed","No specific Grok implementation claim; Codex assigns Phase-14 classification from independent evidence review","list.6_3_required_claims.180.1","180","a33639ad50713219b81ea145d16c8f51b6fccaa57a99c2966d351a6bf5d634ec"
"list.6_3_required_claims.181.2","task","canonical actor ID and actor kind","OpenClaw (Grok Phase-13 coverage index; Codex classifies)","docs/execution/openclawdevelopmentplan01/PHASE-13-COVERAGE-EVIDENCE-INDEX.md#list.6_3_required_claims.181.2","not_claimed","No specific Grok implementation claim; Codex assigns Phase-14 classification from independent evidence review","list.6_3_required_claims.181.2","181","24ef86a358da23017b90f9fc2ad5114406a9769776488f5d6531176a461263bb"
"list.6_3_required_claims.182.3","task","runtime binding ID","OpenClaw (Grok Phase-13 coverage index; Codex classifies)","docs/execution/openclawdevelopmentplan01/PHASE-13-COVERAGE-EVIDENCE-INDEX.md#list.6_3_required_claims.182.3","not_claimed","No specific Grok implementation claim; Codex assigns Phase-14 classification from independent evidence review","list.6_3_required_claims.182.3","182","a1291f45508af70a260a937ea66dfeef2d052cbf71cfb28c21e3b71c3d2c7fc0"
"list.6_3_required_claims.183.4","task","credential ID","OpenClaw (Grok Phase-13 coverage index; Codex classifies)","docs/execution/openclawdevelopmentplan01/PHASE-13-COVERAGE-EVIDENCE-INDEX.md#list.6_3_required_claims.183.4","not_claimed","No specific Grok implementation claim; Codex assigns Phase-14 classification from independent evidence review","list.6_3_required_claims.183.4","183","a41d170c85d886e3bdbbf924ace3607318ff60333d732c5d5483f14ea7bb2496"
"list.6_3_required_claims.184.5","task","organization or internal tenancy boundary","OpenClaw (Grok Phase-13 coverage index; Codex classifies)","docs/execution/openclawdevelopmentplan01/PHASE-13-COVERAGE-EVIDENCE-INDEX.md#list.6_3_required_claims.184.5","not_claimed","No specific Grok implementation claim; Codex assigns Phase-14 classification from independent evidence review","list.6_3_required_claims.184.5","184","a6d8c5fe0765fd7b4833669b97b0ac9344bb7712b708cfcdd2db973b5abf00f3"
"list.6_3_required_claims.185.6","task","service and allowed operation scopes","OpenClaw (Grok Phase-13 coverage index; Codex classifies)","docs/execution/openclawdevelopmentplan01/PHASE-13-COVERAGE-EVIDENCE-INDEX.md#list.6_3_required_claims.185.6","not_claimed","No specific Grok implementation claim; Codex assigns Phase-14 classification from independent evidence review","list.6_3_required_claims.185.6","185","92ec16cc87cd26cd29c3d27d56be6341be6e8b966a1e2f7eb9393e1246df692a"
"list.6_3_required_claims.186.7","task","issuer and audience","OpenClaw (Grok Phase-13 coverage index; Codex classifies)","docs/execution/openclawdevelopmentplan01/PHASE-13-COVERAGE-EVIDENCE-INDEX.md#list.6_3_required_claims.186.7","not_claimed","No specific Grok implementation claim; Codex assigns Phase-14 classification from independent evidence review","list.6_3_required_claims.186.7","186","4a524b804730b52268b59edd96f68812b698599a35227593e1e11b582003e846"
"list.6_3_required_claims.187.8","task","issued-at and expiry","OpenClaw (Grok Phase-13 coverage index; Codex classifies)","docs/execution/openclawdevelopmentplan01/PHASE-13-COVERAGE-EVIDENCE-INDEX.md#list.6_3_required_claims.187.8","not_claimed","No specific Grok implementation claim; Codex assigns Phase-14 classification from independent evidence review","list.6_3_required_claims.187.8","187","2ad0851c149907518a3fa9a546f2dd10360cbb0ebc1e76feb9f59a877e657286"
"list.6_3_required_claims.188.9","task","optional Program and repository context","OpenClaw (Grok Phase-13 coverage index; Codex classifies)","docs/execution/openclawdevelopmentplan01/PHASE-13-COVERAGE-EVIDENCE-INDEX.md#list.6_3_required_claims.188.9","not_claimed","No specific Grok implementation claim; Codex assigns Phase-14 classification from independent evidence review","list.6_3_required_claims.188.9","188","8ad3f5ddb387468c56b9da1117edb335a6f32662d264ec710d87ce25211a5e31"
"list.6_3_required_claims.189.10","task","opaque correlation identity","OpenClaw (Grok Phase-13 coverage index; Codex classifies)","docs/execution/openclawdevelopmentplan01/PHASE-13-COVERAGE-EVIDENCE-INDEX.md#list.6_3_required_claims.189.10","not_claimed","No specific Grok implementation claim; Codex assigns Phase-14 classification from independent evidence review","list.6_3_required_claims.189.10","189","b0558c0df73793268844a19f2cdf38fca14d9b4ca81ed1fe295a2640c944d00a"
"prose.6_3_required_claims.191.1","evidence_requirement","OpenClaw propagates only the minimum claim-derived context needed by the called domain. It does not mint canonical actor identity or authorize broader scopes locally","OpenClaw (Grok Phase-13 coverage index; Codex classifies)","docs/execution/openclawdevelopmentplan01/PHASE-13-COVERAGE-EVIDENCE-INDEX.md#prose.6_3_required_claims.191.1","not_claimed","No specific Grok implementation claim; Codex assigns Phase-14 classification from independent evidence review","prose.6_3_required_claims.191.1","191","2804622b3ec3830b43e5409352ee6d79bb9a7daa9a4e7fa09e8e19784abc96e5"
"prose.7_1_plugin_placement_and_packaging.232.1","evidence_requirement","Implement two thin bundled private-fork plugins:","OpenClaw (Grok Phase-13 coverage index; Codex classifies)","docs/execution/openclawdevelopmentplan01/PHASE-13-COVERAGE-EVIDENCE-INDEX.md#prose.7_1_plugin_placement_and_packaging.232.1","not_claimed","No specific Grok implementation claim; Codex assigns Phase-14 classification from independent evidence review","prose.7_1_plugin_placement_and_packaging.232.1","232","cbbe3820cccc02e24e550662934e569c61584422f71ef73018314ea398d79d58"
"list.7_1_plugin_placement_and_packaging.234.1","task","`extensions/linkbrain/`","OpenClaw (Grok Phase-13 coverage index; Codex classifies)","docs/execution/openclawdevelopmentplan01/PHASE-13-COVERAGE-EVIDENCE-INDEX.md#list.7_1_plugin_placement_and_packaging.234.1","not_claimed","No specific Grok implementation claim; Codex assigns Phase-14 classification from independent evidence review","list.7_1_plugin_placement_and_packaging.234.1","234","2a4319ea9c4e97476c8b744b90930e0cf9802a2e060f1e19b949000a9f926ced"
"list.7_1_plugin_placement_and_packaging.235.2","task","`extensions/linkskills/`","OpenClaw (Grok Phase-13 coverage index; Codex classifies)","docs/execution/openclawdevelopmentplan01/PHASE-13-COVERAGE-EVIDENCE-INDEX.md#list.7_1_plugin_placement_and_packaging.235.2","not_claimed","No specific Grok implementation claim; Codex assigns Phase-14 classification from independent evidence review","list.7_1_plugin_placement_and_packaging.235.2","235","1830636ad582744524da8c3484b309a6259764dd1b5427778fe9a543b03283c0"
"prose.7_1_plugin_placement_and_packaging.237.1","evidence_requirement","Each plugin must:","OpenClaw (Grok Phase-13 coverage index; Codex classifies)","docs/execution/openclawdevelopmentplan01/PHASE-13-COVERAGE-EVIDENCE-INDEX.md#prose.7_1_plugin_placement_and_packaging.237.1","not_claimed","No specific Grok implementation claim; Codex assigns Phase-14 classification from independent evidence review","prose.7_1_plugin_placement_and_packaging.237.1","237","288b1971f6a365da6527811176cacc03b08f26718ae471aa8c9f32094cfbed7d"
"list.7_1_plugin_placement_and_packaging.239.3","task","depend only on public `openclaw/plugin-sdk/*` barrels and documented runtime helpers","OpenClaw (Grok Phase-13 coverage index; Codex classifies)","docs/execution/openclawdevelopmentplan01/PHASE-13-COVERAGE-EVIDENCE-INDEX.md#list.7_1_plugin_placement_and_packaging.239.3","not_claimed","No specific Grok implementation claim; Codex assigns Phase-14 classification from independent evidence review","list.7_1_plugin_placement_and_packaging.239.3","239","ff375d52c6271f13fcdb1d5b84628baa9e7167c1aacf9eb9fe7cc0351e64f2d5"
"list.7_1_plugin_placement_and_packaging.240.4","task","contain a manifest, public entry point, narrow source modules, tests, and operator-facing diagnostics","OpenClaw (Grok Phase-13 coverage index; Codex classifies)","docs/execution/openclawdevelopmentplan01/PHASE-13-COVERAGE-EVIDENCE-INDEX.md#list.7_1_plugin_placement_and_packaging.240.4","not_claimed","No specific Grok implementation claim; Codex assigns Phase-14 classification from independent evidence review","list.7_1_plugin_placement_and_packaging.240.4","240","4a1b8662cc42e3d04f4b6a315532e271f5211a2c8ed801590ad5fe5597c17c8f"
"list.7_1_plugin_placement_and_packaging.241.5","task","remain default-disabled","OpenClaw (Grok Phase-13 coverage index; Codex classifies)","docs/execution/openclawdevelopmentplan01/PHASE-13-COVERAGE-EVIDENCE-INDEX.md#list.7_1_plugin_placement_and_packaging.241.5","not_claimed","No specific Grok implementation claim; Codex assigns Phase-14 classification from independent evidence review","list.7_1_plugin_placement_and_packaging.241.5","241","77b627b3572b7e1e22c0979e17511307b4ba4e2de35a28a4d55948be2c5c37a5"
"list.7_1_plugin_placement_and_packaging.242.6","task","introduce no root dependency unless core imports it or the bundled-runtime rule requires it","OpenClaw (Grok Phase-13 coverage index; Codex classifies)","docs/execution/openclawdevelopmentplan01/PHASE-13-COVERAGE-EVIDENCE-INDEX.md#list.7_1_plugin_placement_and_packaging.242.6","not_claimed","No specific Grok implementation claim; Codex assigns Phase-14 classification from independent evidence review","list.7_1_plugin_placement_and_packaging.242.6","242","9beaf014b0892bdb60f64132998ace60133902dc9ecf98e77a528e47f0144c1e"
"list.7_1_plugin_placement_and_packaging.243.7","task","use generated inventory and build conventions already used by bundled plugins","OpenClaw (Grok Phase-13 coverage index; Codex classifies)","docs/execution/openclawdevelopmentplan01/PHASE-13-COVERAGE-EVIDENCE-INDEX.md#list.7_1_plugin_placement_and_packaging.243.7","not_claimed","No specific Grok implementation claim; Codex assigns Phase-14 classification from independent evidence review","list.7_1_plugin_placement_and_packaging.243.7","243","778132cadba799e7cd975be34ce2c3d9ab66043185f5cdc4817e3cf5ab4fb99d"
"list.7_1_plugin_placement_and_packaging.244.8","task","update `.github/labeler.yml` and required GitHub labels because these are new plugin surfaces","OpenClaw (Grok Phase-13 coverage index; Codex classifies)","docs/execution/openclawdevelopmentplan01/PHASE-13-COVERAGE-EVIDENCE-INDEX.md#list.7_1_plugin_placement_and_packaging.244.8","not_claimed","No specific Grok implementation claim; Codex assigns Phase-14 classification from independent evidence review","list.7_1_plugin_placement_and_packaging.244.8","244","9049fd14210fcce59f2336b07f82e16dfabb62bcaebf2846e2819fc6ac83efe9"
"list.7_1_plugin_placement_and_packaging.245.9","task","use a sibling scoped `AGENTS.md` only if ongoing rules genuinely differ, and then add the required `CLAUDE.md` symlink","OpenClaw (Grok Phase-13 coverage index; Codex classifies)","docs/execution/openclawdevelopmentplan01/PHASE-13-COVERAGE-EVIDENCE-INDEX.md#list.7_1_plugin_placement_and_packaging.245.9","not_claimed","No specific Grok implementation claim; Codex assigns Phase-14 classification from independent evidence review","list.7_1_plugin_placement_and_packaging.245.9","245","5da40f2a435a5fa43f2920b5e2fffb8a1fbcdbf69e3507438ebfc2e610eb1bb3"
"list.7_1_plugin_placement_and_packaging.246.10","task","remain version-locked to the OpenClaw private fork for Phase 1","OpenClaw (Grok Phase-13 coverage index; Codex classifies)","docs/execution/openclawdevelopmentplan01/PHASE-13-COVERAGE-EVIDENCE-INDEX.md#list.7_1_plugin_placement_and_packaging.246.10","not_claimed","No specific Grok implementation claim; Codex assigns Phase-14 classification from independent evidence review","list.7_1_plugin_placement_and_packaging.246.10","246","7486204ff55aac311a62dcfe16f925bc7e71713e8381de47314e7ebd0be58b94"
"prose.7_1_plugin_placement_and_packaging.248.1","evidence_requirement","The plugins are adapters, not alternate Gateways. They own OpenClaw lifecycle translation, durable delivery, local health, redaction, correlation, and feature flags. Domain authorization and business logic remain in their respective Gateways","OpenClaw (Grok Phase-13 coverage index; Codex classifies)","docs/execution/openclawdevelopmentplan01/PHASE-13-COVERAGE-EVIDENCE-INDEX.md#prose.7_1_plugin_placement_and_packaging.248.1","not_claimed","No specific Grok implementation claim; Codex assigns Phase-14 classification from independent evidence review","prose.7_1_plugin_placement_and_packaging.248.1","248","4aa9214fa5ed84291cad8cf862d43cc1a48a2e2d7b3b032acef1ea6da387f62c"
"prose.7_2_managed_mcp_placement.252.1","evidence_requirement","Configure two independent entries under `mcp.servers`:","OpenClaw (Grok Phase-13 coverage index; Codex classifies)","docs/execution/openclawdevelopmentplan01/PHASE-13-COVERAGE-EVIDENCE-INDEX.md#prose.7_2_managed_mcp_placement.252.1","not_claimed","No specific Grok implementation claim; Codex assigns Phase-14 classification from independent evidence review","prose.7_2_managed_mcp_placement.252.1","252","2f76e5b80047728c0b148e959a927307c66afd67866e8671790bb48143077578"
"list.7_2_managed_mcp_placement.254.1","task","`linkbrain`","OpenClaw (Grok Phase-13 coverage index; Codex classifies)","docs/execution/openclawdevelopmentplan01/PHASE-13-COVERAGE-EVIDENCE-INDEX.md#list.7_2_managed_mcp_placement.254.1","not_claimed","No specific Grok implementation claim; Codex assigns Phase-14 classification from independent evidence review","list.7_2_managed_mcp_placement.254.1","254","241289557cf5e20ea7a030bfc0ce45fe8ae498bde51d4626331d63e62a365fea"
"list.7_2_managed_mcp_placement.255.2","task","`linkskills`","OpenClaw (Grok Phase-13 coverage index; Codex classifies)","docs/execution/openclawdevelopmentplan01/PHASE-13-COVERAGE-EVIDENCE-INDEX.md#list.7_2_managed_mcp_placement.255.2","not_claimed","No specific Grok implementation claim; Codex assigns Phase-14 classification from independent evidence review","list.7_2_managed_mcp_placement.255.2","255","0b94110f2f59e45f448a45b95a6bbae6a8a703b02a1007cd88208f5c92640248"
"prose.7_2_managed_mcp_placement.257.1","evidence_requirement","Each entry must have its own:","OpenClaw (Grok Phase-13 coverage index; Codex classifies)","docs/execution/openclawdevelopmentplan01/PHASE-13-COVERAGE-EVIDENCE-INDEX.md#prose.7_2_managed_mcp_placement.257.1","not_claimed","No specific Grok implementation claim; Codex assigns Phase-14 classification from independent evidence review","prose.7_2_managed_mcp_placement.257.1","257","a01b6c1973be9e91f13b8c4f0c9ac8b21c7b04379c08701083ad6e5bc90957a8"
"list.7_2_managed_mcp_placement.259.3","task","endpoint and transport","OpenClaw (Grok Phase-13 coverage index; Codex classifies)","docs/execution/openclawdevelopmentplan01/PHASE-13-COVERAGE-EVIDENCE-INDEX.md#list.7_2_managed_mcp_placement.259.3","not_claimed","No specific Grok implementation claim; Codex assigns Phase-14 classification from independent evidence review","list.7_2_managed_mcp_placement.259.3","259","17f7f6b9ab88b47b153166c2e2a4cd86cc86cc26401f37523b3248663f727375"
"list.7_2_managed_mcp_placement.260.4","task","enabled flag","OpenClaw (Grok Phase-13 coverage index; Codex classifies)","docs/execution/openclawdevelopmentplan01/PHASE-13-COVERAGE-EVIDENCE-INDEX.md#list.7_2_managed_mcp_placement.260.4","not_claimed","No specific Grok implementation claim; Codex assigns Phase-14 classification from independent evidence review","list.7_2_managed_mcp_placement.260.4","260","42068917ba3320abba075f7aed8f850b3459b6168c9dbf88770eb39b5961bf0a"
"list.7_2_managed_mcp_placement.261.5","task","timeout and repeated-failure behavior","OpenClaw (Grok Phase-13 coverage index; Codex classifies)","docs/execution/openclawdevelopmentplan01/PHASE-13-COVERAGE-EVIDENCE-INDEX.md#list.7_2_managed_mcp_placement.261.5","not_claimed","No specific Grok implementation claim; Codex assigns Phase-14 classification from independent evidence review","list.7_2_managed_mcp_placement.261.5","261","2deca6500b66bb038cac77b16a91fd4d679955d48d1d0d1c014afcad9fd70846"
"list.7_2_managed_mcp_placement.262.6","task","tool allow/filter policy","OpenClaw (Grok Phase-13 coverage index; Codex classifies)","docs/execution/openclawdevelopmentplan01/PHASE-13-COVERAGE-EVIDENCE-INDEX.md#list.7_2_managed_mcp_placement.262.6","not_claimed","No specific Grok implementation claim; Codex assigns Phase-14 classification from independent evidence review","list.7_2_managed_mcp_placement.262.6","262","a4dfae80f480945d9179d0ed904c7625279a883cb1f36c6d8f8f2fd0d65ffc34"
"list.7_2_managed_mcp_placement.263.7","task","authentication configuration","OpenClaw (Grok Phase-13 coverage index; Codex classifies)","docs/execution/openclawdevelopmentplan01/PHASE-13-COVERAGE-EVIDENCE-INDEX.md#list.7_2_managed_mcp_placement.263.7","not_claimed","No specific Grok implementation claim; Codex assigns Phase-14 classification from independent evidence review","list.7_2_managed_mcp_placement.263.7","263","894a34bd7b68c71b5ff47bdc1bbe6fe72d865185e787fed99efde5b86a7b0354"
"list.7_2_managed_mcp_placement.264.8","task","health and probe evidence","OpenClaw (Grok Phase-13 coverage index; Codex classifies)","docs/execution/openclawdevelopmentplan01/PHASE-13-COVERAGE-EVIDENCE-INDEX.md#list.7_2_managed_mcp_placement.264.8","not_claimed","No specific Grok implementation claim; Codex assigns Phase-14 classification from independent evidence review","list.7_2_managed_mcp_placement.264.8","264","002d3eecf0329bcd093a6dcbcbfc3e1f88b75263c23419e1e71b314581c72dbc"
"list.7_2_managed_mcp_placement.265.9","task","change and rollback procedure","OpenClaw (Grok Phase-13 coverage index; Codex classifies)","docs/execution/openclawdevelopmentplan01/PHASE-13-COVERAGE-EVIDENCE-INDEX.md#list.7_2_managed_mcp_placement.265.9","not_claimed","No specific Grok implementation claim; Codex assigns Phase-14 classification from independent evidence review","list.7_2_managed_mcp_placement.265.9","265","668a12fdc6423c7788c993dd86b246206a4145124eae12a5fd2de8af0ef91c23"
"prose.7_2_managed_mcp_placement.267.1","gate","The Brain plugin may submit batched capture events over a Brain HTTP endpoint when the frozen Brain contract requires a non-MCP ingestion path. That endpoint uses a Brain-only `SecretRef` and the same actor/binding claim family, but a separate credential ID or operation scope when required. It must never use the Skills credential","OpenClaw (Grok Phase-13 coverage index; Codex classifies)","docs/execution/openclawdevelopmentplan01/PHASE-13-COVERAGE-EVIDENCE-INDEX.md#prose.7_2_managed_mcp_placement.267.1","not_claimed","No specific Grok implementation claim; Codex assigns Phase-14 classification from independent evidence review","prose.7_2_managed_mcp_placement.267.1","267","44e5b94f36f585ec62a9348b737f37bdc3032af9294d08c8e4a958bbd73b8249"
"prose.7_3_authentication_compatibility_gate.271.1","evidence_requirement","Preferred order:","OpenClaw (Grok Phase-13 coverage index; Codex classifies)","docs/execution/openclawdevelopmentplan01/PHASE-13-COVERAGE-EVIDENCE-INDEX.md#prose.7_3_authentication_compatibility_gate.271.1","not_claimed","No specific Grok implementation claim; Codex assigns Phase-14 classification from independent evidence review","prose.7_3_authentication_compatibility_gate.271.1","271","6b04cb5d1cb91271e71b02dc40e4e4b5e0828ca9447e0527c4cc6826671e44d0"
"list.7_3_authentication_compatibility_gate.273.1","task","Platform issues a domain-specific OAuth-compatible credential usable through OpenClaw's native MCP OAuth or auth-profile path","OpenClaw (Grok Phase-13 coverage index; Codex classifies)","docs/execution/openclawdevelopmentplan01/PHASE-13-COVERAGE-EVIDENCE-INDEX.md#list.7_3_authentication_compatibility_gate.273.1","not_claimed","No specific Grok implementation claim; Codex assigns Phase-14 classification from independent evidence review","list.7_3_authentication_compatibility_gate.273.1","273","353e1564197945763eb150349896f53a2c9935aa6fa17ba517279acb586cb644"
"list.7_3_authentication_compatibility_gate.274.2","task","Otherwise, the Platform-approved secret injector materializes a domain-specific `SecretRef` or environment reference without putting values in Git, OpenClaw JSON, documentation, logs, or process arguments","OpenClaw (Grok Phase-13 coverage index; Codex classifies)","docs/execution/openclawdevelopmentplan01/PHASE-13-COVERAGE-EVIDENCE-INDEX.md#list.7_3_authentication_compatibility_gate.274.2","not_claimed","No specific Grok implementation claim; Codex assigns Phase-14 classification from independent evidence review","list.7_3_authentication_compatibility_gate.274.2","274","55bd50681871129e54770bb13216167b383f4d84539a7189ea94acffd4d6a6c6"
"list.7_3_authentication_compatibility_gate.275.3","task","If the Platform ADR selects a mechanism current public OpenClaw surfaces cannot consume securely, stop and raise a contract-compatibility decision. Do not paste a literal bearer token, reuse Cursor credentials, add a broad core authentication hack, or give OpenClaw database access","Platform / Principal / Cursor maintenance (as labeled)","BLOCK: live/external gate named in plan item; OpenClaw fake-tier work is not live proof (docs/execution/openclawdevelopmentplan01/PHASE-13-PROVISIONAL-GROK-HANDOFF.md)","blocked","Label requires live/external proof beyond fake-tier OpenClaw work","list.7_3_authentication_compatibility_gate.275.3","275","33af5c90101baa73cac0d310e0a63dbe83ae9b328cfd4f9f8e208defa99c5d61"
"prose.7_3_authentication_compatibility_gate.277.1","evidence_requirement","Brain and Skills authentication are independently issuable, rotatable, revocable, expirable, observable, and testable. Revoking one domain must leave the other and native OpenClaw behavior functional","OpenClaw (Grok Phase-13 coverage index; Codex classifies)","docs/execution/openclawdevelopmentplan01/PHASE-13-COVERAGE-EVIDENCE-INDEX.md#prose.7_3_authentication_compatibility_gate.277.1","not_claimed","No specific Grok implementation claim; Codex assigns Phase-14 classification from independent evidence review","prose.7_3_authentication_compatibility_gate.277.1","277","bc44ccc57f024836771a8869797d7b347dfed25b976295cf9354e5aa82580eac"
"prose.8_1_brain_allowed_flow.283.1","evidence_requirement","The Brain plugin may receive the minimum conversation-bearing data needed to satisfy the frozen capture and coordination contract. It must set `hooks.allowConversationAccess: true` explicitly and document why each registered hook needs that access","OpenClaw (Grok Phase-13 coverage index; Codex classifies)","docs/execution/openclawdevelopmentplan01/PHASE-13-COVERAGE-EVIDENCE-INDEX.md#prose.8_1_brain_allowed_flow.283.1","not_claimed","No specific Grok implementation claim; Codex assigns Phase-14 classification from independent evidence review","prose.8_1_brain_allowed_flow.283.1","283","2b028fc9c874d94dd71344cfdebb779bf63bf8e32710384a503dc530410a6a0f"
"prose.8_1_brain_allowed_flow.285.1","evidence_requirement","Allowed categories include:","OpenClaw (Grok Phase-13 coverage index; Codex classifies)","docs/execution/openclawdevelopmentplan01/PHASE-13-COVERAGE-EVIDENCE-INDEX.md#prose.8_1_brain_allowed_flow.285.1","not_claimed","No specific Grok implementation claim; Codex assigns Phase-14 classification from independent evidence review","prose.8_1_brain_allowed_flow.285.1","285","274e99eb88c8899cd59508bebf02c54ad42c3f9bef640ab59caa1d1a603c23ec"
"list.8_1_brain_allowed_flow.287.1","task","redacted user and assistant message content needed for approved capture","OpenClaw (Grok Phase-13 coverage index; Codex classifies)","docs/execution/openclawdevelopmentplan01/PHASE-13-COVERAGE-EVIDENCE-INDEX.md#list.8_1_brain_allowed_flow.287.1","not_claimed","No specific Grok implementation claim; Codex assigns Phase-14 classification from independent evidence review","list.8_1_brain_allowed_flow.287.1","287","c7fc5f52f21d91bd2830fd3936d450d8ae546390f3bb5dbe759ad3a1b3ef23cf"
"list.8_1_brain_allowed_flow.288.2","task","session, run, channel, actor-binding, and correlation metadata","OpenClaw (Grok Phase-13 coverage index; Codex classifies)","docs/execution/openclawdevelopmentplan01/PHASE-13-COVERAGE-EVIDENCE-INDEX.md#list.8_1_brain_allowed_flow.288.2","not_claimed","No specific Grok implementation claim; Codex assigns Phase-14 classification from independent evidence review","list.8_1_brain_allowed_flow.288.2","288","ae6ab3161b7e97db95cafe9c8457df37bd06a8203ee2fd563465b1f18a17ba73"
"list.8_1_brain_allowed_flow.289.3","task","compaction/reset/end boundaries needed to flush buffered capture","OpenClaw (Grok Phase-13 coverage index; Codex classifies)","docs/execution/openclawdevelopmentplan01/PHASE-13-COVERAGE-EVIDENCE-INDEX.md#list.8_1_brain_allowed_flow.289.3","not_claimed","No specific Grok implementation claim; Codex assigns Phase-14 classification from independent evidence review","list.8_1_brain_allowed_flow.289.3","289","a041b57cfe0501bf9c7893d88580c1ce6844c1c1bcc9b85a5ab5cc575476b888"
"list.8_1_brain_allowed_flow.290.4","task","explicit findings, checkpoints, handoffs, and coordination actions invoked through Brain tools","OpenClaw (Grok Phase-13 coverage index; Codex classifies)","docs/execution/openclawdevelopmentplan01/PHASE-13-COVERAGE-EVIDENCE-INDEX.md#list.8_1_brain_allowed_flow.290.4","not_claimed","No specific Grok implementation claim; Codex assigns Phase-14 classification from independent evidence review","list.8_1_brain_allowed_flow.290.4","290","7f56ef9769bc57535f01f2ec279447c353d8e3cd417c411c5fb236ce49cdc805"
"list.8_1_brain_allowed_flow.291.5","task","success/failure state and bounded diagnostic metadata","OpenClaw (Grok Phase-13 coverage index; Codex classifies)","docs/execution/openclawdevelopmentplan01/PHASE-13-COVERAGE-EVIDENCE-INDEX.md#list.8_1_brain_allowed_flow.291.5","not_claimed","No specific Grok implementation claim; Codex assigns Phase-14 classification from independent evidence review","list.8_1_brain_allowed_flow.291.5","291","6cc420fa57eef44641d84187f6d738dcfa36c385a2d501d7e8f8b04ec10254d3"
"prose.8_1_brain_allowed_flow.293.1","evidence_requirement","Excluded even from Brain capture:","OpenClaw (Grok Phase-13 coverage index; Codex classifies)","docs/execution/openclawdevelopmentplan01/PHASE-13-COVERAGE-EVIDENCE-INDEX.md#prose.8_1_brain_allowed_flow.293.1","not_claimed","No specific Grok implementation claim; Codex assigns Phase-14 classification from independent evidence review","prose.8_1_brain_allowed_flow.293.1","293","add96c0d25c0a42e68c3063b22c4fb75678cea6961b5c3a58f8a14374929c008"
"list.8_1_brain_allowed_flow.295.6","task","hidden chain-of-thought or model reasoning","OpenClaw (Grok Phase-13 coverage index; Codex classifies)","docs/execution/openclawdevelopmentplan01/PHASE-13-COVERAGE-EVIDENCE-INDEX.md#list.8_1_brain_allowed_flow.295.6","not_claimed","No specific Grok implementation claim; Codex assigns Phase-14 classification from independent evidence review","list.8_1_brain_allowed_flow.295.6","295","5090a40cb1a2470114d1696670dbf9d464d2eafb9d95b99958e5ec415607c0c8"
"list.8_1_brain_allowed_flow.296.7","task","system/developer prompt bodies unless an upstream contract and Principal approval explicitly require them","OpenClaw (Grok Phase-13 coverage index; Codex classifies)","docs/execution/openclawdevelopmentplan01/PHASE-13-COVERAGE-EVIDENCE-INDEX.md#list.8_1_brain_allowed_flow.296.7","not_claimed","No specific Grok implementation claim; Codex assigns Phase-14 classification from independent evidence review","list.8_1_brain_allowed_flow.296.7","296","4b68fc2cbcb0c531293482910030ef6835ce8883c51982e1d1b8bfc726350072"
"list.8_1_brain_allowed_flow.297.8","task","secret values, tokens, private keys, OAuth material, or credential payloads","OpenClaw (Grok Phase-13 coverage index; Codex classifies)","docs/execution/openclawdevelopmentplan01/PHASE-13-COVERAGE-EVIDENCE-INDEX.md#list.8_1_brain_allowed_flow.297.8","not_claimed","No specific Grok implementation claim; Codex assigns Phase-14 classification from independent evidence review","list.8_1_brain_allowed_flow.297.8","297","de98d6afc604480546785aa0976e7ad3adb6611593e2320ea1b713337ec728e0"
"list.8_1_brain_allowed_flow.298.9","task","unbounded raw tool outputs, attachments, or binary content","OpenClaw (Grok Phase-13 coverage index; Codex classifies)","docs/execution/openclawdevelopmentplan01/PHASE-13-COVERAGE-EVIDENCE-INDEX.md#list.8_1_brain_allowed_flow.298.9","not_claimed","No specific Grok implementation claim; Codex assigns Phase-14 classification from independent evidence review","list.8_1_brain_allowed_flow.298.9","298","07065c1d875d56a2f7ee9ba7e097b750220395e8143bd25b9c5052330e87370f"
"list.8_1_brain_allowed_flow.299.10","task","unrelated private memory, messages, email, or user data","OpenClaw (Grok Phase-13 coverage index; Codex classifies)","docs/execution/openclawdevelopmentplan01/PHASE-13-COVERAGE-EVIDENCE-INDEX.md#list.8_1_brain_allowed_flow.299.10","not_claimed","No specific Grok implementation claim; Codex assigns Phase-14 classification from independent evidence review","list.8_1_brain_allowed_flow.299.10","299","1dd5326dba5ba31be0426b20c373899f0d890229011d5ceecee255b1d275358c"
"prose.8_2_skills_allowed_flow.303.1","evidence_requirement","The Skills plugin must not enable conversation access and must not register a hook whose event contains prompt, message, conversation, or content fields merely because the current hook gate does not classify that hook as conversation-bearing","OpenClaw (Grok Phase-13 coverage index; Codex classifies)","docs/execution/openclawdevelopmentplan01/PHASE-13-COVERAGE-EVIDENCE-INDEX.md#prose.8_2_skills_allowed_flow.303.1","not_claimed","No specific Grok implementation claim; Codex assigns Phase-14 classification from independent evidence review","prose.8_2_skills_allowed_flow.303.1","303","1ea9a2a0c4cae4f7f02b215864711c80a615196086f1ae55139d61d2d92827d8"
"prose.8_2_skills_allowed_flow.305.1","evidence_requirement","Skills may receive only contract-approved structured facts such as:","OpenClaw (Grok Phase-13 coverage index; Codex classifies)","docs/execution/openclawdevelopmentplan01/PHASE-13-COVERAGE-EVIDENCE-INDEX.md#prose.8_2_skills_allowed_flow.305.1","not_claimed","No specific Grok implementation claim; Codex assigns Phase-14 classification from independent evidence review","prose.8_2_skills_allowed_flow.305.1","305","e845ec574d712cc5c9497eef01275867b1ea23882d46bc1910ed75c964e71d09"
"list.8_2_skills_allowed_flow.307.1","task","skill requested, candidate set, selected skill, immutable release hash, and execution profile","OpenClaw (Grok Phase-13 coverage index; Codex classifies)","docs/execution/openclawdevelopmentplan01/PHASE-13-COVERAGE-EVIDENCE-INDEX.md#list.8_2_skills_allowed_flow.307.1","not_claimed","No specific Grok implementation claim; Codex assigns Phase-14 classification from independent evidence review","list.8_2_skills_allowed_flow.307.1","307","b11b6f620356bf35a205c2a515ec87dbe1bd1ddad9dace0b07009d4e4f4874cf"
"list.8_2_skills_allowed_flow.308.2","task","run started, updated, completed, or failed","OpenClaw (Grok Phase-13 coverage index; Codex classifies)","docs/execution/openclawdevelopmentplan01/PHASE-13-COVERAGE-EVIDENCE-INDEX.md#list.8_2_skills_allowed_flow.308.2","not_claimed","No specific Grok implementation claim; Codex assigns Phase-14 classification from independent evidence review","list.8_2_skills_allowed_flow.308.2","308","445977b583d14124333955c316ed7037ad54ff5e8c025848562246448ede6f70"
"list.8_2_skills_allowed_flow.309.3","task","tool-resolution and tool-invocation identifiers","OpenClaw (Grok Phase-13 coverage index; Codex classifies)","docs/execution/openclawdevelopmentplan01/PHASE-13-COVERAGE-EVIDENCE-INDEX.md#list.8_2_skills_allowed_flow.309.3","not_claimed","No specific Grok implementation claim; Codex assigns Phase-14 classification from independent evidence review","list.8_2_skills_allowed_flow.309.3","309","cdc3ddee7978c258af48479a0d59ad900ecf5b400c0002ec9e25c9ce32255c83"
"list.8_2_skills_allowed_flow.310.4","task","validation outcome, duration, retry class, and bounded error taxonomy","OpenClaw (Grok Phase-13 coverage index; Codex classifies)","docs/execution/openclawdevelopmentplan01/PHASE-13-COVERAGE-EVIDENCE-INDEX.md#list.8_2_skills_allowed_flow.310.4","not_claimed","No specific Grok implementation claim; Codex assigns Phase-14 classification from independent evidence review","list.8_2_skills_allowed_flow.310.4","310","232efcf9cf097690c94074140ba4e04cdf7e21dee2ee415831a1c20d6eda445f"
"list.8_2_skills_allowed_flow.311.5","task","actor, runtime binding, session, task, run, and opaque correlation IDs","OpenClaw (Grok Phase-13 coverage index; Codex classifies)","docs/execution/openclawdevelopmentplan01/PHASE-13-COVERAGE-EVIDENCE-INDEX.md#list.8_2_skills_allowed_flow.311.5","not_claimed","No specific Grok implementation claim; Codex assigns Phase-14 classification from independent evidence review","list.8_2_skills_allowed_flow.311.5","311","c5f29181b3dec6df19a2776de104582ec02943ecc520af79bafc84c785000c81"
"list.8_2_skills_allowed_flow.312.6","task","explicit user/operator feedback and trace-candidate metadata after redaction","OpenClaw (Grok Phase-13 coverage index; Codex classifies)","docs/execution/openclawdevelopmentplan01/PHASE-13-COVERAGE-EVIDENCE-INDEX.md#list.8_2_skills_allowed_flow.312.6","not_claimed","No specific Grok implementation claim; Codex assigns Phase-14 classification from independent evidence review","list.8_2_skills_allowed_flow.312.6","312","c57b0b5d57dd3d530f0dcf931dfced7a6c9ad9c4582708f8f0fca788337a95b3"
"prose.8_2_skills_allowed_flow.314.1","gate","Skills must not receive:","OpenClaw (Grok Phase-13 coverage index; Codex classifies)","docs/execution/openclawdevelopmentplan01/PHASE-13-COVERAGE-EVIDENCE-INDEX.md#prose.8_2_skills_allowed_flow.314.1","not_claimed","No specific Grok implementation claim; Codex assigns Phase-14 classification from independent evidence review","prose.8_2_skills_allowed_flow.314.1","314","f5d0275a2af624d1d505cdfb837e7f1835b30fcb179438a998e822814937a773"
"list.8_2_skills_allowed_flow.316.7","gate","raw user or assistant messages","OpenClaw (Grok Phase-13 coverage index; Codex classifies)","docs/execution/openclawdevelopmentplan01/PHASE-13-COVERAGE-EVIDENCE-INDEX.md#list.8_2_skills_allowed_flow.316.7","not_claimed","No specific Grok implementation claim; Codex assigns Phase-14 classification from independent evidence review","list.8_2_skills_allowed_flow.316.7","316","57c9a92d4d8cc60a172608232b8fe666bdaea17af61aa6886c09352d7e6a7a45"
"list.8_2_skills_allowed_flow.317.8","gate","prompts or prompt fragments","OpenClaw (Grok Phase-13 coverage index; Codex classifies)","docs/execution/openclawdevelopmentplan01/PHASE-13-COVERAGE-EVIDENCE-INDEX.md#list.8_2_skills_allowed_flow.317.8","not_claimed","No specific Grok implementation claim; Codex assigns Phase-14 classification from independent evidence review","list.8_2_skills_allowed_flow.317.8","317","7148e9141a19d3ad68df528aa78bfaae24f3c7069eabc9ff4cc60ab092196826"
"list.8_2_skills_allowed_flow.318.9","gate","Brain search results, findings, private episodes, captures, or handoffs","OpenClaw (Grok Phase-13 coverage index; Codex classifies)","docs/execution/openclawdevelopmentplan01/PHASE-13-COVERAGE-EVIDENCE-INDEX.md#list.8_2_skills_allowed_flow.318.9","not_claimed","No specific Grok implementation claim; Codex assigns Phase-14 classification from independent evidence review","list.8_2_skills_allowed_flow.318.9","318","f68d4170eb037722c5184df6a30cd43fe963dc391a52db41152bcfc6daf41fdd"
"list.8_2_skills_allowed_flow.319.10","gate","raw tool parameters or raw tool results","OpenClaw (Grok Phase-13 coverage index; Codex classifies)","docs/execution/openclawdevelopmentplan01/PHASE-13-COVERAGE-EVIDENCE-INDEX.md#list.8_2_skills_allowed_flow.319.10","not_claimed","No specific Grok implementation claim; Codex assigns Phase-14 classification from independent evidence review","list.8_2_skills_allowed_flow.319.10","319","f6f421bd45a10ff344e19916adb562f0c9fe3c4524105f4ba401bc60b1b50785"
"list.8_2_skills_allowed_flow.320.11","gate","reasoning traces","OpenClaw (Grok Phase-13 coverage index; Codex classifies)","docs/execution/openclawdevelopmentplan01/PHASE-13-COVERAGE-EVIDENCE-INDEX.md#list.8_2_skills_allowed_flow.320.11","not_claimed","No specific Grok implementation claim; Codex assigns Phase-14 classification from independent evidence review","list.8_2_skills_allowed_flow.320.11","320","5cd7a4df9711b12283dbd3edacec3704bfac6463f4aea799c9dde295838e114f"
"list.8_2_skills_allowed_flow.321.12","gate","credentials or secret-bearing environment/config values","OpenClaw (Grok Phase-13 coverage index; Codex classifies)","docs/execution/openclawdevelopmentplan01/PHASE-13-COVERAGE-EVIDENCE-INDEX.md#list.8_2_skills_allowed_flow.321.12","not_claimed","No specific Grok implementation claim; Codex assigns Phase-14 classification from independent evidence review","list.8_2_skills_allowed_flow.321.12","321","30599f849966a22d86d5300e1edff817a4e013bf925fbba29186f6a1da3eb719"
"prose.8_3_skills_instruction_placement.325.1","evidence_requirement","LiNKskills invocation guidance must come from stable, non-conversation surfaces:","OpenClaw (Grok Phase-13 coverage index; Codex classifies)","docs/execution/openclawdevelopmentplan01/PHASE-13-COVERAGE-EVIDENCE-INDEX.md#prose.8_3_skills_instruction_placement.325.1","not_claimed","No specific Grok implementation claim; Codex assigns Phase-14 classification from independent evidence review","prose.8_3_skills_instruction_placement.325.1","325","468d1e453d85332f686765e7e38d0bc0a15352d156308d0ffb64c3f1d08717e7"
"list.8_3_skills_instruction_placement.327.1","task","MCP tool names, schemas, and descriptions","OpenClaw (Grok Phase-13 coverage index; Codex classifies)","docs/execution/openclawdevelopmentplan01/PHASE-13-COVERAGE-EVIDENCE-INDEX.md#list.8_3_skills_instruction_placement.327.1","not_claimed","No specific Grok implementation claim; Codex assigns Phase-14 classification from independent evidence review","list.8_3_skills_instruction_placement.327.1","327","f11e4b5f9f1fcb655b58e58bad6e400da8406e6b1d432ee14d0ada5a80db085a"
"list.8_3_skills_instruction_placement.328.2","task","immutable skill bundle metadata and retrieved fragments","OpenClaw (Grok Phase-13 coverage index; Codex classifies)","docs/execution/openclawdevelopmentplan01/PHASE-13-COVERAGE-EVIDENCE-INDEX.md#list.8_3_skills_instruction_placement.328.2","not_claimed","No specific Grok implementation claim; Codex assigns Phase-14 classification from independent evidence review","list.8_3_skills_instruction_placement.328.2","328","9429fa99c0f61e508c47869a677f92fbe73c52308d87a52f3b4e591b3d0e794f"
"list.8_3_skills_instruction_placement.329.3","task","explicit operator or repository instructions reviewed as ordinary configuration/documentation","OpenClaw (Grok Phase-13 coverage index; Codex classifies)","docs/execution/openclawdevelopmentplan01/PHASE-13-COVERAGE-EVIDENCE-INDEX.md#list.8_3_skills_instruction_placement.329.3","not_claimed","No specific Grok implementation claim; Codex assigns Phase-14 classification from independent evidence review","list.8_3_skills_instruction_placement.329.3","329","140bfb811ba6b956eaeacf41da10241794ad43989f329708a53c6ba41bb076aa"
"list.8_3_skills_instruction_placement.330.4","task","typed portable tool contracts","OpenClaw (Grok Phase-13 coverage index; Codex classifies)","docs/execution/openclawdevelopmentplan01/PHASE-13-COVERAGE-EVIDENCE-INDEX.md#list.8_3_skills_instruction_placement.330.4","not_claimed","No specific Grok implementation claim; Codex assigns Phase-14 classification from independent evidence review","list.8_3_skills_instruction_placement.330.4","330","4673b018ad1fac202d2b6856a7d86b05d8afb5d25010e5af7954ac2f78b7e324"
"prose.8_3_skills_instruction_placement.332.1","gate","Do not use `before_prompt_build`, `before_agent_run`, memory prompt supplements, or other dynamic conversation/prompt hooks for Skills. If later evidence shows a small generic static-guidance seam is required, propose it separately with a privacy proof; do not smuggle it through a conversation hook","OpenClaw (Grok Phase-13 coverage index; Codex classifies)","docs/execution/openclawdevelopmentplan01/PHASE-13-COVERAGE-EVIDENCE-INDEX.md#prose.8_3_skills_instruction_placement.332.1","not_claimed","No specific Grok implementation claim; Codex assigns Phase-14 classification from independent evidence review","prose.8_3_skills_instruction_placement.332.1","332","1574259120054a05f8cf7b7c2147d7f7ef0165c1c4f7f7f96ff51703b8f5bd26"
"prose.8_4_cross_domain_prohibition.336.1","gate","Correlation is opaque and joinable only under Platform audit policy. OpenClaw must not:","OpenClaw (Grok Phase-13 coverage index; Codex classifies)","docs/execution/openclawdevelopmentplan01/PHASE-13-COVERAGE-EVIDENCE-INDEX.md#prose.8_4_cross_domain_prohibition.336.1","not_claimed","No specific Grok implementation claim; Codex assigns Phase-14 classification from independent evidence review","prose.8_4_cross_domain_prohibition.336.1","336","4c1f7f6b35a9afdd837eb836684ea5c6571a4ea9167e13a6c38589c61ecb0e91"
"list.8_4_cross_domain_prohibition.338.1","gate","copy Brain payloads into Skills events","OpenClaw (Grok Phase-13 coverage index; Codex classifies)","docs/execution/openclawdevelopmentplan01/PHASE-13-COVERAGE-EVIDENCE-INDEX.md#list.8_4_cross_domain_prohibition.338.1","not_claimed","No specific Grok implementation claim; Codex assigns Phase-14 classification from independent evidence review","list.8_4_cross_domain_prohibition.338.1","338","55fcf59c82cfdf3545394ed1654e42b9924921823f88ec36a374ecf572fc68bd"
"list.8_4_cross_domain_prohibition.339.2","gate","copy Skills telemetry into Brain knowledge by default","OpenClaw (Grok Phase-13 coverage index; Codex classifies)","docs/execution/openclawdevelopmentplan01/PHASE-13-COVERAGE-EVIDENCE-INDEX.md#list.8_4_cross_domain_prohibition.339.2","not_claimed","No specific Grok implementation claim; Codex assigns Phase-14 classification from independent evidence review","list.8_4_cross_domain_prohibition.339.2","339","75ab3c666b4ba3c2beed5a1009a1cbba378f954a1151ae377b004c6c4af050f7"
"list.8_4_cross_domain_prohibition.340.3","gate","build a combined local or Platform datastore","OpenClaw (Grok Phase-13 coverage index; Codex classifies)","docs/execution/openclawdevelopmentplan01/PHASE-13-COVERAGE-EVIDENCE-INDEX.md#list.8_4_cross_domain_prohibition.340.3","not_claimed","No specific Grok implementation claim; Codex assigns Phase-14 classification from independent evidence review","list.8_4_cross_domain_prohibition.340.3","340","977a75acffcb2fbe5a3b932ce4b89afaed5d0509379108e03dc2678d49c1e04e"
"list.8_4_cross_domain_prohibition.341.4","gate","use a shared queue, dead-letter record, cursor, health state, or idempotency namespace","OpenClaw (Grok Phase-13 coverage index; Codex classifies)","docs/execution/openclawdevelopmentplan01/PHASE-13-COVERAGE-EVIDENCE-INDEX.md#list.8_4_cross_domain_prohibition.341.4","not_claimed","No specific Grok implementation claim; Codex assigns Phase-14 classification from independent evidence review","list.8_4_cross_domain_prohibition.341.4","341","2258c99bd7b4aabe6b092312674f1aeb487b58821f58bc6cf301cf54081f3ea9"
"list.8_4_cross_domain_prohibition.342.5","gate","derive one domain's authorization from the other's credential","OpenClaw (Grok Phase-13 coverage index; Codex classifies)","docs/execution/openclawdevelopmentplan01/PHASE-13-COVERAGE-EVIDENCE-INDEX.md#list.8_4_cross_domain_prohibition.342.5","not_claimed","No specific Grok implementation claim; Codex assigns Phase-14 classification from independent evidence review","list.8_4_cross_domain_prohibition.342.5","342","2a7fa033812272ccc2ed3327d2f506b408530672e944dce533ff75072a68afb7"
"prose.9_1_brain_managed_tools.348.1","evidence_requirement","The `linkbrain` managed MCP entry exposes only the frozen Brain tool families allowed for Lisa:","OpenClaw (Grok Phase-13 coverage index; Codex classifies)","docs/execution/openclawdevelopmentplan01/PHASE-13-COVERAGE-EVIDENCE-INDEX.md#prose.9_1_brain_managed_tools.348.1","not_claimed","No specific Grok implementation claim; Codex assigns Phase-14 classification from independent evidence review","prose.9_1_brain_managed_tools.348.1","348","9a7227211cb53d3d7804726cd9cc2cf3a3885fdf434c242e495f64cad6d9f095"
"list.9_1_brain_managed_tools.350.1","task","knowledge: `brain_browse`, `brain_search`, `brain_load`, `brain_append_finding`","OpenClaw (Grok Phase-13 coverage index; Codex classifies)","docs/execution/openclawdevelopmentplan01/PHASE-13-COVERAGE-EVIDENCE-INDEX.md#list.9_1_brain_managed_tools.350.1","not_claimed","No specific Grok implementation claim; Codex assigns Phase-14 classification from independent evidence review","list.9_1_brain_managed_tools.350.1","350","705b55c73fb9ce62484dace652a70b3b4a7370f0498ef7852b3231d769e4e975"
"list.9_1_brain_managed_tools.351.2","task","private capture and episodes: `brain_capture_batch`, `brain_episode_checkpoint`, `brain_private_search`, `brain_private_load`","OpenClaw (Grok Phase-13 coverage index; Codex classifies)","docs/execution/openclawdevelopmentplan01/PHASE-13-COVERAGE-EVIDENCE-INDEX.md#list.9_1_brain_managed_tools.351.2","not_claimed","No specific Grok implementation claim; Codex assigns Phase-14 classification from independent evidence review","list.9_1_brain_managed_tools.351.2","351","faf7e3ccf49dcf58412d46b8b2abb33ccfcec42cf9ece9ec899de2f0f9ddeebb"
"list.9_1_brain_managed_tools.352.3","task","coordination: `brain_task_start`, `brain_task_update`, `brain_inbox_read`, `brain_conflict_respond`, `brain_message_send`, `brain_checkpoint_write`, `brain_handoff_create`, `brain_handoff_accept`, `brain_task_close`","OpenClaw (Grok Phase-13 coverage index; Codex classifies)","docs/execution/openclawdevelopmentplan01/PHASE-13-COVERAGE-EVIDENCE-INDEX.md#list.9_1_brain_managed_tools.352.3","not_claimed","No specific Grok implementation claim; Codex assigns Phase-14 classification from independent evidence review","list.9_1_brain_managed_tools.352.3","352","a83b0bf8a3a0a5497e3484da8711aa72e98c01fb95db6f2ecd7a20da7793091d"
"prose.9_1_brain_managed_tools.354.1","evidence_requirement","Every Brain write carries an idempotency key. `brain_task_start` retains the upstream transactional contract. Tool filters default-deny any unreviewed Brain tool","OpenClaw (Grok Phase-13 coverage index; Codex classifies)","docs/execution/openclawdevelopmentplan01/PHASE-13-COVERAGE-EVIDENCE-INDEX.md#prose.9_1_brain_managed_tools.354.1","not_claimed","No specific Grok implementation claim; Codex assigns Phase-14 classification from independent evidence review","prose.9_1_brain_managed_tools.354.1","354","3f8e646785e6f80ad9b2e50f88a91cd44e92a3b194aaa6f878e7219df8d4dc39"
"prose.9_2_skills_managed_tools.358.1","evidence_requirement","The `linkskills` managed MCP entry exposes only the frozen Skills tool families allowed for Lisa:","OpenClaw (Grok Phase-13 coverage index; Codex classifies)","docs/execution/openclawdevelopmentplan01/PHASE-13-COVERAGE-EVIDENCE-INDEX.md#prose.9_2_skills_managed_tools.358.1","not_claimed","No specific Grok implementation claim; Codex assigns Phase-14 classification from independent evidence review","prose.9_2_skills_managed_tools.358.1","358","dad9aec3d3824e8465e5f0360242c903f8a4bee57783d842095f09fab3a7a31a"
"list.9_2_skills_managed_tools.360.1","task","discovery: `skills_list`, `skills_search`, `skills_describe`, `skills_fragment_get`, `skills_release_get`","OpenClaw (Grok Phase-13 coverage index; Codex classifies)","docs/execution/openclawdevelopmentplan01/PHASE-13-COVERAGE-EVIDENCE-INDEX.md#list.9_2_skills_managed_tools.360.1","not_claimed","No specific Grok implementation claim; Codex assigns Phase-14 classification from independent evidence review","list.9_2_skills_managed_tools.360.1","360","54921ea86669514707064bc7f43321f84ae9291cb7b69756bc37df7bcabded71"
"list.9_2_skills_managed_tools.361.2","task","runs: `skills_run_start`, `skills_run_update`, `skills_run_complete`, `skills_run_fail`","OpenClaw (Grok Phase-13 coverage index; Codex classifies)","docs/execution/openclawdevelopmentplan01/PHASE-13-COVERAGE-EVIDENCE-INDEX.md#list.9_2_skills_managed_tools.361.2","not_claimed","No specific Grok implementation claim; Codex assigns Phase-14 classification from independent evidence review","list.9_2_skills_managed_tools.361.2","361","dbb6196af028d04dacb615cf3d2bd8245ac6aee012a3d2307722f6398b695a86"
"list.9_2_skills_managed_tools.362.3","task","tool mediation: `skills_tool_resolve`, `skills_tool_invoke`","OpenClaw (Grok Phase-13 coverage index; Codex classifies)","docs/execution/openclawdevelopmentplan01/PHASE-13-COVERAGE-EVIDENCE-INDEX.md#list.9_2_skills_managed_tools.362.3","not_claimed","No specific Grok implementation claim; Codex assigns Phase-14 classification from independent evidence review","list.9_2_skills_managed_tools.362.3","362","43b426106e2d3eda0171c116ad86d2130a0136c67a1be81c9b6a9766995006ff"
"list.9_2_skills_managed_tools.363.4","task","validation: `skills_input_validate`, `skills_output_validate`","OpenClaw (Grok Phase-13 coverage index; Codex classifies)","docs/execution/openclawdevelopmentplan01/PHASE-13-COVERAGE-EVIDENCE-INDEX.md#list.9_2_skills_managed_tools.363.4","not_claimed","No specific Grok implementation claim; Codex assigns Phase-14 classification from independent evidence review","list.9_2_skills_managed_tools.363.4","363","ffc233a4716dc496718ee78438e609cdbd7e04de0928501542e83fd8674a1f76"
"list.9_2_skills_managed_tools.364.5","task","evidence: `skills_feedback_submit`, `skills_trace_candidate_submit`","OpenClaw (Grok Phase-13 coverage index; Codex classifies)","docs/execution/openclawdevelopmentplan01/PHASE-13-COVERAGE-EVIDENCE-INDEX.md#list.9_2_skills_managed_tools.364.5","not_claimed","No specific Grok implementation claim; Codex assigns Phase-14 classification from independent evidence review","list.9_2_skills_managed_tools.364.5","364","525f81d7e7c6c18c88496794028f27b2a705e712b0f11ee3bec56c973dcecc3d"
"prose.9_2_skills_managed_tools.366.1","gate","Lisa executes immutable published releases by exact hash and a compatible certified execution profile. Production must not execute a mutable Git checkout, an unpinned fragment, or a prompt-only certification result","Platform / Principal / Cursor maintenance (as labeled)","BLOCK: live/external gate named in plan item; OpenClaw fake-tier work is not live proof (docs/execution/openclawdevelopmentplan01/PHASE-13-PROVISIONAL-GROK-HANDOFF.md)","blocked","Label requires live/external proof beyond fake-tier OpenClaw work","prose.9_2_skills_managed_tools.366.1","366","792e0cf81ea8454c1c02cc1a4a8d0e2adf553de046ae890ec1ed8830d9c81d29"
"prose.9_3_contract_fixtures.370.1","evidence_requirement","Before adapter logic, commit owner-approved sanitized fixtures for:","OpenClaw (Grok Phase-13 coverage index; Codex classifies)","docs/execution/openclawdevelopmentplan01/PHASE-13-COVERAGE-EVIDENCE-INDEX.md#prose.9_3_contract_fixtures.370.1","not_claimed","No specific Grok implementation claim; Codex assigns Phase-14 classification from independent evidence review","prose.9_3_contract_fixtures.370.1","370","66f11b5199c93a4d0e463a7ea30a50eb583a0e7069feb38f68b74cbba50aaff0"
"list.9_3_contract_fixtures.372.1","task","positive and negative identity claims","OpenClaw (Grok Phase-13 coverage index; Codex classifies)","docs/execution/openclawdevelopmentplan01/PHASE-13-COVERAGE-EVIDENCE-INDEX.md#list.9_3_contract_fixtures.372.1","not_claimed","No specific Grok implementation claim; Codex assigns Phase-14 classification from independent evidence review","list.9_3_contract_fixtures.372.1","372","2fa8c31bce26ff6a5df2997e58f1f040b97b5929906e70286904bc673fe9c90c"
"list.9_3_contract_fixtures.373.2","task","expired, revoked, wrong-audience, and wrong-scope credentials","OpenClaw (Grok Phase-13 coverage index; Codex classifies)","docs/execution/openclawdevelopmentplan01/PHASE-13-COVERAGE-EVIDENCE-INDEX.md#list.9_3_contract_fixtures.373.2","not_claimed","No specific Grok implementation claim; Codex assigns Phase-14 classification from independent evidence review","list.9_3_contract_fixtures.373.2","373","785c63ef3a93f717d95eb79fd98d40467b8da97a1fd359debc28fc100afc07c7"
"list.9_3_contract_fixtures.374.3","task","every enabled tool request/response and error class","OpenClaw (Grok Phase-13 coverage index; Codex classifies)","docs/execution/openclawdevelopmentplan01/PHASE-13-COVERAGE-EVIDENCE-INDEX.md#list.9_3_contract_fixtures.374.3","not_claimed","No specific Grok implementation claim; Codex assigns Phase-14 classification from independent evidence review","list.9_3_contract_fixtures.374.3","374","88a7ff314e308bad436b7f68a56a2c569ead8e178611ae228c78e5b29254f280"
"list.9_3_contract_fixtures.375.4","task","Brain capture batches and lifecycle events","OpenClaw (Grok Phase-13 coverage index; Codex classifies)","docs/execution/openclawdevelopmentplan01/PHASE-13-COVERAGE-EVIDENCE-INDEX.md#list.9_3_contract_fixtures.375.4","not_claimed","No specific Grok implementation claim; Codex assigns Phase-14 classification from independent evidence review","list.9_3_contract_fixtures.375.4","375","bf14ced88d10948e551be431227baa1a30a27d6928dd6ef45c048a0ba26d6b93"
"list.9_3_contract_fixtures.376.5","task","Skills structured telemetry and validation outcomes","OpenClaw (Grok Phase-13 coverage index; Codex classifies)","docs/execution/openclawdevelopmentplan01/PHASE-13-COVERAGE-EVIDENCE-INDEX.md#list.9_3_contract_fixtures.376.5","not_claimed","No specific Grok implementation claim; Codex assigns Phase-14 classification from independent evidence review","list.9_3_contract_fixtures.376.5","376","4b5fae0d46bec2fc519c5b37fcefd2f6420dc67aa55b17b2ab4092fa8f57121c"
"list.9_3_contract_fixtures.377.6","task","duplicate idempotency keys and replay responses","OpenClaw (Grok Phase-13 coverage index; Codex classifies)","docs/execution/openclawdevelopmentplan01/PHASE-13-COVERAGE-EVIDENCE-INDEX.md#list.9_3_contract_fixtures.377.6","not_claimed","No specific Grok implementation claim; Codex assigns Phase-14 classification from independent evidence review","list.9_3_contract_fixtures.377.6","377","357968936e2ce18a18ca5566785233a2959166df773c00412a8887e6d54a48dc"
"list.9_3_contract_fixtures.378.7","task","retryable, terminal, throttled, and authentication failures","OpenClaw (Grok Phase-13 coverage index; Codex classifies)","docs/execution/openclawdevelopmentplan01/PHASE-13-COVERAGE-EVIDENCE-INDEX.md#list.9_3_contract_fixtures.378.7","not_claimed","No specific Grok implementation claim; Codex assigns Phase-14 classification from independent evidence review","list.9_3_contract_fixtures.378.7","378","b36d66812890e642d7d95053036ee1c9812aebf253abe8847696e670a973024e"
"list.9_3_contract_fixtures.379.8","task","health and version negotiation","OpenClaw (Grok Phase-13 coverage index; Codex classifies)","docs/execution/openclawdevelopmentplan01/PHASE-13-COVERAGE-EVIDENCE-INDEX.md#list.9_3_contract_fixtures.379.8","not_claimed","No specific Grok implementation claim; Codex assigns Phase-14 classification from independent evidence review","list.9_3_contract_fixtures.379.8","379","daa1c10ae04b87eb01797325e7311a7e1e22984cf0699aad827b8f196029f32d"
"list.9_3_contract_fixtures.380.9","task","redaction boundaries and prohibited-field rejection","OpenClaw (Grok Phase-13 coverage index; Codex classifies)","docs/execution/openclawdevelopmentplan01/PHASE-13-COVERAGE-EVIDENCE-INDEX.md#list.9_3_contract_fixtures.380.9","not_claimed","No specific Grok implementation claim; Codex assigns Phase-14 classification from independent evidence review","list.9_3_contract_fixtures.380.9","380","969ad67860e1c1f8a0e81d41498725409fb445b88c029c8cb362213e3dd28a7a"
"prose.9_3_contract_fixtures.382.1","evidence_requirement","Fixtures must contain no live identifiers, endpoints, messages, credentials, or private data","OpenClaw (Grok Phase-13 coverage index; Codex classifies)","docs/execution/openclawdevelopmentplan01/PHASE-13-COVERAGE-EVIDENCE-INDEX.md#prose.9_3_contract_fixtures.382.1","not_claimed","No specific Grok implementation claim; Codex assigns Phase-14 classification from independent evidence review","prose.9_3_contract_fixtures.382.1","382","e089ecce04ab66591fbaebad8a58dad469669e1d6eeea4d4e34bec14bb8fd6a3"
"prose.10_1_brain_lifecycle_hooks.388.1","evidence_requirement","The Brain plugin should use the smallest proven set from the current typed lifecycle surface:","OpenClaw (Grok Phase-13 coverage index; Codex classifies)","docs/execution/openclawdevelopmentplan01/PHASE-13-COVERAGE-EVIDENCE-INDEX.md#prose.10_1_brain_lifecycle_hooks.388.1","not_claimed","No specific Grok implementation claim; Codex assigns Phase-14 classification from independent evidence review","prose.10_1_brain_lifecycle_hooks.388.1","388","aa3b34d201adfb0e123b0712998960721a6474b1f61f296af553dccb2a9a4b22"
"table.10_1_brain_lifecycle_hooks.390.17","evidence_requirement","OpenClaw lifecycle | Brain action | Critical-path rule","OpenClaw (Grok Phase-13 coverage index; Codex classifies)","docs/execution/openclawdevelopmentplan01/PHASE-13-COVERAGE-EVIDENCE-INDEX.md#table.10_1_brain_lifecycle_hooks.390.17","not_claimed","No specific Grok implementation claim; Codex assigns Phase-14 classification from independent evidence review","table.10_1_brain_lifecycle_hooks.390.17","390","885709c0f115bdedaf7200b66ca0d6c10e9c644fbb5f5028beb6b5c80db6385e"
"table.10_1_brain_lifecycle_hooks.392.18","evidence_requirement","`session_start` | Start or attach opaque session context | Local bookkeeping only","OpenClaw (Grok Phase-13 coverage index; Codex classifies)","docs/execution/openclawdevelopmentplan01/PHASE-13-COVERAGE-EVIDENCE-INDEX.md#table.10_1_brain_lifecycle_hooks.392.18","not_claimed","No specific Grok implementation claim; Codex assigns Phase-14 classification from independent evidence review","table.10_1_brain_lifecycle_hooks.392.18","392","6f1a3100c2bacd8005540c09fa61582ba5da8c9da22aa87f2729e623a31ac358"
"table.10_1_brain_lifecycle_hooks.393.19","evidence_requirement","`message_received` | Enqueue approved redacted capture input | Durable local enqueue before return","OpenClaw (Grok Phase-13 coverage index; Codex classifies)","docs/execution/openclawdevelopmentplan01/PHASE-13-COVERAGE-EVIDENCE-INDEX.md#table.10_1_brain_lifecycle_hooks.393.19","not_claimed","No specific Grok implementation claim; Codex assigns Phase-14 classification from independent evidence review","table.10_1_brain_lifecycle_hooks.393.19","393","161627aafc2ffc01d178d6cfee82fa28659ac70cad4904a35f2d1984553ad555"
"table.10_1_brain_lifecycle_hooks.394.20","evidence_requirement","`agent_end` | Enqueue assistant outcome and run status | Do not perform an unbounded remote flush","OpenClaw (Grok Phase-13 coverage index; Codex classifies)","docs/execution/openclawdevelopmentplan01/PHASE-13-COVERAGE-EVIDENCE-INDEX.md#table.10_1_brain_lifecycle_hooks.394.20","not_claimed","No specific Grok implementation claim; Codex assigns Phase-14 classification from independent evidence review","table.10_1_brain_lifecycle_hooks.394.20","394","f06d31e0e4b39516346e0a7cc38ca76bd73dd93f5a4be2df1962d12864e5ee30"
"table.10_1_brain_lifecycle_hooks.395.21","evidence_requirement","`before_compaction` | Flush the current capture buffer and write a boundary checkpoint | Bounded; preserve native compaction if Brain is degraded","OpenClaw (Grok Phase-13 coverage index; Codex classifies)","docs/execution/openclawdevelopmentplan01/PHASE-13-COVERAGE-EVIDENCE-INDEX.md#table.10_1_brain_lifecycle_hooks.395.21","not_claimed","No specific Grok implementation claim; Codex assigns Phase-14 classification from independent evidence review","table.10_1_brain_lifecycle_hooks.395.21","395","c7083b4e522fbdf18c89c19785fe3fc784e3543c1a83fae2fc10c8fcc4b26c84"
"table.10_1_brain_lifecycle_hooks.396.22","evidence_requirement","`after_compaction` | Record compaction result metadata | Structured and bounded","OpenClaw (Grok Phase-13 coverage index; Codex classifies)","docs/execution/openclawdevelopmentplan01/PHASE-13-COVERAGE-EVIDENCE-INDEX.md#table.10_1_brain_lifecycle_hooks.396.22","not_claimed","No specific Grok implementation claim; Codex assigns Phase-14 classification from independent evidence review","table.10_1_brain_lifecycle_hooks.396.22","396","826ec6fda57b9a725af3436b07e298243e8f1eebfb9009cfe2be46c949d4f58b"
"table.10_1_brain_lifecycle_hooks.397.23","evidence_requirement","`before_reset` | Flush pending capture and close/reset subordinate context | Bounded; never block reset indefinitely","OpenClaw (Grok Phase-13 coverage index; Codex classifies)","docs/execution/openclawdevelopmentplan01/PHASE-13-COVERAGE-EVIDENCE-INDEX.md#table.10_1_brain_lifecycle_hooks.397.23","not_claimed","No specific Grok implementation claim; Codex assigns Phase-14 classification from independent evidence review","table.10_1_brain_lifecycle_hooks.397.23","397","8ebf75f479a6b829fc71c1400ca5ab4d56d466eb5b361c40159b3eae3defc99c"
"table.10_1_brain_lifecycle_hooks.398.24","evidence_requirement","`session_end` | Flush/close session capture state | Bounded; remainder stays durable","OpenClaw (Grok Phase-13 coverage index; Codex classifies)","docs/execution/openclawdevelopmentplan01/PHASE-13-COVERAGE-EVIDENCE-INDEX.md#table.10_1_brain_lifecycle_hooks.398.24","not_claimed","No specific Grok implementation claim; Codex assigns Phase-14 classification from independent evidence review","table.10_1_brain_lifecycle_hooks.398.24","398","dab6e4e228b4ed4942572b84d5cbc35e6724347de6c86cfbe542b65baec0c525"
"table.10_1_brain_lifecycle_hooks.399.25","evidence_requirement","`gateway_start` | Validate config, open state, start drain worker | No secret logging","OpenClaw (Grok Phase-13 coverage index; Codex classifies)","docs/execution/openclawdevelopmentplan01/PHASE-13-COVERAGE-EVIDENCE-INDEX.md#table.10_1_brain_lifecycle_hooks.399.25","not_claimed","No specific Grok implementation claim; Codex assigns Phase-14 classification from independent evidence review","table.10_1_brain_lifecycle_hooks.399.25","399","0e77cc579601b92f2213f872f135afdcf5fd8f34fb235889bdee2cdd63a3eb0d"
"table.10_1_brain_lifecycle_hooks.400.26","evidence_requirement","`gateway_stop` | Stop intake, bounded drain, persist cursor/health | Unsent records remain durable","OpenClaw (Grok Phase-13 coverage index; Codex classifies)","docs/execution/openclawdevelopmentplan01/PHASE-13-COVERAGE-EVIDENCE-INDEX.md#table.10_1_brain_lifecycle_hooks.400.26","not_claimed","No specific Grok implementation claim; Codex assigns Phase-14 classification from independent evidence review","table.10_1_brain_lifecycle_hooks.400.26","400","7c3d644b365a989288362ef4e4d66738f044b128b6bd0dba0d7a7a86d784d964"
"table.10_1_brain_lifecycle_hooks.401.27","evidence_requirement","subagent start/end | Record parent/child execution linkage | Same canonical actor by default","OpenClaw (Grok Phase-13 coverage index; Codex classifies)","docs/execution/openclawdevelopmentplan01/PHASE-13-COVERAGE-EVIDENCE-INDEX.md#table.10_1_brain_lifecycle_hooks.401.27","not_claimed","No specific Grok implementation claim; Codex assigns Phase-14 classification from independent evidence review","table.10_1_brain_lifecycle_hooks.401.27","401","9ae75058d4c69d1ccee65e682bd3f801e53dc67f012b1144b092522e3f32f31f"
"prose.10_1_brain_lifecycle_hooks.403.1","gate","`before_agent_run` or `before_prompt_build` may be added only if a specific frozen Brain requirement cannot be met through the table above. The implementer must document the additional data exposure and prove it is necessary. A timeout does not guarantee underlying work cancellation, so every async hook must have its own abort/bounds and must not leave an unowned remote operation running","OpenClaw (Grok Phase-13 coverage index; Codex classifies)","docs/execution/openclawdevelopmentplan01/PHASE-13-COVERAGE-EVIDENCE-INDEX.md#prose.10_1_brain_lifecycle_hooks.403.1","not_claimed","No specific Grok implementation claim; Codex assigns Phase-14 classification from independent evidence review","prose.10_1_brain_lifecycle_hooks.403.1","403","f6a5975fa3b50c0e5cafd903f7c0f4ff279e6715fe74ee187e498d3d427b03ce"
"prose.10_2_skills_lifecycle_collection.407.1","evidence_requirement","The Skills plugin observes only Skills-owned operations. Preferred inputs are explicit wrappers around `skills_*` MCP/tool calls and typed plugin-service callbacks, not broad capture of every OpenClaw tool","OpenClaw (Grok Phase-13 coverage index; Codex classifies)","docs/execution/openclawdevelopmentplan01/PHASE-13-COVERAGE-EVIDENCE-INDEX.md#prose.10_2_skills_lifecycle_collection.407.1","not_claimed","No specific Grok implementation claim; Codex assigns Phase-14 classification from independent evidence review","prose.10_2_skills_lifecycle_collection.407.1","407","0c7d92bc1939aafb4020855b4533e4c4c33ccebdc6f4adbad7ca982832484dae"
"list.10_2_skills_lifecycle_collection.411.1","task","filter by the exact Skills tool namespace before doing work","OpenClaw (Grok Phase-13 coverage index; Codex classifies)","docs/execution/openclawdevelopmentplan01/PHASE-13-COVERAGE-EVIDENCE-INDEX.md#list.10_2_skills_lifecycle_collection.411.1","not_claimed","No specific Grok implementation claim; Codex assigns Phase-14 classification from independent evidence review","list.10_2_skills_lifecycle_collection.411.1","411","23a1db0b21a1592bc728e148ad106a5ff02827c14650d940b3b8714ff5f33776"
"list.10_2_skills_lifecycle_collection.412.2","task","discard raw parameters and results","OpenClaw (Grok Phase-13 coverage index; Codex classifies)","docs/execution/openclawdevelopmentplan01/PHASE-13-COVERAGE-EVIDENCE-INDEX.md#list.10_2_skills_lifecycle_collection.412.2","not_claimed","No specific Grok implementation claim; Codex assigns Phase-14 classification from independent evidence review","list.10_2_skills_lifecycle_collection.412.2","412","01aba2dfa173f1cd187bceb41ca06b0195951ad3ec834adfe3152b3975800ad3"
"list.10_2_skills_lifecycle_collection.413.3","task","construct an allowlisted structured event","OpenClaw (Grok Phase-13 coverage index; Codex classifies)","docs/execution/openclawdevelopmentplan01/PHASE-13-COVERAGE-EVIDENCE-INDEX.md#list.10_2_skills_lifecycle_collection.413.3","not_claimed","No specific Grok implementation claim; Codex assigns Phase-14 classification from independent evidence review","list.10_2_skills_lifecycle_collection.413.3","413","0886333997092b59e045ed5fae3d03156443da70866cf9c3f7ea3129f09346d8"
"list.10_2_skills_lifecycle_collection.414.4","task","reject any unexpected content-bearing field","OpenClaw (Grok Phase-13 coverage index; Codex classifies)","docs/execution/openclawdevelopmentplan01/PHASE-13-COVERAGE-EVIDENCE-INDEX.md#list.10_2_skills_lifecycle_collection.414.4","not_claimed","No specific Grok implementation claim; Codex assigns Phase-14 classification from independent evidence review","list.10_2_skills_lifecycle_collection.414.4","414","62f1fb90cbfd208350c57971781f637bff6c93ae673ee9e3fd77d7cd0439eceb"
"list.10_2_skills_lifecycle_collection.415.5","task","enqueue locally and return","OpenClaw (Grok Phase-13 coverage index; Codex classifies)","docs/execution/openclawdevelopmentplan01/PHASE-13-COVERAGE-EVIDENCE-INDEX.md#list.10_2_skills_lifecycle_collection.415.5","not_claimed","No specific Grok implementation claim; Codex assigns Phase-14 classification from independent evidence review","list.10_2_skills_lifecycle_collection.415.5","415","07acbf431a64778e66e493ab63f95f61e79c8c14bc3fb3e5b1d84668ecf081fc"
"list.10_2_skills_lifecycle_collection.416.6","task","prove through tests that non-Skills tools produce no Skills event","OpenClaw (Grok Phase-13 coverage index; Codex classifies)","docs/execution/openclawdevelopmentplan01/PHASE-13-COVERAGE-EVIDENCE-INDEX.md#list.10_2_skills_lifecycle_collection.416.6","not_claimed","No specific Grok implementation claim; Codex assigns Phase-14 classification from independent evidence review","list.10_2_skills_lifecycle_collection.416.6","416","c597e0efd4cd1e6917c140881b38d7a621dd5dfb3f0ee6935c4efe00a1f41713"
"prose.10_3_native_lifecycle_preservation.420.1","gate","Brain or Skills degradation must not silently disable or replace:","OpenClaw (Grok Phase-13 coverage index; Codex classifies)","docs/execution/openclawdevelopmentplan01/PHASE-13-COVERAGE-EVIDENCE-INDEX.md#prose.10_3_native_lifecycle_preservation.420.1","not_claimed","No specific Grok implementation claim; Codex assigns Phase-14 classification from independent evidence review","prose.10_3_native_lifecycle_preservation.420.1","420","8480bec38e8352b590c0e81eebbb06bfdfddebc219f81682eed704dc185a4891"
"list.10_3_native_lifecycle_preservation.422.1","gate","local memory writes and retrieval","OpenClaw (Grok Phase-13 coverage index; Codex classifies)","docs/execution/openclawdevelopmentplan01/PHASE-13-COVERAGE-EVIDENCE-INDEX.md#list.10_3_native_lifecycle_preservation.422.1","not_claimed","No specific Grok implementation claim; Codex assigns Phase-14 classification from independent evidence review","list.10_3_native_lifecycle_preservation.422.1","422","b2acdc66dc3315a81c5b569e2019cd591f50fabe945f4d39440d8011eb53dc6a"
"list.10_3_native_lifecycle_preservation.423.2","gate","compaction and reset","OpenClaw (Grok Phase-13 coverage index; Codex classifies)","docs/execution/openclawdevelopmentplan01/PHASE-13-COVERAGE-EVIDENCE-INDEX.md#list.10_3_native_lifecycle_preservation.423.2","not_claimed","No specific Grok implementation claim; Codex assigns Phase-14 classification from independent evidence review","list.10_3_native_lifecycle_preservation.423.2","423","f52a7cf055cc89991ded09c798a9f3142bfc42847759a28beaacf2f9ff86ccdb"
"list.10_3_native_lifecycle_preservation.424.3","gate","normal message delivery","OpenClaw (Grok Phase-13 coverage index; Codex classifies)","docs/execution/openclawdevelopmentplan01/PHASE-13-COVERAGE-EVIDENCE-INDEX.md#list.10_3_native_lifecycle_preservation.424.3","not_claimed","No specific Grok implementation claim; Codex assigns Phase-14 classification from independent evidence review","list.10_3_native_lifecycle_preservation.424.3","424","b46784e154b8fcd55bed3c7851e603dc51d3e0eb76df6a22bc694631d608872a"
"list.10_3_native_lifecycle_preservation.425.4","gate","existing cron jobs","OpenClaw (Grok Phase-13 coverage index; Codex classifies)","docs/execution/openclawdevelopmentplan01/PHASE-13-COVERAGE-EVIDENCE-INDEX.md#list.10_3_native_lifecycle_preservation.425.4","not_claimed","No specific Grok implementation claim; Codex assigns Phase-14 classification from independent evidence review","list.10_3_native_lifecycle_preservation.425.4","425","d8fb742e1d1d16c7bba67823f6f049b8f709a3f861a47d969d670d6338ea4491"
"list.10_3_native_lifecycle_preservation.426.5","gate","channel operation","OpenClaw (Grok Phase-13 coverage index; Codex classifies)","docs/execution/openclawdevelopmentplan01/PHASE-13-COVERAGE-EVIDENCE-INDEX.md#list.10_3_native_lifecycle_preservation.426.5","not_claimed","No specific Grok implementation claim; Codex assigns Phase-14 classification from independent evidence review","list.10_3_native_lifecycle_preservation.426.5","426","939155e377360e0b733858dbbdf0496afb321b76ba5015cc4716453156abf8c6"
"list.10_3_native_lifecycle_preservation.427.6","gate","native skill loading","OpenClaw (Grok Phase-13 coverage index; Codex classifies)","docs/execution/openclawdevelopmentplan01/PHASE-13-COVERAGE-EVIDENCE-INDEX.md#list.10_3_native_lifecycle_preservation.427.6","not_claimed","No specific Grok implementation claim; Codex assigns Phase-14 classification from independent evidence review","list.10_3_native_lifecycle_preservation.427.6","427","727e3808f577a197e83c0ac0a26c8c5b351190882c9f173e28967505c8e64caa"
"list.10_3_native_lifecycle_preservation.428.7","gate","Program Ledger authority","OpenClaw (Grok Phase-13 coverage index; Codex classifies)","docs/execution/openclawdevelopmentplan01/PHASE-13-COVERAGE-EVIDENCE-INDEX.md#list.10_3_native_lifecycle_preservation.428.7","not_claimed","No specific Grok implementation claim; Codex assigns Phase-14 classification from independent evidence review","list.10_3_native_lifecycle_preservation.428.7","428","dc4f959b276a574bde9b86bba6901869ab98a368c7b879991eea4baaf79768e8"
"list.10_3_native_lifecycle_preservation.429.8","gate","user-visible session continuity","OpenClaw (Grok Phase-13 coverage index; Codex classifies)","docs/execution/openclawdevelopmentplan01/PHASE-13-COVERAGE-EVIDENCE-INDEX.md#list.10_3_native_lifecycle_preservation.429.8","not_claimed","No specific Grok implementation claim; Codex assigns Phase-14 classification from independent evidence review","list.10_3_native_lifecycle_preservation.429.8","429","af65cf47614d24f8dda8fce884683b4dea501922eb06b0faeecc132e132e8422"
"prose.10_3_native_lifecycle_preservation.431.1","evidence_requirement","High-risk actions may enter an explicit cautious or advisory mode when required evidence is unavailable. Ordinary low-risk conversation remains available with honest degraded-state reporting","OpenClaw (Grok Phase-13 coverage index; Codex classifies)","docs/execution/openclawdevelopmentplan01/PHASE-13-COVERAGE-EVIDENCE-INDEX.md#prose.10_3_native_lifecycle_preservation.431.1","not_claimed","No specific Grok implementation claim; Codex assigns Phase-14 classification from independent evidence review","prose.10_3_native_lifecycle_preservation.431.1","431","0b2c3765b19e78315623706b0004bdde71f729d0ea53082459f12f636c3bebec"
"prose.11_durable_state_and_outbox_design.435.1","evidence_requirement","Each plugin uses its own SQLite-backed keyed store through the public plugin runtime. Initial namespaces:","OpenClaw (Grok Phase-13 coverage index; Codex classifies)","docs/execution/openclawdevelopmentplan01/PHASE-13-COVERAGE-EVIDENCE-INDEX.md#prose.11_durable_state_and_outbox_design.435.1","not_claimed","No specific Grok implementation claim; Codex assigns Phase-14 classification from independent evidence review","prose.11_durable_state_and_outbox_design.435.1","435","b60534479847e3ef51158ce1d6d61a7b77916645d51e4a3bb6903db87623e5ab"
"table.11_durable_state_and_outbox_design.439.28","evidence_requirement","`linkbrain` | `outbox` | Ordered pending Brain deliveries","OpenClaw (Grok Phase-13 coverage index; Codex classifies)","docs/execution/openclawdevelopmentplan01/PHASE-13-COVERAGE-EVIDENCE-INDEX.md#table.11_durable_state_and_outbox_design.439.28","not_claimed","No specific Grok implementation claim; Codex assigns Phase-14 classification from independent evidence review","table.11_durable_state_and_outbox_design.439.28","439","1864633a88e4e69f1308f96366a7a760f91b45af91b2d65bdc559bec28fac773"
"table.11_durable_state_and_outbox_design.440.29","evidence_requirement","`linkbrain` | `deadletter` | Terminal Brain failures with redacted metadata","OpenClaw (Grok Phase-13 coverage index; Codex classifies)","docs/execution/openclawdevelopmentplan01/PHASE-13-COVERAGE-EVIDENCE-INDEX.md#table.11_durable_state_and_outbox_design.440.29","not_claimed","No specific Grok implementation claim; Codex assigns Phase-14 classification from independent evidence review","table.11_durable_state_and_outbox_design.440.29","440","7f03479abcfabf4df28f0dd4435ee7ae4a31d1c529ee1e90be09f95ef074d8ce"
"table.11_durable_state_and_outbox_design.441.30","evidence_requirement","`linkbrain` | `cursor` | Drain and lifecycle checkpoints","OpenClaw (Grok Phase-13 coverage index; Codex classifies)","docs/execution/openclawdevelopmentplan01/PHASE-13-COVERAGE-EVIDENCE-INDEX.md#table.11_durable_state_and_outbox_design.441.30","not_claimed","No specific Grok implementation claim; Codex assigns Phase-14 classification from independent evidence review","table.11_durable_state_and_outbox_design.441.30","441","73a1981e5db7f5564c8279433abf907071531f56769a10609a6db7876cf15aa4"
"table.11_durable_state_and_outbox_design.442.31","evidence_requirement","`linkbrain` | `health` | Last success/failure/degraded state","OpenClaw (Grok Phase-13 coverage index; Codex classifies)","docs/execution/openclawdevelopmentplan01/PHASE-13-COVERAGE-EVIDENCE-INDEX.md#table.11_durable_state_and_outbox_design.442.31","not_claimed","No specific Grok implementation claim; Codex assigns Phase-14 classification from independent evidence review","table.11_durable_state_and_outbox_design.442.31","442","48242e4334daed9513ac66c9d76dbbeedc14165fbfc5cbc0dba901a8c8a506a7"
"table.11_durable_state_and_outbox_design.443.32","evidence_requirement","`linkbrain` | `capture-buffer` | Bounded approved raw capture pending batch assembly","OpenClaw (Grok Phase-13 coverage index; Codex classifies)","docs/execution/openclawdevelopmentplan01/PHASE-13-COVERAGE-EVIDENCE-INDEX.md#table.11_durable_state_and_outbox_design.443.32","not_claimed","No specific Grok implementation claim; Codex assigns Phase-14 classification from independent evidence review","table.11_durable_state_and_outbox_design.443.32","443","9bf1cd2e69afeb0550d55463b2e867b5779c18201649b6463089cbd6b360402a"
"table.11_durable_state_and_outbox_design.444.33","evidence_requirement","`linkskills` | `outbox` | Ordered pending Skills events","OpenClaw (Grok Phase-13 coverage index; Codex classifies)","docs/execution/openclawdevelopmentplan01/PHASE-13-COVERAGE-EVIDENCE-INDEX.md#table.11_durable_state_and_outbox_design.444.33","not_claimed","No specific Grok implementation claim; Codex assigns Phase-14 classification from independent evidence review","table.11_durable_state_and_outbox_design.444.33","444","9f4487ec18001e1e4103db9fb38e12150edb9b1daeebeddab3471a8d2e5c119a"
"table.11_durable_state_and_outbox_design.445.34","evidence_requirement","`linkskills` | `deadletter` | Terminal Skills failures with redacted metadata","OpenClaw (Grok Phase-13 coverage index; Codex classifies)","docs/execution/openclawdevelopmentplan01/PHASE-13-COVERAGE-EVIDENCE-INDEX.md#table.11_durable_state_and_outbox_design.445.34","not_claimed","No specific Grok implementation claim; Codex assigns Phase-14 classification from independent evidence review","table.11_durable_state_and_outbox_design.445.34","445","29487edc7e6446ee9c72f2c207c01b041738f6328278786d6f1fa72a0205063f"
"table.11_durable_state_and_outbox_design.446.35","evidence_requirement","`linkskills` | `cursor` | Drain and evidence checkpoints","OpenClaw (Grok Phase-13 coverage index; Codex classifies)","docs/execution/openclawdevelopmentplan01/PHASE-13-COVERAGE-EVIDENCE-INDEX.md#table.11_durable_state_and_outbox_design.446.35","not_claimed","No specific Grok implementation claim; Codex assigns Phase-14 classification from independent evidence review","table.11_durable_state_and_outbox_design.446.35","446","f328af24eceeb0dfcea6bcabad25a32bd80eaedd4b77b8a4de23f2dba6948d7f"
"table.11_durable_state_and_outbox_design.447.36","evidence_requirement","`linkskills` | `health` | Last success/failure/degraded state","OpenClaw (Grok Phase-13 coverage index; Codex classifies)","docs/execution/openclawdevelopmentplan01/PHASE-13-COVERAGE-EVIDENCE-INDEX.md#table.11_durable_state_and_outbox_design.447.36","not_claimed","No specific Grok implementation claim; Codex assigns Phase-14 classification from independent evidence review","table.11_durable_state_and_outbox_design.447.36","447","61884e392225095e20c6c9cb019907f6405d2b0bd0081e2843bed6ac7f40c8d7"
"list.11_durable_state_and_outbox_design.451.1","task","use `overflowPolicy: ""reject-new""`; never silently evict undelivered evidence","OpenClaw (Grok Phase-13 coverage index; Codex classifies)","docs/execution/openclawdevelopmentplan01/PHASE-13-COVERAGE-EVIDENCE-INDEX.md#list.11_durable_state_and_outbox_design.451.1","not_claimed","No specific Grok implementation claim; Codex assigns Phase-14 classification from independent evidence review","list.11_durable_state_and_outbox_design.451.1","451","ea3642d7a9099a676e81b475e59f62cd4948c1d9901c67e025d59820f88d6a67"
"list.11_durable_state_and_outbox_design.452.2","task","keep each record below the runtime's value-size limit and enforce a lower domain-specific maximum","OpenClaw (Grok Phase-13 coverage index; Codex classifies)","docs/execution/openclawdevelopmentplan01/PHASE-13-COVERAGE-EVIDENCE-INDEX.md#list.11_durable_state_and_outbox_design.452.2","not_claimed","No specific Grok implementation claim; Codex assigns Phase-14 classification from independent evidence review","list.11_durable_state_and_outbox_design.452.2","452","021a8386ffeff9899f9f240c1256f80d20339c8b398c0603b668781df9a7b336"
"list.11_durable_state_and_outbox_design.453.3","task","choose an explicit maximum entry count below the store cap after load testing","OpenClaw (Grok Phase-13 coverage index; Codex classifies)","docs/execution/openclawdevelopmentplan01/PHASE-13-COVERAGE-EVIDENCE-INDEX.md#list.11_durable_state_and_outbox_design.453.3","not_claimed","No specific Grok implementation claim; Codex assigns Phase-14 classification from independent evidence review","list.11_durable_state_and_outbox_design.453.3","453","10aeebe28e3055a6996c8604da95ba37bf63b17cacfd0db5d514a2c399eb6220"
"list.11_durable_state_and_outbox_design.454.4","task","use sortable monotonic keys containing domain, runtime binding, event time, and collision-resistant suffix","OpenClaw (Grok Phase-13 coverage index; Codex classifies)","docs/execution/openclawdevelopmentplan01/PHASE-13-COVERAGE-EVIDENCE-INDEX.md#list.11_durable_state_and_outbox_design.454.4","not_claimed","No specific Grok implementation claim; Codex assigns Phase-14 classification from independent evidence review","list.11_durable_state_and_outbox_design.454.4","454","58bd51483c195dd01b52c0d46c3bdf533ae15909f45ea471bbdb94a1942ec444"
"list.11_durable_state_and_outbox_design.455.5","task","include a domain-specific idempotency key on every remote write","OpenClaw (Grok Phase-13 coverage index; Codex classifies)","docs/execution/openclawdevelopmentplan01/PHASE-13-COVERAGE-EVIDENCE-INDEX.md#list.11_durable_state_and_outbox_design.455.5","not_claimed","No specific Grok implementation claim; Codex assigns Phase-14 classification from independent evidence review","list.11_durable_state_and_outbox_design.455.5","455","61daa45a8497dbfbe5247275b4bc358322e51653d094c82cc8f2098e409b87de"
"list.11_durable_state_and_outbox_design.456.6","task","drain in deterministic creation/key order","OpenClaw (Grok Phase-13 coverage index; Codex classifies)","docs/execution/openclawdevelopmentplan01/PHASE-13-COVERAGE-EVIDENCE-INDEX.md#list.11_durable_state_and_outbox_design.456.6","not_claimed","No specific Grok implementation claim; Codex assigns Phase-14 classification from independent evidence review","list.11_durable_state_and_outbox_design.456.6","456","d8f40e6914d0faa20f694f6c077e42d0ae56ffb0892f212906d1ba87fac7b8b4"
"list.11_durable_state_and_outbox_design.457.7","task","use a lease so only one plugin worker owns a drain attempt","OpenClaw (Grok Phase-13 coverage index; Codex classifies)","docs/execution/openclawdevelopmentplan01/PHASE-13-COVERAGE-EVIDENCE-INDEX.md#list.11_durable_state_and_outbox_design.457.7","not_claimed","No specific Grok implementation claim; Codex assigns Phase-14 classification from independent evidence review","list.11_durable_state_and_outbox_design.457.7","457","bdae62c1c171777a3012562a2620b03de195ca92d0d15e11d70dab60eb2723c3"
"list.11_durable_state_and_outbox_design.458.8","task","complete async network planning before any SQLite transaction and never `await` inside a transaction callback","OpenClaw (Grok Phase-13 coverage index; Codex classifies)","docs/execution/openclawdevelopmentplan01/PHASE-13-COVERAGE-EVIDENCE-INDEX.md#list.11_durable_state_and_outbox_design.458.8","not_claimed","No specific Grok implementation claim; Codex assigns Phase-14 classification from independent evidence review","list.11_durable_state_and_outbox_design.458.8","458","5e59b2bae1f2858058aa91c6f27d9d0d25226a399effb722cde30f28db8d70b2"
"list.11_durable_state_and_outbox_design.459.9","task","reread authoritative state before commit","OpenClaw (Grok Phase-13 coverage index; Codex classifies)","docs/execution/openclawdevelopmentplan01/PHASE-13-COVERAGE-EVIDENCE-INDEX.md#list.11_durable_state_and_outbox_design.459.9","not_claimed","No specific Grok implementation claim; Codex assigns Phase-14 classification from independent evidence review","list.11_durable_state_and_outbox_design.459.9","459","5fba61bb79b4f899d687a04b52cebbfa98dd27ffa6fdb0b6bada04e64dc4b421"
"list.11_durable_state_and_outbox_design.460.10","task","delete an outbox record only after the Gateway confirms the idempotent write","OpenClaw (Grok Phase-13 coverage index; Codex classifies)","docs/execution/openclawdevelopmentplan01/PHASE-13-COVERAGE-EVIDENCE-INDEX.md#list.11_durable_state_and_outbox_design.460.10","not_claimed","No specific Grok implementation claim; Codex assigns Phase-14 classification from independent evidence review","list.11_durable_state_and_outbox_design.460.10","460","1b08dadf5538ef9f1759ed9cebc376240813056551e63effc199fde192c07415"
"list.11_durable_state_and_outbox_design.461.11","task","classify terminal failures into the matching domain's dead-letter namespace","OpenClaw (Grok Phase-13 coverage index; Codex classifies)","docs/execution/openclawdevelopmentplan01/PHASE-13-COVERAGE-EVIDENCE-INDEX.md#list.11_durable_state_and_outbox_design.461.11","not_claimed","No specific Grok implementation claim; Codex assigns Phase-14 classification from independent evidence review","list.11_durable_state_and_outbox_design.461.11","461","80a0452d77e1387fbe1cb197acb4ad4b12f51e4e2850f7634625d434dac5ecd9"
"list.11_durable_state_and_outbox_design.462.12","task","use bounded exponential backoff with jitter and server retry hints","OpenClaw (Grok Phase-13 coverage index; Codex classifies)","docs/execution/openclawdevelopmentplan01/PHASE-13-COVERAGE-EVIDENCE-INDEX.md#list.11_durable_state_and_outbox_design.462.12","not_claimed","No specific Grok implementation claim; Codex assigns Phase-14 classification from independent evidence review","list.11_durable_state_and_outbox_design.462.12","462","2d6b70decb6cb0d5c8a5cea3164a085b8b2f8a300fd313f3f6473e2e8d91197b"
"list.11_durable_state_and_outbox_design.463.13","task","persist next-attempt metadata so restart does not cause a retry storm","OpenClaw (Grok Phase-13 coverage index; Codex classifies)","docs/execution/openclawdevelopmentplan01/PHASE-13-COVERAGE-EVIDENCE-INDEX.md#list.11_durable_state_and_outbox_design.463.13","not_claimed","No specific Grok implementation claim; Codex assigns Phase-14 classification from independent evidence review","list.11_durable_state_and_outbox_design.463.13","463","10631fb8d8efe85db74f8322de1f209c164fc06fac6f73d1d662e24db0d1948f"
"list.11_durable_state_and_outbox_design.464.14","task","expose capacity, oldest age, retry count, dead-letter count, and last drain status without payloads","OpenClaw (Grok Phase-13 coverage index; Codex classifies)","docs/execution/openclawdevelopmentplan01/PHASE-13-COVERAGE-EVIDENCE-INDEX.md#list.11_durable_state_and_outbox_design.464.14","not_claimed","No specific Grok implementation claim; Codex assigns Phase-14 classification from independent evidence review","list.11_durable_state_and_outbox_design.464.14","464","d56c4d571e571a5df3d28c8ba1204b1bdb82f84b7ba51cf42c6347cf5480b462"
"list.11_durable_state_and_outbox_design.465.15","task","never fall back from SQLite to a file or in-memory success claim","OpenClaw (Grok Phase-13 coverage index; Codex classifies)","docs/execution/openclawdevelopmentplan01/PHASE-13-COVERAGE-EVIDENCE-INDEX.md#list.11_durable_state_and_outbox_design.465.15","not_claimed","No specific Grok implementation claim; Codex assigns Phase-14 classification from independent evidence review","list.11_durable_state_and_outbox_design.465.15","465","9c7a299b5f99321bfa7f6dbcf0e3fc1cb7c8709afafa7ff8317f0018ea53d733"
"prose.11_durable_state_and_outbox_design.467.1","gate","Brain capture-buffer retention follows the frozen Brain plan: the planning recommendation is deletion 30 days after successful processing, with approved holds up to 90 days. Production activation remains blocked until the Principal approves final durations. Skills uses its independently approved telemetry retention; it must not inherit Brain retention","Platform / Principal / Cursor maintenance (as labeled)","BLOCK: live/external gate named in plan item; OpenClaw fake-tier work is not live proof (docs/execution/openclawdevelopmentplan01/PHASE-13-PROVISIONAL-GROK-HANDOFF.md)","blocked","Label requires live/external proof beyond fake-tier OpenClaw work","prose.11_durable_state_and_outbox_design.467.1","467","8180e8d226d84faddd1449cddee0423d0c143f0d89fe2ae47e6a133c8d9408be"
"prose.12_configuration_and_feature_flags.471.1","evidence_requirement","Configuration remains explicit and domain-separated","OpenClaw (Grok Phase-13 coverage index; Codex classifies)","docs/execution/openclawdevelopmentplan01/PHASE-13-COVERAGE-EVIDENCE-INDEX.md#prose.12_configuration_and_feature_flags.471.1","not_claimed","No specific Grok implementation claim; Codex assigns Phase-14 classification from independent evidence review","prose.12_configuration_and_feature_flags.471.1","471","900b747c1ee52089e88a25ee335d9b425238d66134b799388bfc58c8135415b6"
"prose.12_1_plugin_configuration_shape.475.1","evidence_requirement","Each plugin should define only the minimum settings that cannot be derived from the managed MCP entry, Platform claims, or stable defaults:","OpenClaw (Grok Phase-13 coverage index; Codex classifies)","docs/execution/openclawdevelopmentplan01/PHASE-13-COVERAGE-EVIDENCE-INDEX.md#prose.12_1_plugin_configuration_shape.475.1","not_claimed","No specific Grok implementation claim; Codex assigns Phase-14 classification from independent evidence review","prose.12_1_plugin_configuration_shape.475.1","475","516731ef58d77d191d3225e572275e787a9ba14184c953c1c8f17768b320dc36"
"list.12_1_plugin_configuration_shape.477.1","task","enabled state","OpenClaw (Grok Phase-13 coverage index; Codex classifies)","docs/execution/openclawdevelopmentplan01/PHASE-13-COVERAGE-EVIDENCE-INDEX.md#list.12_1_plugin_configuration_shape.477.1","not_claimed","No specific Grok implementation claim; Codex assigns Phase-14 classification from independent evidence review","list.12_1_plugin_configuration_shape.477.1","477","c30a13b9549eb822fc28a7a685fc85d88a2982c063f726cac2233800a4433fdd"
"list.12_1_plugin_configuration_shape.478.2","task","domain ingestion endpoint only if distinct from MCP","OpenClaw (Grok Phase-13 coverage index; Codex classifies)","docs/execution/openclawdevelopmentplan01/PHASE-13-COVERAGE-EVIDENCE-INDEX.md#list.12_1_plugin_configuration_shape.478.2","not_claimed","No specific Grok implementation claim; Codex assigns Phase-14 classification from independent evidence review","list.12_1_plugin_configuration_shape.478.2","478","e99a098f35b052ddde8ca9aae97d80fd94287d90d70626c3754eb46f02a66338"
"list.12_1_plugin_configuration_shape.479.3","task","credential `SecretRef` for that endpoint","OpenClaw (Grok Phase-13 coverage index; Codex classifies)","docs/execution/openclawdevelopmentplan01/PHASE-13-COVERAGE-EVIDENCE-INDEX.md#list.12_1_plugin_configuration_shape.479.3","not_claimed","No specific Grok implementation claim; Codex assigns Phase-14 classification from independent evidence review","list.12_1_plugin_configuration_shape.479.3","479","b60771e590b0ba84d4a52d8694d73d78621e0e32363a895b9ab68cd93dd26d3e"
"list.12_1_plugin_configuration_shape.480.4","task","bounded batch size and flush interval","OpenClaw (Grok Phase-13 coverage index; Codex classifies)","docs/execution/openclawdevelopmentplan01/PHASE-13-COVERAGE-EVIDENCE-INDEX.md#list.12_1_plugin_configuration_shape.480.4","not_claimed","No specific Grok implementation claim; Codex assigns Phase-14 classification from independent evidence review","list.12_1_plugin_configuration_shape.480.4","480","2d1284d979bee853981c291ad03d7041734cdc5733d7ea8a5479276e510533f5"
"list.12_1_plugin_configuration_shape.481.5","task","measured queue capacity and age alarm thresholds","OpenClaw (Grok Phase-13 coverage index; Codex classifies)","docs/execution/openclawdevelopmentplan01/PHASE-13-COVERAGE-EVIDENCE-INDEX.md#list.12_1_plugin_configuration_shape.481.5","not_claimed","No specific Grok implementation claim; Codex assigns Phase-14 classification from independent evidence review","list.12_1_plugin_configuration_shape.481.5","481","e11c73bca1f173601825396f231763b049f2fee1131cafd0236dc14387f55a7c"
"list.12_1_plugin_configuration_shape.482.6","task","domain feature flags","OpenClaw (Grok Phase-13 coverage index; Codex classifies)","docs/execution/openclawdevelopmentplan01/PHASE-13-COVERAGE-EVIDENCE-INDEX.md#list.12_1_plugin_configuration_shape.482.6","not_claimed","No specific Grok implementation claim; Codex assigns Phase-14 classification from independent evidence review","list.12_1_plugin_configuration_shape.482.6","482","bbade58e3e930974f623d627c9efefab1679cf3288541aefa206c4310500efbe"
"list.12_1_plugin_configuration_shape.483.7","task","redaction policy version","OpenClaw (Grok Phase-13 coverage index; Codex classifies)","docs/execution/openclawdevelopmentplan01/PHASE-13-COVERAGE-EVIDENCE-INDEX.md#list.12_1_plugin_configuration_shape.483.7","not_claimed","No specific Grok implementation claim; Codex assigns Phase-14 classification from independent evidence review","list.12_1_plugin_configuration_shape.483.7","483","17b8b337baec3187bcad5a3999b85d5fe22c089585b1afc52186c87dd725ea11"
"list.12_1_plugin_configuration_shape.484.8","task","stage/production environment identity","Platform / Principal / Cursor maintenance (as labeled)","BLOCK: live/external gate named in plan item; OpenClaw fake-tier work is not live proof (docs/execution/openclawdevelopmentplan01/PHASE-13-PROVISIONAL-GROK-HANDOFF.md)","blocked","Label requires live/external proof beyond fake-tier OpenClaw work","list.12_1_plugin_configuration_shape.484.8","484","895347070f19a3e11a8c403f7080038cb925a849870f6d0faebcd3ea71b635d7"
"prose.12_1_plugin_configuration_shape.486.1","gate","Do not add an environment variable or config field when current managed MCP, plugin config, Platform injection, or a fixed contract default already solves it","OpenClaw (Grok Phase-13 coverage index; Codex classifies)","docs/execution/openclawdevelopmentplan01/PHASE-13-COVERAGE-EVIDENCE-INDEX.md#prose.12_1_plugin_configuration_shape.486.1","not_claimed","No specific Grok implementation claim; Codex assigns Phase-14 classification from independent evidence review","prose.12_1_plugin_configuration_shape.486.1","486","4766ca4d141aec1fd4fa63e28abbc7f6b56fa7c25d1fff212357f84cbb597f44"
"prose.12_2_independent_flags.490.1","evidence_requirement","Minimum independently operable flags:","OpenClaw (Grok Phase-13 coverage index; Codex classifies)","docs/execution/openclawdevelopmentplan01/PHASE-13-COVERAGE-EVIDENCE-INDEX.md#prose.12_2_independent_flags.490.1","not_claimed","No specific Grok implementation claim; Codex assigns Phase-14 classification from independent evidence review","prose.12_2_independent_flags.490.1","490","d75accc1a402f43afa1baf8333ccf50e3d76db499449070042158819fe1e44ea"
"table.12_2_independent_flags.492.37","evidence_requirement","Domain | Flag | Effect when disabled","OpenClaw (Grok Phase-13 coverage index; Codex classifies)","docs/execution/openclawdevelopmentplan01/PHASE-13-COVERAGE-EVIDENCE-INDEX.md#table.12_2_independent_flags.492.37","not_claimed","No specific Grok implementation claim; Codex assigns Phase-14 classification from independent evidence review","table.12_2_independent_flags.492.37","492","9ede4f008eabb755523cee03d11b7604c561e18c2e4e4272c22a1a51f0e8d4d6"
"table.12_2_independent_flags.494.38","evidence_requirement","Brain | MCP read | No Brain read tools; native OpenClaw continues","OpenClaw (Grok Phase-13 coverage index; Codex classifies)","docs/execution/openclawdevelopmentplan01/PHASE-13-COVERAGE-EVIDENCE-INDEX.md#table.12_2_independent_flags.494.38","not_claimed","No specific Grok implementation claim; Codex assigns Phase-14 classification from independent evidence review","table.12_2_independent_flags.494.38","494","5a5c8dd55d06399b816993ef1390ced418227d504e311412377937a36f3a6da4"
"table.12_2_independent_flags.495.39","evidence_requirement","Brain | capture enqueue | No new capture records; existing outbox retained","OpenClaw (Grok Phase-13 coverage index; Codex classifies)","docs/execution/openclawdevelopmentplan01/PHASE-13-COVERAGE-EVIDENCE-INDEX.md#table.12_2_independent_flags.495.39","not_claimed","No specific Grok implementation claim; Codex assigns Phase-14 classification from independent evidence review","table.12_2_independent_flags.495.39","495","07f56cf0a486661723a17bc86461e898e5565994a8af61e6cf46ce5fd3123775"
"table.12_2_independent_flags.496.40","evidence_requirement","Brain | capture drain | Stop Brain delivery; local durable queue retained","OpenClaw (Grok Phase-13 coverage index; Codex classifies)","docs/execution/openclawdevelopmentplan01/PHASE-13-COVERAGE-EVIDENCE-INDEX.md#table.12_2_independent_flags.496.40","not_claimed","No specific Grok implementation claim; Codex assigns Phase-14 classification from independent evidence review","table.12_2_independent_flags.496.40","496","50abb6a6ba5d15a8a73dde2f6574f8bf984a1af086815eb2002cb8f22d071c16"
"table.12_2_independent_flags.497.41","evidence_requirement","Brain | coordination writes | Block Brain coordination mutations only","OpenClaw (Grok Phase-13 coverage index; Codex classifies)","docs/execution/openclawdevelopmentplan01/PHASE-13-COVERAGE-EVIDENCE-INDEX.md#table.12_2_independent_flags.497.41","not_claimed","No specific Grok implementation claim; Codex assigns Phase-14 classification from independent evidence review","table.12_2_independent_flags.497.41","497","78c91b8b51e1fc35e9f9576d552d40cbbe16109bf7acc6d87550640365da4881"
"table.12_2_independent_flags.498.42","evidence_requirement","Skills | MCP discovery/read | No Skills discovery/retrieval; native skills continue","OpenClaw (Grok Phase-13 coverage index; Codex classifies)","docs/execution/openclawdevelopmentplan01/PHASE-13-COVERAGE-EVIDENCE-INDEX.md#table.12_2_independent_flags.498.42","not_claimed","No specific Grok implementation claim; Codex assigns Phase-14 classification from independent evidence review","table.12_2_independent_flags.498.42","498","5425bf0e4c824c2d3e794b7b4093c9a109d4a089073047cb3d5d73aba49c44f7"
"table.12_2_independent_flags.499.43","evidence_requirement","Skills | governed execution | Block LiNKskills execution only","OpenClaw (Grok Phase-13 coverage index; Codex classifies)","docs/execution/openclawdevelopmentplan01/PHASE-13-COVERAGE-EVIDENCE-INDEX.md#table.12_2_independent_flags.499.43","not_claimed","No specific Grok implementation claim; Codex assigns Phase-14 classification from independent evidence review","table.12_2_independent_flags.499.43","499","f54dedaa8f81b9367776cd186b92a017dda03c8823e65f1467e272bd724d19ba"
"table.12_2_independent_flags.500.44","evidence_requirement","Skills | telemetry enqueue | No new Skills telemetry; execution policy follows approved degraded mode","OpenClaw (Grok Phase-13 coverage index; Codex classifies)","docs/execution/openclawdevelopmentplan01/PHASE-13-COVERAGE-EVIDENCE-INDEX.md#table.12_2_independent_flags.500.44","not_claimed","No specific Grok implementation claim; Codex assigns Phase-14 classification from independent evidence review","table.12_2_independent_flags.500.44","500","5ca297b8049aafc907660367a80310132681b2fbf874f86cb14c8aaf93a72ce2"
"table.12_2_independent_flags.501.45","evidence_requirement","Skills | telemetry drain | Stop Skills delivery; local durable queue retained","OpenClaw (Grok Phase-13 coverage index; Codex classifies)","docs/execution/openclawdevelopmentplan01/PHASE-13-COVERAGE-EVIDENCE-INDEX.md#table.12_2_independent_flags.501.45","not_claimed","No specific Grok implementation claim; Codex assigns Phase-14 classification from independent evidence review","table.12_2_independent_flags.501.45","501","0ea4b23e78b2cc8e2c43c2cc4c7e787b98a76491d25b236a750b2d35227d37bf"
"prose.12_2_independent_flags.503.1","gate","Flags must not be implemented as one shared `linkbrainSkillsEnabled` switch","OpenClaw (Grok Phase-13 coverage index; Codex classifies)","docs/execution/openclawdevelopmentplan01/PHASE-13-COVERAGE-EVIDENCE-INDEX.md#prose.12_2_independent_flags.503.1","not_claimed","No specific Grok implementation claim; Codex assigns Phase-14 classification from independent evidence review","prose.12_2_independent_flags.503.1","503","f62171cd626821c430389fcfb2636ca5f23a2390198b3bd73a45225951b19695"
"list.12_3_change_application.507.1","evidence_requirement","managed MCP changes may use the supported hot-apply path after validation","OpenClaw (Grok Phase-13 coverage index; Codex classifies)","docs/execution/openclawdevelopmentplan01/PHASE-13-COVERAGE-EVIDENCE-INDEX.md#list.12_3_change_application.507.1","not_claimed","No specific Grok implementation claim; Codex assigns Phase-14 classification from independent evidence review","list.12_3_change_application.507.1","507","9a9cd7d2d2e7a887bc9c50117cd66195291e2a409935f13019b1b880aedab781"
"list.12_3_change_application.508.2","evidence_requirement","plugin config and plugin code changes require a controlled Lisa Gateway restart","OpenClaw (Grok Phase-13 coverage index; Codex classifies)","docs/execution/openclawdevelopmentplan01/PHASE-13-COVERAGE-EVIDENCE-INDEX.md#list.12_3_change_application.508.2","not_claimed","No specific Grok implementation claim; Codex assigns Phase-14 classification from independent evidence review","list.12_3_change_application.508.2","508","b4d951085e04c0dc7c93c7d3ee8dbb3eef2e60291eff0558f40f6a62241697b6"
"list.12_3_change_application.509.3","evidence_requirement","credential rotation follows Platform issuance, overlap, verification, and revocation order","OpenClaw (Grok Phase-13 coverage index; Codex classifies)","docs/execution/openclawdevelopmentplan01/PHASE-13-COVERAGE-EVIDENCE-INDEX.md#list.12_3_change_application.509.3","not_claimed","No specific Grok implementation claim; Codex assigns Phase-14 classification from independent evidence review","list.12_3_change_application.509.3","509","c848f82ac8f7d7578aad2e0bae5251704a80514d619053f9b38afebc472edb45"
"list.12_3_change_application.510.4","evidence_requirement","no operator pastes a secret into a command line or process argument","OpenClaw (Grok Phase-13 coverage index; Codex classifies)","docs/execution/openclawdevelopmentplan01/PHASE-13-COVERAGE-EVIDENCE-INDEX.md#list.12_3_change_application.510.4","not_claimed","No specific Grok implementation claim; Codex assigns Phase-14 classification from independent evidence review","list.12_3_change_application.510.4","510","215f5789648832431310d97b727810662228f89852b0d197054c1a7f14e96603"
"list.12_3_change_application.511.5","evidence_requirement","every change has a same-domain rollback step and a proof that the other domain stayed unchanged","OpenClaw (Grok Phase-13 coverage index; Codex classifies)","docs/execution/openclawdevelopmentplan01/PHASE-13-COVERAGE-EVIDENCE-INDEX.md#list.12_3_change_application.511.5","not_claimed","No specific Grok implementation claim; Codex assigns Phase-14 classification from independent evidence review","list.12_3_change_application.511.5","511","c93c750f74b6bb1fd79188e7e24fee4c58e10fc3a68411a56ce199095e0e0c42"
"prose.13_execution_governance.515.1","evidence_requirement","Every phase follows the repository coordination protocol before product work:","OpenClaw (Grok Phase-13 coverage index; Codex classifies)","docs/execution/openclawdevelopmentplan01/PHASE-13-COVERAGE-EVIDENCE-INDEX.md#prose.13_execution_governance.515.1","not_claimed","No specific Grok implementation claim; Codex assigns Phase-14 classification from independent evidence review","prose.13_execution_governance.515.1","515","d1172d17e5560f9d871987e1ec62e1ac2d54dcc7e10d3e1b6401d512bec8a60c"
"list.13_execution_governance.517.1","task","Register one unique active session record with platform, machine, surface, execution location, role, and Orchestrator key","OpenClaw (Grok Phase-13 coverage index; Codex classifies)","docs/execution/openclawdevelopmentplan01/PHASE-13-COVERAGE-EVIDENCE-INDEX.md#list.13_execution_governance.517.1","not_claimed","No specific Grok implementation claim; Codex assigns Phase-14 classification from independent evidence review","list.13_execution_governance.517.1","517","ee53693f86a217ae770bf16f68abfa1b7b0eab4b2fab3ef0cf3854616ec309a0"
"list.13_execution_governance.518.2","task","Refresh Git branch, tracking, remotes, worktrees, stash, dashboard, overlapping active records, and recent handoffs","OpenClaw (Grok Phase-13 coverage index; Codex classifies)","docs/execution/openclawdevelopmentplan01/PHASE-13-COVERAGE-EVIDENCE-INDEX.md#list.13_execution_governance.518.2","not_claimed","No specific Grok implementation claim; Codex assigns Phase-14 classification from independent evidence review","list.13_execution_governance.518.2","518","fd69bd6c30499c7d067d5491f24bb76ed578909c861e42c0ef77746d44199793"
"list.13_execution_governance.519.3","task","Use one task branch and a separate worktree/clone for simultaneous work","OpenClaw (Grok Phase-13 coverage index; Codex classifies)","docs/execution/openclawdevelopmentplan01/PHASE-13-COVERAGE-EVIDENCE-INDEX.md#list.13_execution_governance.519.3","not_claimed","No specific Grok implementation claim; Codex assigns Phase-14 classification from independent evidence review","list.13_execution_governance.519.3","519","1bb06e6e5b66a814204211c0cac1a6adae4ad0853790f87e1d7cecc3b7140f8f"
"list.13_execution_governance.520.4","task","Stop only the conflicting action if another session owns the same file, runtime, credential, service, or functional area","OpenClaw (Grok Phase-13 coverage index; Codex classifies)","docs/execution/openclawdevelopmentplan01/PHASE-13-COVERAGE-EVIDENCE-INDEX.md#list.13_execution_governance.520.4","not_claimed","No specific Grok implementation claim; Codex assigns Phase-14 classification from independent evidence review","list.13_execution_governance.520.4","520","32f1d3a521159556f304e50ccb32fc4c132c6649bb7ca0ae2fffec98ef914765"
"list.13_execution_governance.521.5","task","Preserve unrelated and uncommitted work","OpenClaw (Grok Phase-13 coverage index; Codex classifies)","docs/execution/openclawdevelopmentplan01/PHASE-13-COVERAGE-EVIDENCE-INDEX.md#list.13_execution_governance.521.5","not_claimed","No specific Grok implementation claim; Codex assigns Phase-14 classification from independent evidence review","list.13_execution_governance.521.5","521","2238118c6c59a6d673cc0f60cccd6921506a88242b56fc8f716b5f7688a6ef63"
"list.13_execution_governance.522.6","task","Record material decisions, evidence, owner, impact, and approval status during the work","OpenClaw (Grok Phase-13 coverage index; Codex classifies)","docs/execution/openclawdevelopmentplan01/PHASE-13-COVERAGE-EVIDENCE-INDEX.md#list.13_execution_governance.522.6","not_claimed","No specific Grok implementation claim; Codex assigns Phase-14 classification from independent evidence review","list.13_execution_governance.522.6","522","00fe9c448af46cc0df1c4f9172f532624ae169db88b430d9735fc119f1f2e9bb"
"list.13_execution_governance.523.7","task","Submit a dated handoff and completed session record at every phase boundary","OpenClaw (Grok Phase-13 coverage index; Codex classifies)","docs/execution/openclawdevelopmentplan01/PHASE-13-COVERAGE-EVIDENCE-INDEX.md#list.13_execution_governance.523.7","not_claimed","No specific Grok implementation claim; Codex assigns Phase-14 classification from independent evidence review","list.13_execution_governance.523.7","523","1b12b60d285ba3d383e92b0c470fae0abe71af79eebeb32e5f15ee7991b10633"
"list.13_execution_governance.524.8","task","Ask the matching Orchestrator to refresh the dashboard; do not treat the Orchestrator as a permission gate for a direct Principal assignment","OpenClaw (Grok Phase-13 coverage index; Codex classifies)","docs/execution/openclawdevelopmentplan01/PHASE-13-COVERAGE-EVIDENCE-INDEX.md#list.13_execution_governance.524.8","not_claimed","No specific Grok implementation claim; Codex assigns Phase-14 classification from independent evidence review","list.13_execution_governance.524.8","524","97edecb6e6718149bad9b9ce62396d5527a1191d7434e308720ac55bdfaea771"
"prose.13_execution_governance.526.1","evidence_requirement","Each implementation phase must start by re-reading root `AGENTS.md`, every scoped `AGENTS.md`, `docs/agent-briefing.md`, `docs/agent-coordination.md`, `docs/current-status.md`, relevant active session records, and the latest domain handoffs. Dependency and external API behavior must be verified from current source/docs/types and live proof when feasible","OpenClaw (Grok Phase-13 coverage index; Codex classifies)","docs/execution/openclawdevelopmentplan01/PHASE-13-COVERAGE-EVIDENCE-INDEX.md#prose.13_execution_governance.526.1","not_claimed","No specific Grok implementation claim; Codex assigns Phase-14 classification from independent evidence review","prose.13_execution_governance.526.1","526","4dcb2d64f4d968a10684b11faba85289d03e6c70dcdfe5b7d80ae063bbcd3082"
"prose.13_1_four_agent_execution_model.530.1","evidence_requirement","Implementation is performed concurrently by four repository-specific Cursor agents using the Principal-assigned **Grok 4.5 High** model:","OpenClaw (Grok Phase-13 coverage index; Codex classifies)","docs/execution/openclawdevelopmentplan01/PHASE-13-COVERAGE-EVIDENCE-INDEX.md#prose.13_1_four_agent_execution_model.530.1","not_claimed","No specific Grok implementation claim; Codex assigns Phase-14 classification from independent evidence review","prose.13_1_four_agent_execution_model.530.1","530","917ec3e4894b8568b57bf8b5c8660d3bac8db1b34ebcb3a1e01797fee53bc7ca"
"list.13_1_four_agent_execution_model.532.1","task","LiNKbrain execution agent","OpenClaw (Grok Phase-13 coverage index; Codex classifies)","docs/execution/openclawdevelopmentplan01/PHASE-13-COVERAGE-EVIDENCE-INDEX.md#list.13_1_four_agent_execution_model.532.1","not_claimed","No specific Grok implementation claim; Codex assigns Phase-14 classification from independent evidence review","list.13_1_four_agent_execution_model.532.1","532","3e99dc9a0b0a32148c6a8a1962bdebab799113a56af9a10345e4cbbc3b10a2db"
"list.13_1_four_agent_execution_model.533.2","task","LiNKskills execution agent","OpenClaw (Grok Phase-13 coverage index; Codex classifies)","docs/execution/openclawdevelopmentplan01/PHASE-13-COVERAGE-EVIDENCE-INDEX.md#list.13_1_four_agent_execution_model.533.2","not_claimed","No specific Grok implementation claim; Codex assigns Phase-14 classification from independent evidence review","list.13_1_four_agent_execution_model.533.2","533","b2ff08e78231fb867f3b5a8732e6984d5295bba590d478fbf4c1c83dd7432dfb"
"list.13_1_four_agent_execution_model.534.3","task","LiNKplatform execution agent","OpenClaw (Grok Phase-13 coverage index; Codex classifies)","docs/execution/openclawdevelopmentplan01/PHASE-13-COVERAGE-EVIDENCE-INDEX.md#list.13_1_four_agent_execution_model.534.3","not_claimed","No specific Grok implementation claim; Codex assigns Phase-14 classification from independent evidence review","list.13_1_four_agent_execution_model.534.3","534","4d39625d32cb7baf409a1c54e996e2d859eed20e5397185c7a6d28a2eef53131"
"list.13_1_four_agent_execution_model.535.4","task","OpenClaw Prime execution agent","OpenClaw (Grok Phase-13 coverage index; Codex classifies)","docs/execution/openclawdevelopmentplan01/PHASE-13-COVERAGE-EVIDENCE-INDEX.md#list.13_1_four_agent_execution_model.535.4","not_claimed","No specific Grok implementation claim; Codex assigns Phase-14 classification from independent evidence review","list.13_1_four_agent_execution_model.535.4","535","20e71142509f005020f2ad292b0e007b593407b07b2e4a7f9962b856398b1e51"
"prose.13_1_four_agent_execution_model.537.1","evidence_requirement","Each execution agent requires:","OpenClaw (Grok Phase-13 coverage index; Codex classifies)","docs/execution/openclawdevelopmentplan01/PHASE-13-COVERAGE-EVIDENCE-INDEX.md#prose.13_1_four_agent_execution_model.537.1","not_claimed","No specific Grok implementation claim; Codex assigns Phase-14 classification from independent evidence review","prose.13_1_four_agent_execution_model.537.1","537","20becc64d1ef58d1204cc92d98c75c7831812657a11ecc65e0024e30f2a504e4"
"list.13_1_four_agent_execution_model.539.5","task","its assigned repository and only the ownership granted by that repository's plan and rules","OpenClaw (Grok Phase-13 coverage index; Codex classifies)","docs/execution/openclawdevelopmentplan01/PHASE-13-COVERAGE-EVIDENCE-INDEX.md#list.13_1_four_agent_execution_model.539.5","not_claimed","No specific Grok implementation claim; Codex assigns Phase-14 classification from independent evidence review","list.13_1_four_agent_execution_model.539.5","539","17ee2c454acacf6f95193585532b62b5b84e0a934908fc93fd2a63e88bcac039"
"list.13_1_four_agent_execution_model.540.6","task","a separate checkout or worktree where required by repository coordination or concurrent ownership","OpenClaw (Grok Phase-13 coverage index; Codex classifies)","docs/execution/openclawdevelopmentplan01/PHASE-13-COVERAGE-EVIDENCE-INDEX.md#list.13_1_four_agent_execution_model.540.6","not_claimed","No specific Grok implementation claim; Codex assigns Phase-14 classification from independent evidence review","list.13_1_four_agent_execution_model.540.6","540","25e1471b29a794e7201cb56c6ac63a653f9a8617cb6f79ea52ddfb5eac0dffc0"
"list.13_1_four_agent_execution_model.541.7","task","a dedicated implementation branch","OpenClaw (Grok Phase-13 coverage index; Codex classifies)","docs/execution/openclawdevelopmentplan01/PHASE-13-COVERAGE-EVIDENCE-INDEX.md#list.13_1_four_agent_execution_model.541.7","not_claimed","No specific Grok implementation claim; Codex assigns Phase-14 classification from independent evidence review","list.13_1_four_agent_execution_model.541.7","541","758a8274baf1359d82a9c75c3af92ab976f84f4667e54c49e003c7b7aaea783f"
"list.13_1_four_agent_execution_model.542.8","task","an active session and ownership record","OpenClaw (Grok Phase-13 coverage index; Codex classifies)","docs/execution/openclawdevelopmentplan01/PHASE-13-COVERAGE-EVIDENCE-INDEX.md#list.13_1_four_agent_execution_model.542.8","not_claimed","No specific Grok implementation claim; Codex assigns Phase-14 classification from independent evidence review","list.13_1_four_agent_execution_model.542.8","542","18f9626d75a922382c8e299b6489ae113ff3518c7c7f0b0133ccfa3f616d457d"
"list.13_1_four_agent_execution_model.543.9","task","declared files and interfaces before editing","OpenClaw (Grok Phase-13 coverage index; Codex classifies)","docs/execution/openclawdevelopmentplan01/PHASE-13-COVERAGE-EVIDENCE-INDEX.md#list.13_1_four_agent_execution_model.543.9","not_claimed","No specific Grok implementation claim; Codex assigns Phase-14 classification from independent evidence review","list.13_1_four_agent_execution_model.543.9","543","21b585d6f2f84add15cd90cd14ad7117290cbd6badd288c1b823de1c0195dc70"
"list.13_1_four_agent_execution_model.544.10","task","an implementation handoff suitable for independent verification","OpenClaw (Grok Phase-13 coverage index; Codex classifies)","docs/execution/openclawdevelopmentplan01/PHASE-13-COVERAGE-EVIDENCE-INDEX.md#list.13_1_four_agent_execution_model.544.10","not_claimed","No specific Grok implementation claim; Codex assigns Phase-14 classification from independent evidence review","list.13_1_four_agent_execution_model.544.10","544","d60f63a89746516d660d1c01a1e7ead4b1c61c87c9455014e4360a6d615e8268"
"prose.13_1_four_agent_execution_model.546.1","evidence_requirement","The four execution agents may work concurrently against frozen contracts and fakes. Concurrency does not waive an interface gate or allow an agent to claim another repository's live evidence. Using Cursor as the development environment grants no authority to inspect, alter, or inherit shared/global Cursor configuration, credentials, or process state","OpenClaw (Grok Phase-13 coverage index; Codex classifies)","docs/execution/openclawdevelopmentplan01/PHASE-13-COVERAGE-EVIDENCE-INDEX.md#prose.13_1_four_agent_execution_model.546.1","not_claimed","No specific Grok implementation claim; Codex assigns Phase-14 classification from independent evidence review","prose.13_1_four_agent_execution_model.546.1","546","10a43c5aa9c26c452ed08e64aa99dd6fbb043b1b420a239304244e56f0dba8c6"
"prose.13_1_four_agent_execution_model.548.1","evidence_requirement","Within this plan, **OpenClaw Grok execution agent** means the fourth agent above. It is the sole implementation owner for OpenClaw plugins, hooks, MCP integration, outboxes, Lisa profile changes, OpenClaw tests, and OpenClaw rollout evidence, subject to the approved cross-repository contracts","OpenClaw (Grok Phase-13 coverage index; Codex classifies)","docs/execution/openclawdevelopmentplan01/PHASE-13-COVERAGE-EVIDENCE-INDEX.md#prose.13_1_four_agent_execution_model.548.1","not_claimed","No specific Grok implementation claim; Codex assigns Phase-14 classification from independent evidence review","prose.13_1_four_agent_execution_model.548.1","548","33a238e5c14ff1d4564f6ac522fe7e5e72c198a58a09e6771d1beeb8dda8b8ab"
"prose.13_2_independent_verification_model.552.1","evidence_requirement","Four **Codex 5.6 Sol Medium** agents independently verify the matching repository implementations:","OpenClaw (Grok Phase-13 coverage index; Codex classifies)","docs/execution/openclawdevelopmentplan01/PHASE-13-COVERAGE-EVIDENCE-INDEX.md#prose.13_2_independent_verification_model.552.1","not_claimed","No specific Grok implementation claim; Codex assigns Phase-14 classification from independent evidence review","prose.13_2_independent_verification_model.552.1","552","ec8542ae194f876e9a9b6b5441346d14abbab34afa504bb0a977967bca6908ff"
"list.13_2_independent_verification_model.554.1","task","LiNKbrain Codex verifier","OpenClaw Codex / LiNKbrain Codex / Principal","OUT: OpenClaw Codex Phase-14 verification + Principal accept gate (see docs/execution/openclawdevelopmentplan01/PHASE-13-PROVISIONAL-GROK-HANDOFF.md)","outside_ownership","Outside Grok execution ownership; Codex assigns Phase-14 classifications","list.13_2_independent_verification_model.554.1","554","57a4a5444e72156ee49af0649786b91fffa733bf1676eb64fa430798053f3748"
"list.13_2_independent_verification_model.555.2","task","LiNKskills Codex verifier","OpenClaw Codex / LiNKbrain Codex / Principal","OUT: OpenClaw Codex Phase-14 verification + Principal accept gate (see docs/execution/openclawdevelopmentplan01/PHASE-13-PROVISIONAL-GROK-HANDOFF.md)","outside_ownership","Outside Grok execution ownership; Codex assigns Phase-14 classifications","list.13_2_independent_verification_model.555.2","555","eef053290f2f77bd3d374a4c3d6b6f4118762a34461aa8a81783c7f25174e16d"
"list.13_2_independent_verification_model.556.3","task","LiNKplatform Codex verifier","OpenClaw Codex / LiNKbrain Codex / Principal","OUT: OpenClaw Codex Phase-14 verification + Principal accept gate (see docs/execution/openclawdevelopmentplan01/PHASE-13-PROVISIONAL-GROK-HANDOFF.md)","outside_ownership","Outside Grok execution ownership; Codex assigns Phase-14 classifications","list.13_2_independent_verification_model.556.3","556","2c96e60106cf3cd69beb0e07f1c948b7ddc97a3e90c0060909e2968bbab71912"
"list.13_2_independent_verification_model.557.4","task","OpenClaw Prime Codex verifier","OpenClaw Codex / LiNKbrain Codex / Principal","OUT: OpenClaw Codex Phase-14 verification + Principal accept gate (see docs/execution/openclawdevelopmentplan01/PHASE-13-PROVISIONAL-GROK-HANDOFF.md)","outside_ownership","Outside Grok execution ownership; Codex assigns Phase-14 classifications","list.13_2_independent_verification_model.557.4","557","629c2f56c469137e1580e417f5c970dd610f24045c20faae78ce0fa6f8c18f41"
"prose.13_2_independent_verification_model.559.1","evidence_requirement","The LiNKbrain Codex verifier is also the coordinating verifier. After all four independent reports exist, it reconciles the verified results across the four plans and sends the combined conclusion to the Principal","OpenClaw Codex / LiNKbrain Codex / Principal","OUT: OpenClaw Codex Phase-14 verification + Principal accept gate (see docs/execution/openclawdevelopmentplan01/PHASE-13-PROVISIONAL-GROK-HANDOFF.md)","outside_ownership","Outside Grok execution ownership; Codex assigns Phase-14 classifications","prose.13_2_independent_verification_model.559.1","559","1bf9c0988d9b2f5c3a9dff36f8ace8573044fddbb73a9ce4b6cb6d4fa673dd6c"
"prose.13_2_independent_verification_model.561.1","evidence_requirement","A Grok completion report is provisional until the matching Codex verifier examines the actual implementation and evidence. The OpenClaw Codex verifier:","OpenClaw Codex / LiNKbrain Codex / Principal","OUT: OpenClaw Codex Phase-14 verification + Principal accept gate (see docs/execution/openclawdevelopmentplan01/PHASE-13-PROVISIONAL-GROK-HANDOFF.md)","outside_ownership","Outside Grok execution ownership; Codex assigns Phase-14 classifications","prose.13_2_independent_verification_model.561.1","561","39ab152c1d3d09512f44ee8148d3c290a28180f92a621e567f426993169bb0df"
"list.13_2_independent_verification_model.563.5","task","must not accept the OpenClaw Grok summary, claims, or checklists as proof","OpenClaw (Grok Phase-13 coverage index; Codex classifies)","docs/execution/openclawdevelopmentplan01/PHASE-13-COVERAGE-EVIDENCE-INDEX.md#list.13_2_independent_verification_model.563.5","not_claimed","No specific Grok implementation claim; Codex assigns Phase-14 classification from independent evidence review","list.13_2_independent_verification_model.563.5","563","60db70c3db54efcbbb2ca1351b181bfbe4971ab8357caacbd92d3d84f4f60d07"
"list.13_2_independent_verification_model.564.6","task","must inspect actual code, configuration, tests, runtime evidence, stage evidence, production evidence, rollout, rollback, and coverage of this complete plan","Platform / Principal / Cursor maintenance (as labeled)","BLOCK: live/external gate named in plan item; OpenClaw fake-tier work is not live proof (docs/execution/openclawdevelopmentplan01/PHASE-13-PROVISIONAL-GROK-HANDOFF.md)","blocked","Label requires live/external proof beyond fake-tier OpenClaw work","list.13_2_independent_verification_model.564.6","564","88d76d7851c1d04358bc7168b86a70ed408961110359230f91b4df9c304d73fa"
"list.13_2_independent_verification_model.565.7","task","must report deficiencies through bounded correction work packets assigned to the original OpenClaw Grok owner","OpenClaw (Grok Phase-13 coverage index; Codex classifies)","docs/execution/openclawdevelopmentplan01/PHASE-13-COVERAGE-EVIDENCE-INDEX.md#list.13_2_independent_verification_model.565.7","not_claimed","No specific Grok implementation claim; Codex assigns Phase-14 classification from independent evidence review","list.13_2_independent_verification_model.565.7","565","5b24a29d7fc21662c1894fd3d74de55c759a2cad5bbf61d47b5ae5a95be4df4f"
"list.13_2_independent_verification_model.566.8","task","must not silently edit, repair, finish, or take over implementation unless the Principal explicitly changes the role assignment","OpenClaw (Grok Phase-13 coverage index; Codex classifies)","docs/execution/openclawdevelopmentplan01/PHASE-13-COVERAGE-EVIDENCE-INDEX.md#list.13_2_independent_verification_model.566.8","not_claimed","No specific Grok implementation claim; Codex assigns Phase-14 classification from independent evidence review","list.13_2_independent_verification_model.566.8","566","e5755ca4eb76775a30fc8899a12d8839f8703017f846144f355f487b6e6ac694"
"list.13_2_independent_verification_model.567.9","task","must preserve the distinction between independent verification and implementation ownership","OpenClaw (Grok Phase-13 coverage index; Codex classifies)","docs/execution/openclawdevelopmentplan01/PHASE-13-COVERAGE-EVIDENCE-INDEX.md#list.13_2_independent_verification_model.567.9","not_claimed","No specific Grok implementation claim; Codex assigns Phase-14 classification from independent evidence review","list.13_2_independent_verification_model.567.9","567","82e9f4cf2f1f9b6b37225350222455355ca883b38bd608c18d7937eaf5c18aa2"
"prose.13_2_independent_verification_model.569.1","gate","The OpenClaw Grok execution agent may demonstrate and explain its work, but it must not certify its own implementation or mark the independent verification gate passed","OpenClaw (Grok Phase-13 coverage index; Codex classifies)","docs/execution/openclawdevelopmentplan01/PHASE-13-COVERAGE-EVIDENCE-INDEX.md#prose.13_2_independent_verification_model.569.1","not_claimed","No specific Grok implementation claim; Codex assigns Phase-14 classification from independent evidence review","prose.13_2_independent_verification_model.569.1","569","5b612fc4d53325b34f3eb762c5d29906281ed866b44556a23743ec776542fe8f"
"prose.13_3_plan_conformance_classifications.573.1","evidence_requirement","The OpenClaw Codex verifier must classify every task, phase, test, gate, risk, evidence requirement, and definition-of-done item as exactly one of these seven values:","OpenClaw Codex / LiNKbrain Codex / Principal","OUT: OpenClaw Codex Phase-14 verification + Principal accept gate (see docs/execution/openclawdevelopmentplan01/PHASE-13-PROVISIONAL-GROK-HANDOFF.md)","outside_ownership","Outside Grok execution ownership; Codex assigns Phase-14 classifications","prose.13_3_plan_conformance_classifications.573.1","573","67726996b4b739731495c38a0e5038d7f2aa5d6e62e930d99d6e91859ef6f63d"
"prose.13_3_plan_conformance_classifications.583.1","evidence_requirement","No planned item may be left unclassified, grouped under an ambiguous status, or inferred complete from an execution summary. For each item, the verifier records the classification, evidence location, implementation owner, verifier conclusion, deficiency if any, and next action. Only `implemented and proven` satisfies a proof-bearing item. `Outside the execution agent's ownership` still requires the owning repository and its independent verification report before a cross-plan gate can pass","OpenClaw (Grok Phase-13 coverage index; Codex classifies)","docs/execution/openclawdevelopmentplan01/PHASE-13-COVERAGE-EVIDENCE-INDEX.md#prose.13_3_plan_conformance_classifications.583.1","not_claimed","No specific Grok implementation claim; Codex assigns Phase-14 classification from independent evidence review","prose.13_3_plan_conformance_classifications.583.1","583","4579442e6037a889ae73e7774588d885c97e82236dcf80e88b393117ef1a0c8d"
"ownership.matrix.13_4_repository_ownership_matrix.1","evidence_requirement","Ownership Brain Gateway, `brain_*`, domain behavior: Brain=Own; Skills=No change; Platform=Host/foundation support; OpenClaw=Consume","OpenClaw (Grok Phase-13 coverage index; Codex classifies)","docs/execution/openclawdevelopmentplan01/PHASE-13-COVERAGE-EVIDENCE-INDEX.md#ownership.matrix.13_4_repository_ownership_matrix.1","not_claimed","No specific Grok implementation claim; Codex assigns Phase-14 classification from independent evidence review","ownership.matrix.13_4_repository_ownership_matrix.1","589","1023eb1d3c93ddb01a818950a49525253e03fd7328edc15bfde8441d56017f48"
"ownership.matrix.13_4_repository_ownership_matrix.2","evidence_requirement","Ownership Skills Gateway, `skills_*`, domain behavior: Brain=No change; Skills=Own; Platform=Host/foundation support; OpenClaw=Consume","OpenClaw (Grok Phase-13 coverage index; Codex classifies)","docs/execution/openclawdevelopmentplan01/PHASE-13-COVERAGE-EVIDENCE-INDEX.md#ownership.matrix.13_4_repository_ownership_matrix.2","not_claimed","No specific Grok implementation claim; Codex assigns Phase-14 classification from independent evidence review","ownership.matrix.13_4_repository_ownership_matrix.2","590","d9ab2606e2d06e35b685890274767b7ccd9381237a3c38764897fb42a4f3ea32"
"ownership.matrix.13_4_repository_ownership_matrix.3","evidence_requirement","Ownership Canonical actor identity and credentials: Brain=Requirements/tests; Skills=Requirements/tests; Platform=Own/operate; OpenClaw=Consume/map","OpenClaw (Grok Phase-13 coverage index; Codex classifies)","docs/execution/openclawdevelopmentplan01/PHASE-13-COVERAGE-EVIDENCE-INDEX.md#ownership.matrix.13_4_repository_ownership_matrix.3","not_claimed","No specific Grok implementation claim; Codex assigns Phase-14 classification from independent evidence review","ownership.matrix.13_4_repository_ownership_matrix.3","591","e3476d2082588320d2bd678942d9be40799b27cf7438e70aed0bb7766620b877"
"ownership.matrix.13_4_repository_ownership_matrix.4","evidence_requirement","Ownership Domain migration source: Brain=Own `lbrain`; Skills=Own `lskills`; Platform=Review/apply/operate live; OpenClaw=No change","OpenClaw (Grok Phase-13 coverage index; Codex classifies)","docs/execution/openclawdevelopmentplan01/PHASE-13-COVERAGE-EVIDENCE-INDEX.md#ownership.matrix.13_4_repository_ownership_matrix.4","not_claimed","No specific Grok implementation claim; Codex assigns Phase-14 classification from independent evidence review","ownership.matrix.13_4_repository_ownership_matrix.4","592","97285c0d4912aa916b57f3483028ca30df1d39cf6c0091ac0cd4470676d2a670"
"ownership.matrix.13_4_repository_ownership_matrix.5","evidence_requirement","Ownership Generic Librarian host: Brain=Supply Brain worker; Skills=Supply Skills worker; Platform=Own/integrate/operate; OpenClaw=No change","OpenClaw (Grok Phase-13 coverage index; Codex classifies)","docs/execution/openclawdevelopmentplan01/PHASE-13-COVERAGE-EVIDENCE-INDEX.md#ownership.matrix.13_4_repository_ownership_matrix.5","not_claimed","No specific Grok implementation claim; Codex assigns Phase-14 classification from independent evidence review","ownership.matrix.13_4_repository_ownership_matrix.5","593","7f5af8f1c0ac6563c1e5817b53ba7244d9fd9ee393a6d03066676ad288070866"
"ownership.matrix.13_4_repository_ownership_matrix.6","evidence_requirement","Ownership OpenClaw plugins, hooks, MCP, outboxes, Lisa profile: Brain=Contracts/tests only; Skills=Contracts/tests only; Platform=Identity/hosting support; OpenClaw=Sole implementation owner","OpenClaw (Grok Phase-13 coverage index; Codex classifies)","docs/execution/openclawdevelopmentplan01/PHASE-13-COVERAGE-EVIDENCE-INDEX.md#ownership.matrix.13_4_repository_ownership_matrix.6","not_claimed","No specific Grok implementation claim; Codex assigns Phase-14 classification from independent evidence review","ownership.matrix.13_4_repository_ownership_matrix.6","594","36b9ede4ee4280444c201c9c48ad0a1f4464e45338422c2887ab43971f52f2c6"
"ownership.matrix.13_4_repository_ownership_matrix.7","evidence_requirement","Ownership Shared Codex host configuration: Brain=Default integration owner; Skills=Fragment/tests only; Platform=Identity/endpoints; OpenClaw=No change","OpenClaw (Grok Phase-13 coverage index; Codex classifies)","docs/execution/openclawdevelopmentplan01/PHASE-13-COVERAGE-EVIDENCE-INDEX.md#ownership.matrix.13_4_repository_ownership_matrix.7","not_claimed","No specific Grok implementation claim; Codex assigns Phase-14 classification from independent evidence review","ownership.matrix.13_4_repository_ownership_matrix.7","595","e0105b856f0e5bb6563aa3f69f651aa5c1372eb6baae04686b8e2cb82936bd3b"
"ownership.matrix.13_4_repository_ownership_matrix.8","evidence_requirement","Ownership Cursor Skills product canary: Brain=No change; Skills=Own; Platform=Identity/endpoints; OpenClaw=No change","OpenClaw (Grok Phase-13 coverage index; Codex classifies)","docs/execution/openclawdevelopmentplan01/PHASE-13-COVERAGE-EVIDENCE-INDEX.md#ownership.matrix.13_4_repository_ownership_matrix.8","not_claimed","No specific Grok implementation claim; Codex assigns Phase-14 classification from independent evidence review","ownership.matrix.13_4_repository_ownership_matrix.8","596","21e7fa7cc362a14c2f661a7cf04a09985407caa668ec5251dba63d0015f0dd83"
"ownership.matrix.13_4_repository_ownership_matrix.9","evidence_requirement","Ownership Program permission to act: Brain=Never; Skills=Never; Platform=Capability foundation only; OpenClaw=Respect host/Program authority","OpenClaw (Grok Phase-13 coverage index; Codex classifies)","docs/execution/openclawdevelopmentplan01/PHASE-13-COVERAGE-EVIDENCE-INDEX.md#ownership.matrix.13_4_repository_ownership_matrix.9","not_claimed","No specific Grok implementation claim; Codex assigns Phase-14 classification from independent evidence review","ownership.matrix.13_4_repository_ownership_matrix.9","597","8fde1d4739afe1baa883304cab22223fa93e3a6b1215379e303eccd9ff105662"
"prose.13_4_repository_ownership_matrix.599.1","evidence_requirement","Cross-repository ownership transfers require a coordinated work packet that names the exact files, owner, branch/worktree, contract inputs, acceptance criteria, and required handoff. A message, summary, shared development environment, or blocked dependency does not transfer ownership","OpenClaw (Grok Phase-13 coverage index; Codex classifies)","docs/execution/openclawdevelopmentplan01/PHASE-13-COVERAGE-EVIDENCE-INDEX.md#prose.13_4_repository_ownership_matrix.599.1","not_claimed","No specific Grok implementation claim; Codex assigns Phase-14 classification from independent evidence review","prose.13_4_repository_ownership_matrix.599.1","599","fc17c9477a147347750c32c78e4f92d41c799c3ab3fb0c412e02ab82f20180fa"
"prose.13_5_approved_plan_deviation_control.603.1","evidence_requirement","If the OpenClaw Grok execution agent believes a deviation is necessary, it must:","OpenClaw (Grok Phase-13 coverage index; Codex classifies)","docs/execution/openclawdevelopmentplan01/PHASE-13-COVERAGE-EVIDENCE-INDEX.md#prose.13_5_approved_plan_deviation_control.603.1","not_claimed","No specific Grok implementation claim; Codex assigns Phase-14 classification from independent evidence review","prose.13_5_approved_plan_deviation_control.603.1","603","e3c8c12e6e12b9e035ad8572b9f1f1c6882766654155fbbe90f29fd4679c918b"
"list.13_5_approved_plan_deviation_control.605.1","task","stop dependent work","OpenClaw (Grok Phase-13 coverage index; Codex classifies)","docs/execution/openclawdevelopmentplan01/PHASE-13-COVERAGE-EVIDENCE-INDEX.md#list.13_5_approved_plan_deviation_control.605.1","not_claimed","No specific Grok implementation claim; Codex assigns Phase-14 classification from independent evidence review","list.13_5_approved_plan_deviation_control.605.1","605","9785f0a0f48e8f6257201324fbf98672041cb13e605da1d65f5ec9aa8c23e37e"
"list.13_5_approved_plan_deviation_control.606.2","task","document the proposed deviation and reason","OpenClaw (Grok Phase-13 coverage index; Codex classifies)","docs/execution/openclawdevelopmentplan01/PHASE-13-COVERAGE-EVIDENCE-INDEX.md#list.13_5_approved_plan_deviation_control.606.2","not_claimed","No specific Grok implementation claim; Codex assigns Phase-14 classification from independent evidence review","list.13_5_approved_plan_deviation_control.606.2","606","5aad14aca5cdd11e541552aaa12e03af9d1fb60346236119aacaa0bb32bcfb4d"
"list.13_5_approved_plan_deviation_control.607.3","task","identify every affected plan, repository, interface, environment, and file","OpenClaw (Grok Phase-13 coverage index; Codex classifies)","docs/execution/openclawdevelopmentplan01/PHASE-13-COVERAGE-EVIDENCE-INDEX.md#list.13_5_approved_plan_deviation_control.607.3","not_claimed","No specific Grok implementation claim; Codex assigns Phase-14 classification from independent evidence review","list.13_5_approved_plan_deviation_control.607.3","607","222c2fcd4d6cdbe098f42ce4d5cf92a17a98b416108f19acf1b43b0135c26ee7"
"list.13_5_approved_plan_deviation_control.608.4","task","send the deviation packet to the OpenClaw Codex verifier and LiNKbrain coordinating verifier","OpenClaw Codex / LiNKbrain Codex / Principal","OUT: OpenClaw Codex Phase-14 verification + Principal accept gate (see docs/execution/openclawdevelopmentplan01/PHASE-13-PROVISIONAL-GROK-HANDOFF.md)","outside_ownership","Outside Grok execution ownership; Codex assigns Phase-14 classifications","list.13_5_approved_plan_deviation_control.608.4","608","84631f84828f64f81728296d32bf5f52beac06b38e2e08a168b59c57cd9673e6"
"list.13_5_approved_plan_deviation_control.609.5","task","wait for a recorded plan-level decision before dependent integration proceeds","OpenClaw (Grok Phase-13 coverage index; Codex classifies)","docs/execution/openclawdevelopmentplan01/PHASE-13-COVERAGE-EVIDENCE-INDEX.md#list.13_5_approved_plan_deviation_control.609.5","not_claimed","No specific Grok implementation claim; Codex assigns Phase-14 classification from independent evidence review","list.13_5_approved_plan_deviation_control.609.5","609","5b3cd9e39a5602dc7b0fac209ed2f75588a35595c2f1dc58a8a2ebc3eb156e7b"
"prose.13_5_approved_plan_deviation_control.611.1","gate","Execution convenience, schedule pressure, an unavailable dependency, or a passing local test does not authorize architecture, privacy, ownership, credential, evidence, canary, rollout, or rollback changes. Approved deviations must amend the relevant plan/version and be visible to all four execution and verification agents","OpenClaw (Grok Phase-13 coverage index; Codex classifies)","docs/execution/openclawdevelopmentplan01/PHASE-13-COVERAGE-EVIDENCE-INDEX.md#prose.13_5_approved_plan_deviation_control.611.1","not_claimed","No specific Grok implementation claim; Codex assigns Phase-14 classification from independent evidence review","prose.13_5_approved_plan_deviation_control.611.1","611","babbc7bc2842a80b1a71fc59294ab867315ae364d083d461c83ac3fc9d7fa3a5"
"prose.14_cross_plan_interface_gates.615.1","evidence_requirement","Agents may implement concurrently against frozen contracts and fakes, but no agent may claim a live gate passed without the named owner's independently verifiable evidence","OpenClaw (Grok Phase-13 coverage index; Codex classifies)","docs/execution/openclawdevelopmentplan01/PHASE-13-COVERAGE-EVIDENCE-INDEX.md#prose.14_cross_plan_interface_gates.615.1","not_claimed","No specific Grok implementation claim; Codex assigns Phase-14 classification from independent evidence review","prose.14_cross_plan_interface_gates.615.1","615","db83fa8764c11e75b2b4fefcbfed0631c3f002340bea4f825ee83646c284b456"
"cross_plan_gate.1","cross_plan_gate","Platform identity and credential gate. LiNKplatform owns canonical actor/runtime-binding records, claims, separate Brain/Skills credential lifecycle, issuer/audience/scope behavior, and secret injection. Brain, Skills, and OpenClaw supply requirements and tests; the Platform Codex verifier confirms the implementation and evidence","OpenClaw Codex / LiNKbrain Codex / Principal","OUT: OpenClaw Codex Phase-14 verification + Principal accept gate (see docs/execution/openclawdevelopmentplan01/PHASE-13-PROVISIONAL-GROK-HANDOFF.md)","outside_ownership","Outside Grok execution ownership; Codex assigns Phase-14 classifications","cross_plan_gate.1","617","1178d63d931f66f4f3eafd479f22fbdc6a2110d93f00a64c05591727d6717210"
"cross_plan_gate.2","cross_plan_gate","Brain contract, fake, and conformance gate. LiNKbrain owns the versioned Brain contract, fake, tool/domain behavior, idempotency, capture, coordination, and conformance evidence. OpenClaw may consume the frozen fake but cannot declare the Brain contract implemented","Platform / LiNKbrain / LiNKskills / Principal (named live gate)","BLOCK: docs/execution/openclawdevelopmentplan01/PHASE-13-PROVISIONAL-GROK-HANDOFF.md (live/stage/production uncleared; Phases 7–12 not started)","blocked","Live/stage/production or external-owner gate uncleared","cross_plan_gate.2","618","897ebf5561e26db756e1c2a55745e87562c6845beb6ca4b7d1e2781400b264d0"
"cross_plan_gate.3","cross_plan_gate","Skills contract, fake, certification-profile, and conformance gate. LiNKskills owns the versioned Skills contract, fake, immutable bundles, certified execution profiles, domain behavior, and conformance evidence. OpenClaw cannot replace execution-backed certification with prompt evidence","Platform / LiNKbrain / LiNKskills / Principal (named live gate)","BLOCK: docs/execution/openclawdevelopmentplan01/PHASE-13-PROVISIONAL-GROK-HANDOFF.md (live/stage/production uncleared; Phases 7–12 not started)","blocked","Live/stage/production or external-owner gate uncleared","cross_plan_gate.3","619","8c4a329f0dc9d10ff8d818c2905cd8be15394929a113d2ad66d051654b82660b"
"cross_plan_gate.4","cross_plan_gate","Platform migration and environment-readiness gate. LiNKplatform reviews/applies/operates live migrations and proves schema/data state, services, backup/restore, audit, Librarian host, and stage/production readiness. Repository fakes do not pass this gate","Platform / LiNKbrain / LiNKskills / Principal (named live gate)","BLOCK: docs/execution/openclawdevelopmentplan01/PHASE-13-PROVISIONAL-GROK-HANDOFF.md (live/stage/production uncleared; Phases 7–12 not started)","blocked","Live/stage/production or external-owner gate uncleared","cross_plan_gate.4","620","3835df60adfa480b3c54b533c83ee383a864f0c22d6f1420d2e65e9296a4fa19"
"cross_plan_gate.5","cross_plan_gate","OpenClaw implementation-ownership gate. Only the OpenClaw Grok execution agent implements OpenClaw plugins, hooks, managed MCP entries, outboxes, Lisa profile/configuration, OpenClaw tests, and rollout work. Other agents provide contracts, fixtures, and review rather than editing OpenClaw-owned surfaces","OpenClaw (Grok Phase-13 coverage index; Codex classifies)","docs/execution/openclawdevelopmentplan01/PHASE-13-COVERAGE-EVIDENCE-INDEX.md#cross_plan_gate.5","not_claimed","No specific Grok implementation claim; Codex assigns Phase-14 classification from independent evidence review","cross_plan_gate.5","621","183a44a146ccc01e2b4f4af95f82fb5b2c26a28efedb0f7f87d25d0844c6d16c"
"cross_plan_gate.6","cross_plan_gate","Brain Lisa stage and production gate. Brain owner, Platform owner, OpenClaw owner, their matching verifiers, and operations must accept the applicable Brain contract, environment, credential, privacy, retention, canary, failure/recovery, rollback, and real-activity evidence","Platform / LiNKbrain / LiNKskills / Principal (named live gate)","BLOCK: docs/execution/openclawdevelopmentplan01/PHASE-13-PROVISIONAL-GROK-HANDOFF.md (live/stage/production uncleared; Phases 7–12 not started)","blocked","Live/stage/production or external-owner gate uncleared","cross_plan_gate.6","622","045f1e9a3528c51f7a86ddf00d4149593a741337018812f0ab1fe5c2a1dde4e2"
"cross_plan_gate.7","cross_plan_gate","Skills Cursor and Codex readiness gate before Lisa Skills. The Skills owner and matching independent verifiers must prove Cursor and Codex readiness before the Lisa Skills canary starts. Lisa evidence cannot substitute for those consumer gates","Platform / LiNKbrain / LiNKskills / Principal (named live gate)","BLOCK: docs/execution/openclawdevelopmentplan01/PHASE-13-PROVISIONAL-GROK-HANDOFF.md (live/stage/production uncleared; Phases 7–12 not started)","blocked","Live/stage/production or external-owner gate uncleared","cross_plan_gate.7","623","48248b9a1bbad8652b0cad458695f71b3cfe918203090f5e663f8608062e111e"
"cross_plan_gate.8","cross_plan_gate","Skills certified-profile and Lisa stage/production gate. LiNKskills supplies verified immutable releases and certified profiles; Platform supplies identity/endpoints; OpenClaw proves Lisa consumption, structured telemetry, privacy, canary, and rollback under independent verification","Platform / LiNKbrain / LiNKskills / Principal (named live gate)","BLOCK: docs/execution/openclawdevelopmentplan01/PHASE-13-PROVISIONAL-GROK-HANDOFF.md (live/stage/production uncleared; Phases 7–12 not started)","blocked","Live/stage/production or external-owner gate uncleared","cross_plan_gate.8","624","f571d62cfc6199f81483815b41b1b349fa3980d6f796d4d367a0ad099601be25"
"cross_plan_gate.9","cross_plan_gate","Production credential and authoritative Lisa-profile mutation gate. Platform issues the production domain credential; the authorized OpenClaw operator performs and records the authoritative Lisa-profile mutation. No execution agent may infer permission from stage success, shared Cursor access, or credential availability","Platform / LiNKbrain / LiNKskills / Principal (named live gate)","BLOCK: docs/execution/openclawdevelopmentplan01/PHASE-13-PROVISIONAL-GROK-HANDOFF.md (live/stage/production uncleared; Phases 7–12 not started)","blocked","Live/stage/production or external-owner gate uncleared","cross_plan_gate.9","625","17f901cfd77fa131c389d3b0912168458306d93465885ab41f2ae5d5d137868a"
"cross_plan_gate.10","cross_plan_gate","Independent repository verification gate. Each Codex verifier must inspect the matching repository's actual implementation and issue a complete seven-classification report. A Grok handoff alone cannot pass this gate","OpenClaw Codex / LiNKbrain Codex / Principal","OUT: OpenClaw Codex Phase-14 verification + Principal accept gate (see docs/execution/openclawdevelopmentplan01/PHASE-13-PROVISIONAL-GROK-HANDOFF.md)","outside_ownership","Outside Grok execution ownership; Codex assigns Phase-14 classifications","cross_plan_gate.10","626","b82590ffc03dd6586335d58ad7166a0a4371215e16ae5ccfdebfc446cf69deb2"
"cross_plan_gate.11","cross_plan_gate","Four-plan reconciliation and Principal acceptance gate. The LiNKbrain Codex coordinating verifier reconciles all four independently verified reports, deviations, correction packets, and remaining contradictions. Only the Principal accepts final completion","OpenClaw Codex / LiNKbrain Codex / Principal","OUT: OpenClaw Codex Phase-14 verification + Principal accept gate (see docs/execution/openclawdevelopmentplan01/PHASE-13-PROVISIONAL-GROK-HANDOFF.md)","outside_ownership","Outside Grok execution ownership; Codex assigns Phase-14 classifications","cross_plan_gate.11","627","934cb520aa4ffba27982303d8a2de1df7aa63a8405f90adc0c2a9c4012cb3d73"
"prose.15_phased_implementation_plan.631.1","gate","Phases are deliberately gated. A later phase may prepare fixtures or documentation, but it may not claim an earlier gate or live environment has passed. The OpenClaw Grok execution agent owns OpenClaw implementation work in Phases 0 through 13. Phase 14 belongs only to the OpenClaw Codex verifier. Phase 15 belongs to the LiNKbrain Codex coordinating verifier, with final Principal acceptance","OpenClaw Codex / LiNKbrain Codex / Principal","OUT: OpenClaw Codex Phase-14 verification + Principal accept gate (see docs/execution/openclawdevelopmentplan01/PHASE-13-PROVISIONAL-GROK-HANDOFF.md)","outside_ownership","Outside Grok execution ownership; Codex assigns Phase-14 classifications","prose.15_phased_implementation_plan.631.1","631","43af57ae834d45c63373035730cea3f1352d9c9e66d77c8d6a38c0aa874d0299"
"phase.0.title","task","Phase 0: Approval, Snapshot, and Ownership Freeze","OpenClaw Grok (Phase 0 freeze packet)","docs/execution/openclawdevelopmentplan01/PHASE-0-FREEZE-PACKET.md [plan-item:phase.0.title]","implemented","Phase 0 freeze/approval evidence on branch (not extractor/validator tooling)","phase.0.title","633","9b653ca91529775502b9d4e0ce6e9257fcff4422f0df8461e3566dea6c3ec9c1"
"phase.0.objective","task","Objective: convert this proposal into an authorized, reproducible execution packet","OpenClaw Grok (Phase 0 freeze packet)","docs/execution/openclawdevelopmentplan01/PHASE-0-FREEZE-PACKET.md [plan-item:phase.0.objective]","implemented","Phase 0 freeze/approval evidence on branch (not extractor/validator tooling)","phase.0.objective","635","0f817982502f3a20f6add3e594a3c2979c8a8198aac1531dc786234763cb00ed"
"phase.0.work.1","task","obtain explicit Principal approval of this plan","OpenClaw Grok (Phase 0 freeze packet)","docs/archive/openclaw-prime-1.0/cursor-grok-paci/CURSOR-GROK-EXECUTION-PROMPT.md; docs/execution/openclawdevelopmentplan01/PHASE-0-FREEZE-PACKET.md §1 approved plan reference [plan-item:phase.0.work.1]","implemented","Phase 0 freeze/approval evidence on branch (not extractor/validator tooling)","phase.0.work.1","643","b864fdbd852fd609dfaa677a0cdef5871e7dea56229c004bd5f003aecb1c04f9"
"phase.0.work.2","task","record exact commits/hashes for OpenClaw and all three upstream plans","OpenClaw Grok (Phase 0 freeze packet)","docs/execution/openclawdevelopmentplan01/PHASE-0-FREEZE-PACKET.md §2 frozen hashes (OpenClaw + Platform/Brain/Skills plan SHA-256) [plan-item:phase.0.work.2]","implemented","Phase 0 freeze/approval evidence on branch (not extractor/validator tooling)","phase.0.work.2","644","fe1fb6d122389c3b3554ab448333db5abee6e4f1c0ebd78d39fddaa3244670a7"
"phase.0.work.3","task","obtain versioned contract/schema artifacts and named owners for Brain, Skills, and Platform","OpenClaw Grok (Phase 0 freeze packet)","docs/execution/openclawdevelopmentplan01/contracts/brain/PIN.json; docs/execution/openclawdevelopmentplan01/contracts/skills/PIN.json; docs/execution/openclawdevelopmentplan01/contracts/platform/PIN.json; docs/execution/openclawdevelopmentplan01/PHASE-0-FREEZE-PACKET.md §3 [plan-item:phase.0.work.3]","implemented","Phase 0 freeze/approval evidence on branch (not extractor/validator tooling)","phase.0.work.3","645","465100252ef3dcd5f1d1cb937ec43b3ef66c6cfc4a03321b3a102c42efade5df"
"phase.0.work.4","task","freeze the two-plugin/two-MCP, Brain-only conversation access, and independent-domain boundaries","OpenClaw Grok (Phase 0 freeze packet)","docs/execution/openclawdevelopmentplan01/PHASE-0-FREEZE-PACKET.md §5 boundary freeze [plan-item:phase.0.work.4]","implemented","Phase 0 freeze/approval evidence on branch (not extractor/validator tooling)","phase.0.work.4","646","edd39fab1abc40a3f0192a2d288c34970db7c10016a07b3eec7064bed2c767c1"
"phase.0.work.5","task","create the implementation branch/worktree and coordination records","OpenClaw Grok (Phase 0 freeze packet)","docs/execution/openclawdevelopmentplan01/PHASE-0-FREEZE-PACKET.md; docs/agent-sessions/completed/cursor-local-mac-mini-lisa-openclawdevelopmentplan01-20260727-1648.md [plan-item:phase.0.work.5]","implemented","Phase 0 freeze/approval evidence on branch (not extractor/validator tooling)","phase.0.work.5","647","a234ba425a89879f340546a1269cde5f84b3176ec0019db35601bb6a3052a740"
"phase.0.work.6","task","inventory active work for overlap","OpenClaw Grok (Phase 0 freeze packet)","docs/execution/openclawdevelopmentplan01/PHASE-0-FREEZE-PACKET.md §6 active work / overlap inventory [plan-item:phase.0.work.6]","implemented","Phase 0 freeze/approval evidence on branch (not extractor/validator tooling)","phase.0.work.6","648","272575a29aad6828d0ea385ad411c0557c1392c9e0984ea8362cf91197ab222e"
"phase.0.work.7","task","identify CODEOWNERS/maintainers for new plugins, public SDK, auth, MCP, runtime state, and Lisa profile","OpenClaw Grok (Phase 0 freeze packet)","docs/execution/openclawdevelopmentplan01/PHASE-0-FREEZE-PACKET.md §4 ownership matrix / CODEOWNERS surfaces [plan-item:phase.0.work.7]","implemented","Phase 0 freeze/approval evidence on branch (not extractor/validator tooling)","phase.0.work.7","649","28c7062f26f3c0c9a7432af867ad15a08dce2bf29ac52797e7f10cc52e8b5466"
"phase.0.work.8","task","record the environment, credential, migration, retention, and external Cursor gates","OpenClaw Grok (Phase 0 freeze packet)","docs/execution/openclawdevelopmentplan01/PHASE-0-FREEZE-PACKET.md §5–§6 environment, credential, migration, retention, and external Cursor gates [plan-item:phase.0.work.8]","implemented","Phase 0 freeze/approval evidence on branch (not extractor/validator tooling)","phase.0.work.8","650","9a4de1e18261538b4858623c588daee2c340ddbf77d66cafe4d03a85363ecb65"
"phase.0.deliverable.1","deliverable","approved plan reference, execution packet, owner matrix, frozen hashes, initial risk register","OpenClaw Grok (Phase 0 freeze packet)","docs/execution/openclawdevelopmentplan01/PHASE-0-FREEZE-PACKET.md; docs/archive/openclaw-prime-1.0/cursor-grok-paci/CURSOR-GROK-EXECUTION-PROMPT.md; docs/execution/openclawdevelopmentplan01/contracts/ [plan-item:phase.0.deliverable.1]","implemented","Phase 0 freeze/approval evidence on branch (not extractor/validator tooling)","phase.0.deliverable.1","652","79f18fbdec751c2f1cb8a93640515a34788d3817bd523e7d89f15b3ca77ec733"
"phase.0.exit_gate","exit_gate","Principal approval is recorded; every contract has a version and owner; no unresolved ownership collision; no implementation begins earlier","OpenClaw Grok (Phase 0 freeze packet)","docs/archive/openclaw-prime-1.0/cursor-grok-paci/CURSOR-GROK-EXECUTION-PROMPT.md (Principal authorization); docs/execution/openclawdevelopmentplan01/PHASE-0-FREEZE-PACKET.md §1–§3 [plan-item:phase.0.exit_gate]","implemented","Phase 0 freeze/approval evidence on branch (not extractor/validator tooling)","phase.0.exit_gate","654","2f911266fdb6c3d3ea7ba4fb7f1b6af1e3f763cd8bc5cb09389e160c65a4d147"
"phase.0.rollback","rollback","close the implementation packet without product changes","OpenClaw (rollback path recorded, not executed)","docs/execution/openclawdevelopmentplan01/PHASE-13-COVERAGE-EVIDENCE-INDEX.md#phase.0.rollback","not_claimed","Unexecuted rollback/recovery action; not claimed implemented","phase.0.rollback","656","5526a36ab34a7d5e79a6a09a38f53ffbdeb36bebf512a191b35cb0d2d590f346"
"phase.1.title","task","Phase 1: Contract and Fake Freeze","OpenClaw (Grok Phase-13 coverage index; Codex classifies)","docs/execution/openclawdevelopmentplan01/PHASE-13-COVERAGE-EVIDENCE-INDEX.md#phase.1.title","not_claimed","No specific Grok implementation claim; Codex assigns Phase-14 classification from independent evidence review","phase.1.title","658","b9c97069c102167f9ebce1a6420604dcfa6206037ad44a67a349e3617bdfea0a"
"phase.1.objective","task","Objective: prove OpenClaw can implement the approved contracts without relying on an unavailable live Platform environment","Platform / Principal / Cursor maintenance (as labeled)","BLOCK: live/external gate named in plan item; OpenClaw fake-tier work is not live proof (docs/execution/openclawdevelopmentplan01/PHASE-13-PROVISIONAL-GROK-HANDOFF.md)","blocked","Label requires live/external proof beyond fake-tier OpenClaw work","phase.1.objective","660","c33662088749f14a0fee7736a508a877bdf88805dd87e183c74b889dcc58e4f5"
"phase.1.work.1","task","create sanitized versioned fixtures described in Section 9.3","OpenClaw (Grok Phase-13 coverage index; Codex classifies)","docs/execution/openclawdevelopmentplan01/PHASE-13-COVERAGE-EVIDENCE-INDEX.md#phase.1.work.1","not_claimed","No specific Grok implementation claim; Codex assigns Phase-14 classification from independent evidence review","phase.1.work.1","668","8f8ad85ce62fea23abe579e5084ed3613f16d5991c25ecbbec04398083a8a75d"
"phase.1.work.2","task","build deterministic Brain and Skills fake servers that are process- and port-isolated","OpenClaw (Grok Phase-13 coverage index; Codex classifies)","docs/execution/openclawdevelopmentplan01/PHASE-13-COVERAGE-EVIDENCE-INDEX.md#phase.1.work.2","not_claimed","No specific Grok implementation claim; Codex assigns Phase-14 classification from independent evidence review","phase.1.work.2","669","5a36aec84cbda185fb99f2cf726d3c45903093afa6de8b2d854166fe1e9e9057"
"phase.1.work.3","task","implement fake authentication outcomes, idempotency, retry hints, throttling, revocation, health, and version negotiation","OpenClaw (Grok Phase-13 coverage index; Codex classifies)","docs/execution/openclawdevelopmentplan01/PHASE-13-COVERAGE-EVIDENCE-INDEX.md#phase.1.work.3","not_claimed","No specific Grok implementation claim; Codex assigns Phase-14 classification from independent evidence review","phase.1.work.3","670","0c4802efc358d5d81f4fdcce79b9da0716262450a9bde5f67fc8ec536030264f"
"phase.1.work.4","task","ensure the Skills fake rejects conversation/content fields","OpenClaw (Grok Phase-13 coverage index; Codex classifies)","docs/execution/openclawdevelopmentplan01/PHASE-13-COVERAGE-EVIDENCE-INDEX.md#phase.1.work.4","not_claimed","No specific Grok implementation claim; Codex assigns Phase-14 classification from independent evidence review","phase.1.work.4","671","f66a3f19051fe9b627d1301225f647060ff1bec1290713e0ff8fd5f3345898df"
"phase.1.work.5","task","ensure the Brain fake rejects secret/reasoning/unbounded payload categories","OpenClaw (Grok Phase-13 coverage index; Codex classifies)","docs/execution/openclawdevelopmentplan01/PHASE-13-COVERAGE-EVIDENCE-INDEX.md#phase.1.work.5","not_claimed","No specific Grok implementation claim; Codex assigns Phase-14 classification from independent evidence review","phase.1.work.5","672","8a4d8b390c039204645529c3768546823137e086dc5b8f1f0464bd9b164814b2"
"phase.1.work.6","task","specify exact MCP tool filters and expected schemas","OpenClaw (Grok Phase-13 coverage index; Codex classifies)","docs/execution/openclawdevelopmentplan01/PHASE-13-COVERAGE-EVIDENCE-INDEX.md#phase.1.work.6","not_claimed","No specific Grok implementation claim; Codex assigns Phase-14 classification from independent evidence review","phase.1.work.6","673","1cc7de9b12aac773ac33e822ae0293336012908cf3a96cea77a41e902023f367"
"phase.1.work.7","task","decide, with Platform, the preferred OAuth/auth-profile or secret-injection mechanism","OpenClaw (Grok Phase-13 coverage index; Codex classifies)","docs/execution/openclawdevelopmentplan01/PHASE-13-COVERAGE-EVIDENCE-INDEX.md#phase.1.work.7","not_claimed","No specific Grok implementation claim; Codex assigns Phase-14 classification from independent evidence review","phase.1.work.7","674","b4b9cee1ee66075f49be20c0ef82fcbf701946a09ad0b7d3f3cdf71f71d4e730"
"phase.1.work.8","task","prototype public keyed-store lease and ordered-drain semantics with no product behavior","OpenClaw (Grok Phase-13 coverage index; Codex classifies)","docs/execution/openclawdevelopmentplan01/PHASE-13-COVERAGE-EVIDENCE-INDEX.md#phase.1.work.8","not_claimed","No specific Grok implementation claim; Codex assigns Phase-14 classification from independent evidence review","phase.1.work.8","675","0a69a52cd059fded09c1fddbf271768177fb385642f5de054907252ca612554f"
"phase.1.work.9","task","measure record size, transaction behavior, and ordering under restart/concurrency","OpenClaw (Grok Phase-13 coverage index; Codex classifies)","docs/execution/openclawdevelopmentplan01/PHASE-13-COVERAGE-EVIDENCE-INDEX.md#phase.1.work.9","not_claimed","No specific Grok implementation claim; Codex assigns Phase-14 classification from independent evidence review","phase.1.work.9","676","251f3184b77e629f8fde855c00a22c9db92fc17b865335312aab61464819cf03"
"phase.1.work.10","task","stop for a generic SDK proposal if correct semantics are impossible through public surfaces","OpenClaw (Grok Phase-13 coverage index; Codex classifies)","docs/execution/openclawdevelopmentplan01/PHASE-13-COVERAGE-EVIDENCE-INDEX.md#phase.1.work.10","not_claimed","No specific Grok implementation claim; Codex assigns Phase-14 classification from independent evidence review","phase.1.work.10","677","e0c817a5bf49d44cc20517fe5d5359550548d3012de2284048b9bf2daa5be115"
"phase.1.deliverable.1","deliverable","contract fixture package, fakes, compatibility matrix, outbox prototype findings, auth ADR linkage","OpenClaw (Grok Phase-13 coverage index; Codex classifies)","docs/execution/openclawdevelopmentplan01/PHASE-13-COVERAGE-EVIDENCE-INDEX.md#phase.1.deliverable.1","not_claimed","No specific Grok implementation claim; Codex assigns Phase-14 classification from independent evidence review","phase.1.deliverable.1","679","c2495e3d4d308fdf87f7d67429532a8c100e7cedd6c798261f806c25cc88d659"
"phase.1.test.1","test","contract parse tests, negative-field tests, duplicate/replay tests, auth matrix, deterministic ordering, fake crash/restart, cross-domain rejection","OpenClaw (Grok Phase-13 coverage index; Codex classifies)","docs/execution/openclawdevelopmentplan01/PHASE-13-COVERAGE-EVIDENCE-INDEX.md#phase.1.test.1","not_claimed","No specific Grok implementation claim; Codex assigns Phase-14 classification from independent evidence review","phase.1.test.1","681","cd85733240ca8996575b30de1f648b3a0232aa1b6ebf62d19e9dd51c3c55a4fa"
"phase.1.exit_gate","exit_gate","both domain owners approve fixtures; Platform approves the auth consumption path; current public OpenClaw surfaces are sufficient or an approved generic SDK prerequisite exists","OpenClaw (Grok Phase-13 coverage index; Codex classifies)","docs/execution/openclawdevelopmentplan01/PHASE-13-COVERAGE-EVIDENCE-INDEX.md#phase.1.exit_gate","not_claimed","No specific Grok implementation claim; Codex assigns Phase-14 classification from independent evidence review","phase.1.exit_gate","683","abbabb8e4bf233ad5dca1482f6efb0eb207c53025dcba389d2b511aa35c36e2b"
"phase.1.rollback","rollback","remove only the fixture/fake branch changes; no Lisa or live service state exists","OpenClaw (rollback path recorded, not executed)","docs/execution/openclawdevelopmentplan01/PHASE-13-COVERAGE-EVIDENCE-INDEX.md#phase.1.rollback","not_claimed","Unexecuted rollback/recovery action; not claimed implemented","phase.1.rollback","685","cbac20e30d4878712252d67df7e8c2f0864d441dab5ca4c30665007c0630c380"
"phase.2.title","task","Phase 2: Brain Plugin Skeleton and Local State","OpenClaw (Grok Phase-13 coverage index; Codex classifies)","docs/execution/openclawdevelopmentplan01/PHASE-13-COVERAGE-EVIDENCE-INDEX.md#phase.2.title","not_claimed","No specific Grok implementation claim; Codex assigns Phase-14 classification from independent evidence review","phase.2.title","687","32ed1ce8f1909059588c6f78b3348f90c90e76c5144b395b0cf80d13b2bcd132"
"phase.2.objective","task","Objective: add a default-disabled Brain adapter with no live endpoint and no Lisa activation","OpenClaw (Grok Phase-13 coverage index; Codex classifies)","docs/execution/openclawdevelopmentplan01/PHASE-13-COVERAGE-EVIDENCE-INDEX.md#phase.2.objective","not_claimed","No specific Grok implementation claim; Codex assigns Phase-14 classification from independent evidence review","phase.2.objective","689","0051a7bd8715292250e1bab51e01e7088cdf0a34a1387ed712541d168fd61716"
"phase.2.work.1","task","add manifest, entry point, config schema, secret-input contract, diagnostic surface, and default-disabled registration","OpenClaw (Grok Phase-13 coverage index; Codex classifies)","docs/execution/openclawdevelopmentplan01/PHASE-13-COVERAGE-EVIDENCE-INDEX.md#phase.2.work.1","not_claimed","No specific Grok implementation claim; Codex assigns Phase-14 classification from independent evidence review","phase.2.work.1","695","6fda650ad27015e84c78e620eaade729175e039d7565097bb94b4490468d9653"
"phase.2.work.2","task","explicitly require `hooks.allowConversationAccess: true` when Brain hook features are enabled","OpenClaw (Grok Phase-13 coverage index; Codex classifies)","docs/execution/openclawdevelopmentplan01/PHASE-13-COVERAGE-EVIDENCE-INDEX.md#phase.2.work.2","not_claimed","No specific Grok implementation claim; Codex assigns Phase-14 classification from independent evidence review","phase.2.work.2","696","ae02ee3d70a40c076f94590f902f22be5ee506b6361a82b7bdc71a26753ed532"
"phase.2.work.3","task","implement typed internal event envelopes and allowlist redaction","OpenClaw (Grok Phase-13 coverage index; Codex classifies)","docs/execution/openclawdevelopmentplan01/PHASE-13-COVERAGE-EVIDENCE-INDEX.md#phase.2.work.3","not_claimed","No specific Grok implementation claim; Codex assigns Phase-14 classification from independent evidence review","phase.2.work.3","697","b1cae1b56cf93d998c46184cf9eca07cdf6a4e47ad48d536849d6a6557b1f8a2"
"phase.2.work.4","task","open only `linkbrain` keyed-store namespaces","OpenClaw (Grok Phase-13 coverage index; Codex classifies)","docs/execution/openclawdevelopmentplan01/PHASE-13-COVERAGE-EVIDENCE-INDEX.md#phase.2.work.4","not_claimed","No specific Grok implementation claim; Codex assigns Phase-14 classification from independent evidence review","phase.2.work.4","698","d9f431db4ea62ef044b11036887d2da1d29aa566e24cdfcff74322841c9e117c"
"phase.2.work.5","task","implement deterministic enqueue, lease, drain, retry, dead-letter, health, and shutdown behavior against the fake","OpenClaw (Grok Phase-13 coverage index; Codex classifies)","docs/execution/openclawdevelopmentplan01/PHASE-13-COVERAGE-EVIDENCE-INDEX.md#phase.2.work.5","not_claimed","No specific Grok implementation claim; Codex assigns Phase-14 classification from independent evidence review","phase.2.work.5","699","2cf59d9744df5937a74a27d0749feb2693cb65c4a3f06ff9802b6883ef2748fd"
"phase.2.work.6","task","implement idempotency keys and replay-safe acknowledgements","OpenClaw (Grok Phase-13 coverage index; Codex classifies)","docs/execution/openclawdevelopmentplan01/PHASE-13-COVERAGE-EVIDENCE-INDEX.md#phase.2.work.6","not_claimed","No specific Grok implementation claim; Codex assigns Phase-14 classification from independent evidence review","phase.2.work.6","700","5e861d10cf3bcf1fa8f14f756d3bea3aa880f60208ebe3ddb24a2eb68d5dd46d"
"phase.2.work.7","task","implement independent Brain flags","OpenClaw (Grok Phase-13 coverage index; Codex classifies)","docs/execution/openclawdevelopmentplan01/PHASE-13-COVERAGE-EVIDENCE-INDEX.md#phase.2.work.7","not_claimed","No specific Grok implementation claim; Codex assigns Phase-14 classification from independent evidence review","phase.2.work.7","701","bc741e2c418a29835094dfaf2398f6198185ce53e1bb4b8c14ed349dea3d4438"
"phase.2.work.8","task","add capacity and oldest-age diagnostics without payload exposure","OpenClaw (Grok Phase-13 coverage index; Codex classifies)","docs/execution/openclawdevelopmentplan01/PHASE-13-COVERAGE-EVIDENCE-INDEX.md#phase.2.work.8","not_claimed","No specific Grok implementation claim; Codex assigns Phase-14 classification from independent evidence review","phase.2.work.8","702","e98415b8c2f9ab639df1c51212b6e7018909956fbaf3c5ab2e9c39bba377680a"
"phase.2.work.9","task","keep remote I/O off ordinary message critical paths","OpenClaw (Grok Phase-13 coverage index; Codex classifies)","docs/execution/openclawdevelopmentplan01/PHASE-13-COVERAGE-EVIDENCE-INDEX.md#phase.2.work.9","not_claimed","No specific Grok implementation claim; Codex assigns Phase-14 classification from independent evidence review","phase.2.work.9","703","0e189a70ea465e0c1bd1278efd2ff9b4b75400a2f3a58df27dd5276606b294ba"
"phase.2.work.10","task","prove plugin disable/uninstall leaves native OpenClaw behavior unchanged","OpenClaw (Grok Phase-13 coverage index; Codex classifies)","docs/execution/openclawdevelopmentplan01/PHASE-13-COVERAGE-EVIDENCE-INDEX.md#phase.2.work.10","not_claimed","No specific Grok implementation claim; Codex assigns Phase-14 classification from independent evidence review","phase.2.work.10","704","b0633d3d3e866e07351313908afb056a78b01e8621263cb09c2d37fb85b06ccc"
"phase.2.test.1","test","manifest/config validation, secret redaction, state isolation, ordering, duplicate/replay, lease contention, retry/backoff, restart recovery, overflow rejection, dead-letter, shutdown, plugin-disabled baseline","OpenClaw (Grok Phase-13 coverage index; Codex classifies)","docs/execution/openclawdevelopmentplan01/PHASE-13-COVERAGE-EVIDENCE-INDEX.md#phase.2.test.1","not_claimed","No specific Grok implementation claim; Codex assigns Phase-14 classification from independent evidence review","phase.2.test.1","706","fe00fd34dac3794f20bd392a3cbec08680971deca6a40d49830b823ade753dfd"
"phase.2.exit_gate","exit_gate","focused tests pass; no core-private import or file state exists; plugin is default-disabled; no live Lisa change","OpenClaw (Grok Phase-13 coverage index; Codex classifies)","docs/execution/openclawdevelopmentplan01/PHASE-13-COVERAGE-EVIDENCE-INDEX.md#phase.2.exit_gate","not_claimed","No specific Grok implementation claim; Codex assigns Phase-14 classification from independent evidence review","phase.2.exit_gate","708","8d18d3806fb67cf0b1873ca42b5fa7a8d1673a4fed6ffb96037b3be68eb82480"
"phase.2.rollback","rollback","disable/remove the Brain plugin registration; its plugin-owned SQLite entries may be retained for diagnosis or purged through an approved operator action","OpenClaw (rollback path recorded, not executed)","docs/execution/openclawdevelopmentplan01/PHASE-13-COVERAGE-EVIDENCE-INDEX.md#phase.2.rollback","not_claimed","Unexecuted rollback/recovery action; not claimed implemented","phase.2.rollback","710","1e2ae5cb44dd847aebec4f2e81bc7824fb5094efb5c033898f3f31374595d759"
"phase.3.title","task","Phase 3: Brain Lifecycle Capture and Coordination Mapping","OpenClaw (Grok Phase-13 coverage index; Codex classifies)","docs/execution/openclawdevelopmentplan01/PHASE-13-COVERAGE-EVIDENCE-INDEX.md#phase.3.title","not_claimed","No specific Grok implementation claim; Codex assigns Phase-14 classification from independent evidence review","phase.3.title","712","805f114d00e75d254ca6738af97356bba5498ad0250ac63d26b2adf05fdc613e"
"phase.3.objective","task","Objective: translate approved OpenClaw lifecycle events into the frozen Brain contract","OpenClaw (Grok Phase-13 coverage index; Codex classifies)","docs/execution/openclawdevelopmentplan01/PHASE-13-COVERAGE-EVIDENCE-INDEX.md#phase.3.objective","not_claimed","No specific Grok implementation claim; Codex assigns Phase-14 classification from independent evidence review","phase.3.objective","714","304e76b54591cee025291cf663e4091e8002303ce7081b40a7730c5f65be5abc"
"phase.3.work.1","task","implement the hook table in Section 10.1 one event at a time","OpenClaw (Grok Phase-13 coverage index; Codex classifies)","docs/execution/openclawdevelopmentplan01/PHASE-13-COVERAGE-EVIDENCE-INDEX.md#phase.3.work.1","not_claimed","No specific Grok implementation claim; Codex assigns Phase-14 classification from independent evidence review","phase.3.work.1","718","1d1b45ed65fe0dd0dc50329cf9fbd7f9d46c0ec5365ac105c2f35318a523b0e2"
"phase.3.work.2","task","add bounded local capture batching and compaction/reset/end flush boundaries","OpenClaw (Grok Phase-13 coverage index; Codex classifies)","docs/execution/openclawdevelopmentplan01/PHASE-13-COVERAGE-EVIDENCE-INDEX.md#phase.3.work.2","not_claimed","No specific Grok implementation claim; Codex assigns Phase-14 classification from independent evidence review","phase.3.work.2","719","2be26ca83086fa954ff8dac2c5f92e1ce0b27ea87546ab048f3965b0cc8e5344"
"phase.3.work.3","task","implement AbortController and per-operation bounds independent of host hook timeouts","OpenClaw (Grok Phase-13 coverage index; Codex classifies)","docs/execution/openclawdevelopmentplan01/PHASE-13-COVERAGE-EVIDENCE-INDEX.md#phase.3.work.3","not_claimed","No specific Grok implementation claim; Codex assigns Phase-14 classification from independent evidence review","phase.3.work.3","720","d6d03246288991300c10a657d154a5690669e5e9df5f766d1a4126f06d9b0e11"
"phase.3.work.4","task","exclude chain-of-thought, prompt bodies, secrets, raw large tool output, and attachments","OpenClaw (Grok Phase-13 coverage index; Codex classifies)","docs/execution/openclawdevelopmentplan01/PHASE-13-COVERAGE-EVIDENCE-INDEX.md#phase.3.work.4","not_claimed","No specific Grok implementation claim; Codex assigns Phase-14 classification from independent evidence review","phase.3.work.4","721","ce8bf4e5c6d13635fc9f62db89269648579200c0d387f38088fb044999554957"
"phase.3.work.5","task","map opaque actor/binding/session/task/run/subagent correlations","OpenClaw (Grok Phase-13 coverage index; Codex classifies)","docs/execution/openclawdevelopmentplan01/PHASE-13-COVERAGE-EVIDENCE-INDEX.md#phase.3.work.5","not_claimed","No specific Grok implementation claim; Codex assigns Phase-14 classification from independent evidence review","phase.3.work.5","722","fa291a6c3a7e30acd5a462cd6545aa7142bb7a85c6885eb5d673f6e8d4c0722b"
"phase.3.work.6","task","expose Brain MCP tools through the managed entry fake and enforce allowlists","OpenClaw (Grok Phase-13 coverage index; Codex classifies)","docs/execution/openclawdevelopmentplan01/PHASE-13-COVERAGE-EVIDENCE-INDEX.md#phase.3.work.6","not_claimed","No specific Grok implementation claim; Codex assigns Phase-14 classification from independent evidence review","phase.3.work.6","723","85c08402732cc29bb35e263b902cb0ffe32234a49610df2cc304692a3a7f3a05"
"phase.3.work.7","task","preserve native compaction, reset, message delivery, local memory, cron, and channels during every Brain failure mode","OpenClaw (Grok Phase-13 coverage index; Codex classifies)","docs/execution/openclawdevelopmentplan01/PHASE-13-COVERAGE-EVIDENCE-INDEX.md#phase.3.work.7","not_claimed","No specific Grok implementation claim; Codex assigns Phase-14 classification from independent evidence review","phase.3.work.7","724","4ec60e8f29f205ed45e10382a266990eb148599cc68fbd4f8302d66b1e7bd4c6"
"phase.3.work.8","task","implement high-risk cautious/advisory behavior only where the frozen Brain contract requires it","OpenClaw (Grok Phase-13 coverage index; Codex classifies)","docs/execution/openclawdevelopmentplan01/PHASE-13-COVERAGE-EVIDENCE-INDEX.md#phase.3.work.8","not_claimed","No specific Grok implementation claim; Codex assigns Phase-14 classification from independent evidence review","phase.3.work.8","725","e4c6874ab1274057561e443d58f9f3471cf064aa12becae78d7e212677ce15c2"
"phase.3.work.9","task","test all coordination writes with idempotency and task-start transaction semantics at the Gateway boundary","OpenClaw (Grok Phase-13 coverage index; Codex classifies)","docs/execution/openclawdevelopmentplan01/PHASE-13-COVERAGE-EVIDENCE-INDEX.md#phase.3.work.9","not_claimed","No specific Grok implementation claim; Codex assigns Phase-14 classification from independent evidence review","phase.3.work.9","726","e9d57728950b8c222e6f5325920a5818edd8daeae8dcfb5ae0ec48157eb3cc4c"
"phase.3.test.1","test","each lifecycle hook, duplicate callbacks, compaction race, reset race, gateway stop with backlog, hook timeout with uncancelled-work prevention, subagent parentage, secret canaries, native behavior invariants, coordination tool contract suite","OpenClaw (Grok Phase-13 coverage index; Codex classifies)","docs/execution/openclawdevelopmentplan01/PHASE-13-COVERAGE-EVIDENCE-INDEX.md#phase.3.test.1","not_claimed","No specific Grok implementation claim; Codex assigns Phase-14 classification from independent evidence review","phase.3.test.1","728","d955c660fcb34a280e55c103c71a603c380524dc5ff4d81e00542fd89a7cd87d"
"phase.3.exit_gate","exit_gate","Brain fake evidence shows loss-bounded durable capture and correct coordination; privacy suite proves exclusions; native OpenClaw regression suite passes","OpenClaw (Grok Phase-13 coverage index; Codex classifies)","docs/execution/openclawdevelopmentplan01/PHASE-13-COVERAGE-EVIDENCE-INDEX.md#phase.3.exit_gate","not_claimed","No specific Grok implementation claim; Codex assigns Phase-14 classification from independent evidence review","phase.3.exit_gate","730","43abfeba7eb6c3a1a8175d740d5efba60f25ac6e87b43fa5a56d66a127b4f7bd"
"phase.3.rollback","rollback","disable Brain hook flags and drain; retain the managed MCP read path only if separately approved and healthy","OpenClaw (rollback path recorded, not executed)","docs/execution/openclawdevelopmentplan01/PHASE-13-COVERAGE-EVIDENCE-INDEX.md#phase.3.rollback","not_claimed","Unexecuted rollback/recovery action; not claimed implemented","phase.3.rollback","732","7a5357056bdb67d4c8189b5a9e9fae32c3e7c488c41c1dbbaf27af38a5c56b1d"
"phase.4.title","task","Phase 4: Skills Plugin Skeleton and Structured Telemetry","OpenClaw (Grok Phase-13 coverage index; Codex classifies)","docs/execution/openclawdevelopmentplan01/PHASE-13-COVERAGE-EVIDENCE-INDEX.md#phase.4.title","not_claimed","No specific Grok implementation claim; Codex assigns Phase-14 classification from independent evidence review","phase.4.title","734","d4225754a01251015d03209318d020010cd8641ed84ac0f91964408b1845b88f"
"phase.4.objective","task","Objective: add a default-disabled Skills adapter that never receives conversation content","OpenClaw (Grok Phase-13 coverage index; Codex classifies)","docs/execution/openclawdevelopmentplan01/PHASE-13-COVERAGE-EVIDENCE-INDEX.md#phase.4.objective","not_claimed","No specific Grok implementation claim; Codex assigns Phase-14 classification from independent evidence review","phase.4.objective","736","d46a73f58900119f9bfcbddb02926c18db6041f0aa0a787932fe5094c5ed3208"
"phase.4.work.1","task","add manifest, entry point, config schema, secret-input contract, diagnostic surface, and default-disabled registration","OpenClaw (Grok Phase-13 coverage index; Codex classifies)","docs/execution/openclawdevelopmentplan01/PHASE-13-COVERAGE-EVIDENCE-INDEX.md#phase.4.work.1","not_claimed","No specific Grok implementation claim; Codex assigns Phase-14 classification from independent evidence review","phase.4.work.1","742","46f83e14b1b85560049f947cec3c821c5441540c857af237d790457cf8ecd86b"
"phase.4.work.2","task","omit `hooks.allowConversationAccess` or set it false","OpenClaw (Grok Phase-13 coverage index; Codex classifies)","docs/execution/openclawdevelopmentplan01/PHASE-13-COVERAGE-EVIDENCE-INDEX.md#phase.4.work.2","not_claimed","No specific Grok implementation claim; Codex assigns Phase-14 classification from independent evidence review","phase.4.work.2","743","89130da33d3fb522ea2064b5663180b040567448da51defa0546cc1cd52ee328"
"phase.4.work.3","task","prohibit registration of all conversation/prompt/message-bearing hooks","OpenClaw (Grok Phase-13 coverage index; Codex classifies)","docs/execution/openclawdevelopmentplan01/PHASE-13-COVERAGE-EVIDENCE-INDEX.md#phase.4.work.3","not_claimed","No specific Grok implementation claim; Codex assigns Phase-14 classification from independent evidence review","phase.4.work.3","744","92112af540b68978052751d063091c33a5bbed69fb306db8126ac6551166dba1"
"phase.4.work.4","task","implement allowlisted structured event envelopes","OpenClaw (Grok Phase-13 coverage index; Codex classifies)","docs/execution/openclawdevelopmentplan01/PHASE-13-COVERAGE-EVIDENCE-INDEX.md#phase.4.work.4","not_claimed","No specific Grok implementation claim; Codex assigns Phase-14 classification from independent evidence review","phase.4.work.4","745","fbec259d228dc7907f7390b5dd1526379f7951abeddebdcb240aa09b49ceb7fd"
"phase.4.work.5","task","open only `linkskills` keyed-store namespaces","OpenClaw (Grok Phase-13 coverage index; Codex classifies)","docs/execution/openclawdevelopmentplan01/PHASE-13-COVERAGE-EVIDENCE-INDEX.md#phase.4.work.5","not_claimed","No specific Grok implementation claim; Codex assigns Phase-14 classification from independent evidence review","phase.4.work.5","746","c6cce5c38ba007668ab5bd113cb790a8ef6a9656b171ca99c55b64b7c701dc72"
"phase.4.work.6","task","implement independent enqueue, lease, drain, retry, dead-letter, health, and shutdown behavior against the Skills fake","OpenClaw (Grok Phase-13 coverage index; Codex classifies)","docs/execution/openclawdevelopmentplan01/PHASE-13-COVERAGE-EVIDENCE-INDEX.md#phase.4.work.6","not_claimed","No specific Grok implementation claim; Codex assigns Phase-14 classification from independent evidence review","phase.4.work.6","747","87694ea9f25a9ca35e304fb984b21260f705815dab32e922ada8641e217f61fa"
"phase.4.work.7","task","expose exact immutable release and certified execution-profile fields","OpenClaw (Grok Phase-13 coverage index; Codex classifies)","docs/execution/openclawdevelopmentplan01/PHASE-13-COVERAGE-EVIDENCE-INDEX.md#phase.4.work.7","not_claimed","No specific Grok implementation claim; Codex assigns Phase-14 classification from independent evidence review","phase.4.work.7","748","44f57dc439fdc13e42aeee1e601f33ac53920a72cb2d5d1a38dc7deedd9956f2"
"phase.4.work.8","task","implement independent Skills flags","OpenClaw (Grok Phase-13 coverage index; Codex classifies)","docs/execution/openclawdevelopmentplan01/PHASE-13-COVERAGE-EVIDENCE-INDEX.md#phase.4.work.8","not_claimed","No specific Grok implementation claim; Codex assigns Phase-14 classification from independent evidence review","phase.4.work.8","749","414e172aedd885e28de7099af327e9d4ed6a64fd5bf7db1b7a734347cbe4210a"
"phase.4.work.9","task","prove Brain and non-Skills tool activity creates no Skills event","OpenClaw (Grok Phase-13 coverage index; Codex classifies)","docs/execution/openclawdevelopmentplan01/PHASE-13-COVERAGE-EVIDENCE-INDEX.md#phase.4.work.9","not_claimed","No specific Grok implementation claim; Codex assigns Phase-14 classification from independent evidence review","phase.4.work.9","750","4f3b962a33e6c541cfde0a37d340f79ab61353110653fbe3cb79882cfcbcefee"
"phase.4.work.10","task","keep stable invocation guidance in MCP schemas/descriptions and immutable Skills artifacts, not dynamic prompt hooks","OpenClaw (Grok Phase-13 coverage index; Codex classifies)","docs/execution/openclawdevelopmentplan01/PHASE-13-COVERAGE-EVIDENCE-INDEX.md#phase.4.work.10","not_claimed","No specific Grok implementation claim; Codex assigns Phase-14 classification from independent evidence review","phase.4.work.10","751","4cdba481178edd73304fee642b2ecbf1d029cb4d46ee5aa1b659070e454137a5"
"phase.4.test.1","test","hook-registration privacy invariant, prohibited-field rejection, non-Skills silence, state isolation, ordering, replay, retry, restart, overflow, dead-letter, bundle hash mismatch, profile mismatch, plugin-disabled baseline","OpenClaw (Grok Phase-13 coverage index; Codex classifies)","docs/execution/openclawdevelopmentplan01/PHASE-13-COVERAGE-EVIDENCE-INDEX.md#phase.4.test.1","not_claimed","No specific Grok implementation claim; Codex assigns Phase-14 classification from independent evidence review","phase.4.test.1","753","a2c9dbbef3a072b443368cfc6436c9c47bb544c82dda53b43c089c10d11ea702"
"phase.4.exit_gate","exit_gate","Skills fake accepts only structured telemetry; raw content canaries never appear; no conversation hook is registered; native skills remain unchanged","OpenClaw (Grok Phase-13 coverage index; Codex classifies)","docs/execution/openclawdevelopmentplan01/PHASE-13-COVERAGE-EVIDENCE-INDEX.md#phase.4.exit_gate","not_claimed","No specific Grok implementation claim; Codex assigns Phase-14 classification from independent evidence review","phase.4.exit_gate","755","42d1f38f1169cd1ff5baf96b74ba27b43fd90192b4a2f13d0f19831c482e2574"
"phase.4.rollback","rollback","disable/remove the Skills plugin registration; Brain and native skills remain functional","OpenClaw (rollback path recorded, not executed)","docs/execution/openclawdevelopmentplan01/PHASE-13-COVERAGE-EVIDENCE-INDEX.md#phase.4.rollback","not_claimed","Unexecuted rollback/recovery action; not claimed implemented","phase.4.rollback","757","4c2c6f3250e63f4e69df175af1e952ea65e06ac744938155fbe20811bb6c6d98"
"phase.5.title","task","Phase 5: Managed MCP Integration and Authentication","OpenClaw (Grok Phase-13 coverage index; Codex classifies)","docs/execution/openclawdevelopmentplan01/PHASE-13-COVERAGE-EVIDENCE-INDEX.md#phase.5.title","not_claimed","No specific Grok implementation claim; Codex assigns Phase-14 classification from independent evidence review","phase.5.title","759","a4aa462aff0111e17ec6f826b8ea1bfaf944377a0dc799684626f7dba92c43e4"
"phase.5.objective","task","Objective: connect both default-disabled plugins to two independent managed MCP clients using non-secret configuration","OpenClaw (Grok Phase-13 coverage index; Codex classifies)","docs/execution/openclawdevelopmentplan01/PHASE-13-COVERAGE-EVIDENCE-INDEX.md#phase.5.objective","not_claimed","No specific Grok implementation claim; Codex assigns Phase-14 classification from independent evidence review","phase.5.objective","761","963b9bbe8b2936f34541b2e10711f247d44c261c40ee102c3ad2c2bcfc6a3b5f"
"phase.5.work.1","task","add Lisa configuration templates or operator patches for `mcp.servers.linkbrain` and `mcp.servers.linkskills` without values","OpenClaw (Grok Phase-13 coverage index; Codex classifies)","docs/execution/openclawdevelopmentplan01/PHASE-13-COVERAGE-EVIDENCE-INDEX.md#phase.5.work.1","not_claimed","No specific Grok implementation claim; Codex assigns Phase-14 classification from independent evidence review","phase.5.work.1","765","b01de61cfecde2f03c2870b071b5097ed9e1ba5acee94106b31a2807e573d0d0"
"phase.5.work.2","task","set independent tool filters, timeouts, health thresholds, and enabled flags","OpenClaw (Grok Phase-13 coverage index; Codex classifies)","docs/execution/openclawdevelopmentplan01/PHASE-13-COVERAGE-EVIDENCE-INDEX.md#phase.5.work.2","not_claimed","No specific Grok implementation claim; Codex assigns Phase-14 classification from independent evidence review","phase.5.work.2","766","f05f94cb5d5a8859c7ae0ad8f5b41bb82e2c6064c89952bb64c46221e0055f3d"
"phase.5.work.3","task","bind each server to its separately issued credential reference","OpenClaw (Grok Phase-13 coverage index; Codex classifies)","docs/execution/openclawdevelopmentplan01/PHASE-13-COVERAGE-EVIDENCE-INDEX.md#phase.5.work.3","not_claimed","No specific Grok implementation claim; Codex assigns Phase-14 classification from independent evidence review","phase.5.work.3","767","0db8d19d7a9a74fd65123791f09562720ca53fad4eb7682fcd979f9912130f0a"
"phase.5.work.4","task","bind any Brain ingestion endpoint to a Brain-only `SecretRef`","OpenClaw (Grok Phase-13 coverage index; Codex classifies)","docs/execution/openclawdevelopmentplan01/PHASE-13-COVERAGE-EVIDENCE-INDEX.md#phase.5.work.4","not_claimed","No specific Grok implementation claim; Codex assigns Phase-14 classification from independent evidence review","phase.5.work.4","768","3cd5a1c76b4b02538e93c87a8cb28426ebee06de26594b34c9bc485c4ca3ab42"
"phase.5.work.5","task","validate issuer, audience, binding, actor, service, operations, expiry, and revocation behavior","OpenClaw (Grok Phase-13 coverage index; Codex classifies)","docs/execution/openclawdevelopmentplan01/PHASE-13-COVERAGE-EVIDENCE-INDEX.md#phase.5.work.5","not_claimed","No specific Grok implementation claim; Codex assigns Phase-14 classification from independent evidence review","phase.5.work.5","769","d009db7e59f04b82ba48bcfda857c81836eaf79df76b157ff0775ccb02ce1290"
"phase.5.work.6","task","prove missing or invalid auth omits/degrades only the affected server","OpenClaw (Grok Phase-13 coverage index; Codex classifies)","docs/execution/openclawdevelopmentplan01/PHASE-13-COVERAGE-EVIDENCE-INDEX.md#phase.5.work.6","not_claimed","No specific Grok implementation claim; Codex assigns Phase-14 classification from independent evidence review","phase.5.work.6","770","93fab18748d0692f4e4eaf9577f5f0176bab55b89175d1da56ae4a01f06b7980"
"phase.5.work.7","task","prove repeated-failure pause and recovery independently","OpenClaw (Grok Phase-13 coverage index; Codex classifies)","docs/execution/openclawdevelopmentplan01/PHASE-13-COVERAGE-EVIDENCE-INDEX.md#phase.5.work.7","not_claimed","No specific Grok implementation claim; Codex assigns Phase-14 classification from independent evidence review","phase.5.work.7","771","1ae58e6276de122789c2a8596c09e2f2b857a476c94c76a00eefebac5de686a8"
"phase.5.work.8","task","document supported hot-apply versus restart boundaries","OpenClaw (Grok Phase-13 coverage index; Codex classifies)","docs/execution/openclawdevelopmentplan01/PHASE-13-COVERAGE-EVIDENCE-INDEX.md#phase.5.work.8","not_claimed","No specific Grok implementation claim; Codex assigns Phase-14 classification from independent evidence review","phase.5.work.8","772","bb89e7414bf74601afee7de5b4cdcdba4fc5d56f24f22a0641280170b8b5ea85"
"phase.5.work.9","task","add operator commands that never echo secret values","OpenClaw (Grok Phase-13 coverage index; Codex classifies)","docs/execution/openclawdevelopmentplan01/PHASE-13-COVERAGE-EVIDENCE-INDEX.md#phase.5.work.9","not_claimed","No specific Grok implementation claim; Codex assigns Phase-14 classification from independent evidence review","phase.5.work.9","773","1a6e539b37824dd3265f85693dccd6527b2774b2fcf7ac633ca9276a15c54b28"
"phase.5.test.1","test","wrong audience/scope/binding, expired/revoked credential, rotation overlap, one-domain logout/revocation, network/TLS failure, tool filtering, server pause/recovery, other-domain continuity","OpenClaw (Grok Phase-13 coverage index; Codex classifies)","docs/execution/openclawdevelopmentplan01/PHASE-13-COVERAGE-EVIDENCE-INDEX.md#phase.5.test.1","not_claimed","No specific Grok implementation claim; Codex assigns Phase-14 classification from independent evidence review","phase.5.test.1","775","c1fa59b717d3fe04c08c46cc8cb7e431f593945123260038380220c9aa2d7f13"
"phase.5.exit_gate","exit_gate","fake-backed MCP and auth suites pass independently; Platform approves claim propagation and credential references; no literal credential exists in source/config/process arguments","OpenClaw (Grok Phase-13 coverage index; Codex classifies)","docs/execution/openclawdevelopmentplan01/PHASE-13-COVERAGE-EVIDENCE-INDEX.md#phase.5.exit_gate","not_claimed","No specific Grok implementation claim; Codex assigns Phase-14 classification from independent evidence review","phase.5.exit_gate","777","167b22bea4e16456da442bd4e2fa74191584a050fb9ad6336bc0675cbea1268d"
"phase.5.rollback","rollback","disable the affected MCP entry and plugin domain flags; revoke only that domain credential","OpenClaw (rollback path recorded, not executed)","docs/execution/openclawdevelopmentplan01/PHASE-13-COVERAGE-EVIDENCE-INDEX.md#phase.5.rollback","not_claimed","Unexecuted rollback/recovery action; not claimed implemented","phase.5.rollback","779","e24f77bee9eb6ca42dd8eb604020511ffab2cc1bca5af206b4934a79c22a7ad6"
"phase.6.title","task","Phase 6: Integrated Local and Isolated QA","OpenClaw (Grok Phase-13 coverage index; Codex classifies)","docs/execution/openclawdevelopmentplan01/PHASE-13-COVERAGE-EVIDENCE-INDEX.md#phase.6.title","not_claimed","No specific Grok implementation claim; Codex assigns Phase-14 classification from independent evidence review","phase.6.title","781","eb4f74c86370064f4be5cfa2f6047fff79a47b39da9134f2c9b55e6866824729"
"phase.6.objective","task","Objective: validate the complete OpenClaw integration against deterministic fakes before Platform stage exists","Platform / Principal / Cursor maintenance (as labeled)","BLOCK: live/external gate named in plan item; OpenClaw fake-tier work is not live proof (docs/execution/openclawdevelopmentplan01/PHASE-13-PROVISIONAL-GROK-HANDOFF.md)","blocked","Label requires live/external proof beyond fake-tier OpenClaw work","phase.6.objective","783","b347e3d1eaa43d55c866af43a02afacd5639093710a75f5114ca83318e519f6e"
"phase.6.work.1","task","run both plugins and both fake MCP servers together","OpenClaw (Grok Phase-13 coverage index; Codex classifies)","docs/execution/openclawdevelopmentplan01/PHASE-13-COVERAGE-EVIDENCE-INDEX.md#phase.6.work.1","not_claimed","No specific Grok implementation claim; Codex assigns Phase-14 classification from independent evidence review","phase.6.work.1","787","85c6d3f1a161b39215af098a6633ab2d5359ae4d3c961eb25fcfad7bb29fb6ad"
"phase.6.work.2","task","exercise native local memory, compaction, sessions, cron, channels, and native skills concurrently","OpenClaw (Grok Phase-13 coverage index; Codex classifies)","docs/execution/openclawdevelopmentplan01/PHASE-13-COVERAGE-EVIDENCE-INDEX.md#phase.6.work.2","not_claimed","No specific Grok implementation claim; Codex assigns Phase-14 classification from independent evidence review","phase.6.work.2","788","4f8ff9f1d1b26528e621d409ec00b46fd70279b01f97bf9db58356be7a8c1201"
"phase.6.work.3","task","inject domain-specific latency, throttling, malformed responses, crashes, restart, stale credential, queue pressure, and disk/store limits","OpenClaw (Grok Phase-13 coverage index; Codex classifies)","docs/execution/openclawdevelopmentplan01/PHASE-13-COVERAGE-EVIDENCE-INDEX.md#phase.6.work.3","not_claimed","No specific Grok implementation claim; Codex assigns Phase-14 classification from independent evidence review","phase.6.work.3","789","5f93a2e11ceb6cc6523abbc6ce04f4d1ffd32f698f97c726fbb92112093d90d2"
"phase.6.work.4","task","prove opaque correlation without payload crossing","OpenClaw (Grok Phase-13 coverage index; Codex classifies)","docs/execution/openclawdevelopmentplan01/PHASE-13-COVERAGE-EVIDENCE-INDEX.md#phase.6.work.4","not_claimed","No specific Grok implementation claim; Codex assigns Phase-14 classification from independent evidence review","phase.6.work.4","790","75b37197a6cf71f539b34b119bbd4b6c7b893816119c02b33510983918b655cb"
"phase.6.work.5","task","prove independent enable, disable, drain, rollback, and recovery","OpenClaw (Grok Phase-13 coverage index; Codex classifies)","docs/execution/openclawdevelopmentplan01/PHASE-13-COVERAGE-EVIDENCE-INDEX.md#phase.6.work.5","not_claimed","No specific Grok implementation claim; Codex assigns Phase-14 classification from independent evidence review","phase.6.work.5","791","8bc3ffe6b45e4ea2951eec7ef1ea3bb510a9ef1b6132f7672f7dbb9239ab3c0d"
"phase.6.work.6","task","measure hook latency, enqueue latency, record size, drain throughput, queue growth, and restart time","OpenClaw (Grok Phase-13 coverage index; Codex classifies)","docs/execution/openclawdevelopmentplan01/PHASE-13-COVERAGE-EVIDENCE-INDEX.md#phase.6.work.6","not_claimed","No specific Grok implementation claim; Codex assigns Phase-14 classification from independent evidence review","phase.6.work.6","792","c647cbd693bfec5271ecb89dd8a10c82b94a53625b566fbe173a7d1a994a09a5"
"phase.6.work.7","task","set initial evidence thresholds from measurements and document rationale","OpenClaw (Grok Phase-13 coverage index; Codex classifies)","docs/execution/openclawdevelopmentplan01/PHASE-13-COVERAGE-EVIDENCE-INDEX.md#phase.6.work.7","not_claimed","No specific Grok implementation claim; Codex assigns Phase-14 classification from independent evidence review","phase.6.work.7","793","8264858341814df970d44573f223545995998eda6c773459b92806492c222ef6"
"phase.6.work.8","task","run trusted heavy suites on the selected Testbox/Crabbox path in accordance with root policy","OpenClaw (Grok Phase-13 coverage index; Codex classifies)","docs/execution/openclawdevelopmentplan01/PHASE-13-COVERAGE-EVIDENCE-INDEX.md#phase.6.work.8","not_claimed","No specific Grok implementation claim; Codex assigns Phase-14 classification from independent evidence review","phase.6.work.8","794","21b75a817616d0f268605bc411ddae9a25ca3dc4ce5559d242346bb023a00302"
"phase.6.scenario.1","test","Brain unavailable while Skills and native OpenClaw remain healthy","OpenClaw (Grok Phase-13 coverage index; Codex classifies)","docs/execution/openclawdevelopmentplan01/PHASE-13-COVERAGE-EVIDENCE-INDEX.md#phase.6.scenario.1","not_claimed","No specific Grok implementation claim; Codex assigns Phase-14 classification from independent evidence review","phase.6.scenario.1","798","26a652450f2678722897e15e95c34382ffd1510976493dcb879612c9e6c14c38"
"phase.6.scenario.2","test","Skills unavailable while Brain and native OpenClaw remain healthy","OpenClaw (Grok Phase-13 coverage index; Codex classifies)","docs/execution/openclawdevelopmentplan01/PHASE-13-COVERAGE-EVIDENCE-INDEX.md#phase.6.scenario.2","not_claimed","No specific Grok implementation claim; Codex assigns Phase-14 classification from independent evidence review","phase.6.scenario.2","799","2f647238ca01740dd8980a0e37342c095d78a34143fc20280a6e4b2e19f3f2e9"
"phase.6.scenario.3","test","both unavailable while native OpenClaw remains available in honest degraded mode","OpenClaw (Grok Phase-13 coverage index; Codex classifies)","docs/execution/openclawdevelopmentplan01/PHASE-13-COVERAGE-EVIDENCE-INDEX.md#phase.6.scenario.3","not_claimed","No specific Grok implementation claim; Codex assigns Phase-14 classification from independent evidence review","phase.6.scenario.3","800","72eeb6ee8c24b6587e3402943452b53901b655454a83209776e5f62880e3192b"
"phase.6.scenario.4","test","Brain credential revoked; Skills credential still works","OpenClaw (Grok Phase-13 coverage index; Codex classifies)","docs/execution/openclawdevelopmentplan01/PHASE-13-COVERAGE-EVIDENCE-INDEX.md#phase.6.scenario.4","not_claimed","No specific Grok implementation claim; Codex assigns Phase-14 classification from independent evidence review","phase.6.scenario.4","801","9afa24512ac5d271dd8d8f3d02a51ac743687d73812c930faf6fd4fabf357706"
"phase.6.scenario.5","test","Skills credential revoked; Brain credential still works","OpenClaw (Grok Phase-13 coverage index; Codex classifies)","docs/execution/openclawdevelopmentplan01/PHASE-13-COVERAGE-EVIDENCE-INDEX.md#phase.6.scenario.5","not_claimed","No specific Grok implementation claim; Codex assigns Phase-14 classification from independent evidence review","phase.6.scenario.5","802","6eebbff9a3a3e7fbc2b4defc8839fc8cd1bc45834597889c4ff6147d51fcb61a"
"phase.6.scenario.6","test","plugin process/Gateway restart with both outboxes pending","OpenClaw (Grok Phase-13 coverage index; Codex classifies)","docs/execution/openclawdevelopmentplan01/PHASE-13-COVERAGE-EVIDENCE-INDEX.md#phase.6.scenario.6","not_claimed","No specific Grok implementation claim; Codex assigns Phase-14 classification from independent evidence review","phase.6.scenario.6","803","bc5100b68cf456ea7cff46a18e37f89664b3ababe3004c087bc7553ab9c54145"
"phase.6.scenario.7","test","queue capacity reached with explicit reject-new state","OpenClaw (Grok Phase-13 coverage index; Codex classifies)","docs/execution/openclawdevelopmentplan01/PHASE-13-COVERAGE-EVIDENCE-INDEX.md#phase.6.scenario.7","not_claimed","No specific Grok implementation claim; Codex assigns Phase-14 classification from independent evidence review","phase.6.scenario.7","804","54e500714a01aeb6908099c17b25039092f1d9d90e1a4affdb2e15b47021a7a0"
"phase.6.scenario.8","test","duplicate delivery and replay","OpenClaw (Grok Phase-13 coverage index; Codex classifies)","docs/execution/openclawdevelopmentplan01/PHASE-13-COVERAGE-EVIDENCE-INDEX.md#phase.6.scenario.8","not_claimed","No specific Grok implementation claim; Codex assigns Phase-14 classification from independent evidence review","phase.6.scenario.8","805","42230dfaf1bcee7a2cf8cf2c9e6f187d6b8ef7102ba65879fc19797a3e98d445"
"phase.6.scenario.9","test","Platform audit/correlation rejection","OpenClaw (Grok Phase-13 coverage index; Codex classifies)","docs/execution/openclawdevelopmentplan01/PHASE-13-COVERAGE-EVIDENCE-INDEX.md#phase.6.scenario.9","not_claimed","No specific Grok implementation claim; Codex assigns Phase-14 classification from independent evidence review","phase.6.scenario.9","806","7b96dd9509088f56208ec52c8d41d29ea94ced59b64511c2be6ac3ed4e579feb"
"phase.6.scenario.10","test","Brain content sent to Skills is rejected before transmission","OpenClaw (Grok Phase-13 coverage index; Codex classifies)","docs/execution/openclawdevelopmentplan01/PHASE-13-COVERAGE-EVIDENCE-INDEX.md#phase.6.scenario.10","not_claimed","No specific Grok implementation claim; Codex assigns Phase-14 classification from independent evidence review","phase.6.scenario.10","807","565470e0f22bfdff191d56ac42be62219d82174fba8eeec79852264bc3fdb7d9"
"phase.6.scenario.11","test","secret canary introduced at every ingress is absent from logs/state/events","OpenClaw (Grok Phase-13 coverage index; Codex classifies)","docs/execution/openclawdevelopmentplan01/PHASE-13-COVERAGE-EVIDENCE-INDEX.md#phase.6.scenario.11","not_claimed","No specific Grok implementation claim; Codex assigns Phase-14 classification from independent evidence review","phase.6.scenario.11","808","536640727c6b408907e805786877e73b1f1c3d0d136fbf84634c70e2259273b3"
"phase.6.exit_gate","exit_gate","all mandatory scenarios pass; performance budgets are justified; no privacy or cross-domain violation; owner review confirms this is the best bounded implementation, not merely a plausible one","OpenClaw (Grok Phase-13 coverage index; Codex classifies)","docs/execution/openclawdevelopmentplan01/PHASE-13-COVERAGE-EVIDENCE-INDEX.md#phase.6.exit_gate","not_claimed","No specific Grok implementation claim; Codex assigns Phase-14 classification from independent evidence review","phase.6.exit_gate","810","ed7f796fd93034bfaf7850de128bcd439c4a90f068335d02b758c40e495ec797"
"phase.6.rollback","rollback","return both plugins and MCP entries to disabled; preserve only sanitized test artifacts","OpenClaw (rollback path recorded, not executed)","docs/execution/openclawdevelopmentplan01/PHASE-13-COVERAGE-EVIDENCE-INDEX.md#phase.6.rollback","not_claimed","Unexecuted rollback/recovery action; not claimed implemented","phase.6.rollback","812","fee7c37ec649e436b810a7bd2f4a1122e2a95a8b1b7ac49595c453b5f33c58a3"
"phase.7.title","task","Phase 7: Platform Stage Readiness Gate","Platform / LiNKbrain / LiNKskills / Principal (named live gate)","BLOCK: docs/execution/openclawdevelopmentplan01/PHASE-13-PROVISIONAL-GROK-HANDOFF.md (live/stage/production uncleared; Phases 7–12 not started)","blocked","Live/stage/production or external-owner gate uncleared","phase.7.title","814","7f641a94b2e4b5b9344c9d6f461296138a636f6520dc1b10d52bff115eaf9619"
"phase.7.objective","task","Objective: prove stage is a real, recoverable environment before any Lisa stage canary","Platform / LiNKbrain / LiNKskills / Principal (named live gate)","BLOCK: docs/execution/openclawdevelopmentplan01/PHASE-13-PROVISIONAL-GROK-HANDOFF.md (live/stage/production uncleared; Phases 7–12 not started)","blocked","Live/stage/production or external-owner gate uncleared","phase.7.objective","816","8381c9b011617b31f1f104044230c8c1f7c0d257cece1af29d4add01cfefef58"
"phase.7.platform_evidence.1","evidence_requirement","active stage project and service endpoints","Platform / LiNKbrain / LiNKskills / Principal (named live gate)","BLOCK: docs/execution/openclawdevelopmentplan01/PHASE-13-PROVISIONAL-GROK-HANDOFF.md (live/stage/production uncleared; Phases 7–12 not started)","blocked","Live/stage/production or external-owner gate uncleared","phase.7.platform_evidence.1","820","4240bb2e5becd22a322c523bd55e54b1f9622a3174c14cd187cacb8fe899a8df"
"phase.7.platform_evidence.2","evidence_requirement","migration ledger and current schema/data state","Platform / LiNKbrain / LiNKskills / Principal (named live gate)","BLOCK: docs/execution/openclawdevelopmentplan01/PHASE-13-PROVISIONAL-GROK-HANDOFF.md (live/stage/production uncleared; Phases 7–12 not started)","blocked","Live/stage/production or external-owner gate uncleared","phase.7.platform_evidence.2","821","5a90fb36ccf260d2cab0c34e910ba9bd611f92b44cfbd3f0cc608957541b2500"
"phase.7.platform_evidence.3","evidence_requirement","least-privilege Brain and Skills credential issuance, rotation, revocation, expiry, issuer, audience, and scopes","Platform / LiNKbrain / LiNKskills / Principal (named live gate)","BLOCK: docs/execution/openclawdevelopmentplan01/PHASE-13-PROVISIONAL-GROK-HANDOFF.md (live/stage/production uncleared; Phases 7–12 not started)","blocked","Live/stage/production or external-owner gate uncleared","phase.7.platform_evidence.3","822","44d2a90dc06d655182bf896506248ee7b0c74f81075eeec3833bc35ebb086028"
"phase.7.platform_evidence.4","evidence_requirement","runtime binding and Lisa actor records","Platform / LiNKbrain / LiNKskills / Principal (named live gate)","BLOCK: docs/execution/openclawdevelopmentplan01/PHASE-13-PROVISIONAL-GROK-HANDOFF.md (live/stage/production uncleared; Phases 7–12 not started)","blocked","Live/stage/production or external-owner gate uncleared","phase.7.platform_evidence.4","823","5286ae59ddd926b3ece39dda23b0213f0b8b997b49d046aa02f32717381bfc77"
"phase.7.platform_evidence.5","evidence_requirement","secret injection with no process-argument exposure","Platform / LiNKbrain / LiNKskills / Principal (named live gate)","BLOCK: docs/execution/openclawdevelopmentplan01/PHASE-13-PROVISIONAL-GROK-HANDOFF.md (live/stage/production uncleared; Phases 7–12 not started)","blocked","Live/stage/production or external-owner gate uncleared","phase.7.platform_evidence.5","824","3ad389731f26c51a1cd49089a31fd278b37556d5ec6747bd6bca933757452ea4"
"phase.7.platform_evidence.6","evidence_requirement","backup and restore proof","Platform / LiNKbrain / LiNKskills / Principal (named live gate)","BLOCK: docs/execution/openclawdevelopmentplan01/PHASE-13-PROVISIONAL-GROK-HANDOFF.md (live/stage/production uncleared; Phases 7–12 not started)","blocked","Live/stage/production or external-owner gate uncleared","phase.7.platform_evidence.6","825","464f82258cd3c8c8f62173053de9a192860b9d7001c352e6fea3ad4ed1204668"
"phase.7.platform_evidence.7","evidence_requirement","audit and opaque correlation proof","Platform / LiNKbrain / LiNKskills / Principal (named live gate)","BLOCK: docs/execution/openclawdevelopmentplan01/PHASE-13-PROVISIONAL-GROK-HANDOFF.md (live/stage/production uncleared; Phases 7–12 not started)","blocked","Live/stage/production or external-owner gate uncleared","phase.7.platform_evidence.7","826","0a6ca8405e9892ebc3f1741eded6ada5cbab7dd1343a14373742f266a506a722"
"phase.7.platform_evidence.8","evidence_requirement","generic Librarian host readiness for Brain","Platform / LiNKbrain / LiNKskills / Principal (named live gate)","BLOCK: docs/execution/openclawdevelopmentplan01/PHASE-13-PROVISIONAL-GROK-HANDOFF.md (live/stage/production uncleared; Phases 7–12 not started)","blocked","Live/stage/production or external-owner gate uncleared","phase.7.platform_evidence.8","827","77b67914cbf1d8170525d2471fb74fee99dd0993d780f50c7d389b268dca5f38"
"phase.7.platform_evidence.9","evidence_requirement","health, alerting, incident owner, and environment rollback","Platform / LiNKbrain / LiNKskills / Principal (named live gate)","BLOCK: docs/execution/openclawdevelopmentplan01/PHASE-13-PROVISIONAL-GROK-HANDOFF.md (live/stage/production uncleared; Phases 7–12 not started)","blocked","Live/stage/production or external-owner gate uncleared","phase.7.platform_evidence.9","828","45240b49abdccad7241ff02c2d8fc0dc875cc65e026c1393cf8fe80a28f78cc7"
"phase.7.platform_evidence.10","evidence_requirement","exact recovery-versus-replacement decision after inventory, with Principal involvement if required by the Platform gate","Platform / LiNKbrain / LiNKskills / Principal (named live gate)","BLOCK: docs/execution/openclawdevelopmentplan01/PHASE-13-PROVISIONAL-GROK-HANDOFF.md (live/stage/production uncleared; Phases 7–12 not started)","blocked","Live/stage/production or external-owner gate uncleared","phase.7.platform_evidence.10","829","c93568a548d0c1ffde123d50ffbc147b8e44e0aabbbcf744131ef832b8723aa5"
"phase.7.openclaw_work.1","task","validate contract versions and endpoints, run no-secret probes, and compare stage behavior with frozen fixtures","Platform / LiNKbrain / LiNKskills / Principal (named live gate)","BLOCK: docs/execution/openclawdevelopmentplan01/PHASE-13-PROVISIONAL-GROK-HANDOFF.md (live/stage/production uncleared; Phases 7–12 not started)","blocked","Live/stage/production or external-owner gate uncleared","phase.7.openclaw_work.1","831","f7fe15b23cd3b4e53122a4b924a7ecf014fa5a90b4e11b7e2b72236cd2295b58"
"phase.7.exit_gate","exit_gate","Platform owner signs stage readiness; OpenClaw verifies both independent credentials and health paths; fakes are no longer cited as environment proof","Platform / LiNKbrain / LiNKskills / Principal (named live gate)","BLOCK: docs/execution/openclawdevelopmentplan01/PHASE-13-PROVISIONAL-GROK-HANDOFF.md (live/stage/production uncleared; Phases 7–12 not started)","blocked","Live/stage/production or external-owner gate uncleared","phase.7.exit_gate","833","99d02db68906323065b5eb6eb083276eed39d025bfa1e9ecfad8bcc02f2d9bf0"
"phase.7.rollback","rollback","Platform disables Lisa bindings/credentials; OpenClaw remains fake-tested and default-disabled","OpenClaw (rollback path recorded, not executed)","docs/execution/openclawdevelopmentplan01/PHASE-13-COVERAGE-EVIDENCE-INDEX.md#phase.7.rollback","not_claimed","Unexecuted rollback/recovery action; not claimed implemented","phase.7.rollback","835","fc235fe0accaa388ebcc7538cf158d69928ded5ecedfbac9b74a3ab004b977d0"
"phase.8.title","task","Phase 8: Brain Stage Shadow and Write Canary","Platform / LiNKbrain / LiNKskills / Principal (named live gate)","BLOCK: docs/execution/openclawdevelopmentplan01/PHASE-8-STATUS-BLOCKED.md (live/stage/production uncleared; Phases 7–12 not started)","blocked","Live/stage/production or external-owner gate uncleared","phase.8.title","837","56221690dc87775eb54ba039d6f4c355eff369d4f5f67a1a2562749cd6e9c964"
"phase.8.objective","task","Objective: establish Brain first, starting with observation and then bounded writes","Platform / LiNKbrain / LiNKskills / Principal (named live gate)","BLOCK: docs/execution/openclawdevelopmentplan01/PHASE-8-STATUS-BLOCKED.md (live/stage/production uncleared; Phases 7–12 not started)","blocked","Live/stage/production or external-owner gate uncleared","phase.8.objective","839","22cb148327c47e0be9ee4198b4234648177347fce247e29473651ee18115c12d"
"phase.8.sequence.1","task","Enable Brain MCP health and contract probes with actor features off","Platform / LiNKbrain / LiNKskills / Principal (named live gate)","BLOCK: docs/execution/openclawdevelopmentplan01/PHASE-8-STATUS-BLOCKED.md (live/stage/production uncleared; Phases 7–12 not started)","blocked","Live/stage/production or external-owner gate uncleared","phase.8.sequence.1","843","e4b8c6386104c868fad90a1fad1c75fc73f9e77ff53f00fca343faa2e8c81f08"
"phase.8.sequence.2","task","Enable Brain read tools for designated test sessions","Platform / LiNKbrain / LiNKskills / Principal (named live gate)","BLOCK: docs/execution/openclawdevelopmentplan01/PHASE-8-STATUS-BLOCKED.md (live/stage/production uncleared; Phases 7–12 not started)","blocked","Live/stage/production or external-owner gate uncleared","phase.8.sequence.2","844","bf0b092d2042b293cd958a4f20f2ba558320866bbef973f65c3b8df39ff09c2f"
"phase.8.sequence.3","task","Enable capture enqueue with drain off and inspect local capacity/age","Platform / LiNKbrain / LiNKskills / Principal (named live gate)","BLOCK: docs/execution/openclawdevelopmentplan01/PHASE-8-STATUS-BLOCKED.md (live/stage/production uncleared; Phases 7–12 not started)","blocked","Live/stage/production or external-owner gate uncleared","phase.8.sequence.3","845","c7ba7cdb35425dc3d9fb3a4fdfc415ad919045752f0071d9a0297ef0fa65089e"
"phase.8.sequence.4","task","Enable stage drain for approved redacted scenarios","Platform / LiNKbrain / LiNKskills / Principal (named live gate)","BLOCK: docs/execution/openclawdevelopmentplan01/PHASE-8-STATUS-BLOCKED.md (live/stage/production uncleared; Phases 7–12 not started)","blocked","Live/stage/production or external-owner gate uncleared","phase.8.sequence.4","846","134688cf18354ecee8538d078bb75f3060e1dcb0adf7a7252475a0e66891b46d"
"phase.8.sequence.5","task","Enable coordination writes for bounded scenarios","Platform / LiNKbrain / LiNKskills / Principal (named live gate)","BLOCK: docs/execution/openclawdevelopmentplan01/PHASE-8-STATUS-BLOCKED.md (live/stage/production uncleared; Phases 7–12 not started)","blocked","Live/stage/production or external-owner gate uncleared","phase.8.sequence.5","847","b80a9bbe76d85b374c4406877424a07914b87a66e95e50de4c2ceefd0dbb922e"
"phase.8.sequence.6","task","Exercise Librarian ingestion/curation paths without claiming automatic canonical promotion by the originating agent","Platform / LiNKbrain / LiNKskills / Principal (named live gate)","BLOCK: docs/execution/openclawdevelopmentplan01/PHASE-8-STATUS-BLOCKED.md (live/stage/production uncleared; Phases 7–12 not started)","blocked","Live/stage/production or external-owner gate uncleared","phase.8.sequence.6","848","7d392e053a57ed5a89f9a91958e26780aa30cee98f19f89230f2dc4c8119789c"
"phase.8.sequence.7","task","Run every mandatory Brain stage failure/recovery scenario at least once","Platform / LiNKbrain / LiNKskills / Principal (named live gate)","BLOCK: docs/execution/openclawdevelopmentplan01/PHASE-8-STATUS-BLOCKED.md (live/stage/production uncleared; Phases 7–12 not started)","blocked","Live/stage/production or external-owner gate uncleared","phase.8.sequence.7","849","9478d9be763e6e8f8dbc1ada4848b0b48d7e139b803d64beab3827f521ce98d1"
"phase.8.sequence.8","task","Observe for at least three active operating days and required event/scenario counts, whichever is longer","Platform / LiNKbrain / LiNKskills / Principal (named live gate)","BLOCK: docs/execution/openclawdevelopmentplan01/PHASE-8-STATUS-BLOCKED.md (live/stage/production uncleared; Phases 7–12 not started)","blocked","Live/stage/production or external-owner gate uncleared","phase.8.sequence.8","850","418c494198580f782bca8a3c960b62d74030bf276d62c6ead7c9bfb5bf31bc93"
"phase.8.evidence_minimum.1","evidence_requirement","successful reads, loads, append findings, private capture batches, compaction/reset/end flushes, task start/update/close, handoff create/accept, duplicate replay, revocation/recovery, restart recovery, queue drain, redaction, native behavior continuity. Ordinary event count thresholds are set from Phase 6 measurements and approved before the window starts","Platform / LiNKbrain / LiNKskills / Principal (named live gate)","BLOCK: docs/execution/openclawdevelopmentplan01/PHASE-8-STATUS-BLOCKED.md (live/stage/production uncleared; Phases 7–12 not started)","blocked","Live/stage/production or external-owner gate uncleared","phase.8.evidence_minimum.1","852","cb76dbbb9c3b7503a8f82ef6797c013a528cfbc4a1a4f0c8b3484cd11eb6fc49"
"phase.8.window_rule","gate","a Brain failure restarts only the Brain window unless it exposes shared Platform/OpenClaw risk","Platform / LiNKbrain / LiNKskills / Principal (named live gate)","BLOCK: docs/execution/openclawdevelopmentplan01/PHASE-8-STATUS-BLOCKED.md (live/stage/production uncleared; Phases 7–12 not started)","blocked","Live/stage/production or external-owner gate uncleared","phase.8.window_rule","854","0bb3fe7859f39857b1b64bd3294d69d29513ee2bbd3cc5b9afbe42dac6813469"
"phase.8.exit_gate","exit_gate","Brain owner, Platform owner, OpenClaw owner, and operations accept the stage evidence; Principal-approved retention is not yet required for stage if stage deletion policy is bounded and documented, but it is required before production writes","Platform / LiNKbrain / LiNKskills / Principal (named live gate)","BLOCK: docs/execution/openclawdevelopmentplan01/PHASE-8-STATUS-BLOCKED.md (live/stage/production uncleared; Phases 7–12 not started)","blocked","Live/stage/production or external-owner gate uncleared","phase.8.exit_gate","856","c2595e0e88e7f112a068ae8ec5771868940dedff478a71c44bdb919926249aef"
"phase.8.rollback","rollback","disable Brain writes/drain, revoke stage Brain credential if needed, preserve Skills state and native OpenClaw","OpenClaw (rollback path recorded, not executed)","docs/execution/openclawdevelopmentplan01/PHASE-13-COVERAGE-EVIDENCE-INDEX.md#phase.8.rollback","not_claimed","Unexecuted rollback/recovery action; not claimed implemented","phase.8.rollback","858","31b1ea95e0c1c1a06bcbb0689cec7db06ddb8c743fd94b47fb1e5c99dbc7f8fa"
"phase.9.title","task","Phase 9: Skills Stage Canary","Platform / LiNKbrain / LiNKskills / Principal (named live gate)","BLOCK: docs/execution/openclawdevelopmentplan01/PHASE-9-STATUS-BLOCKED.md (live/stage/production uncleared; Phases 7–12 not started)","blocked","Live/stage/production or external-owner gate uncleared","phase.9.title","860","edfebb0ae988038e26c15db974423cde4bba07b75a6dd8d5ac171c89ce201921"
"phase.9.objective","task","Objective: establish governed Skills use after its cross-consumer readiness prerequisites pass","Platform / LiNKbrain / LiNKskills / Principal (named live gate)","BLOCK: docs/execution/openclawdevelopmentplan01/PHASE-9-STATUS-BLOCKED.md (live/stage/production uncleared; Phases 7–12 not started)","blocked","Live/stage/production or external-owner gate uncleared","phase.9.objective","862","c10be75be2d537aa6d025c9a0390cb2e329e34d88bfba196c07bf94dc862dfba"
"phase.9.hard_prerequisite.1","gate","Skills Cursor and Codex readiness gates are complete and recorded. Lisa may not be used to substitute for those proofs","Platform / LiNKbrain / LiNKskills / Principal (named live gate)","BLOCK: docs/execution/openclawdevelopmentplan01/PHASE-9-STATUS-BLOCKED.md (live/stage/production uncleared; Phases 7–12 not started)","blocked","Live/stage/production or external-owner gate uncleared","phase.9.hard_prerequisite.1","864","92e16e07e6b71a08336f7545237169016d5e65f206b58102ced0290359e4a3b3"
"phase.9.sequence.1","task","Enable Skills health and discovery against stage with actor execution flags off","Platform / LiNKbrain / LiNKskills / Principal (named live gate)","BLOCK: docs/execution/openclawdevelopmentplan01/PHASE-9-STATUS-BLOCKED.md (live/stage/production uncleared; Phases 7–12 not started)","blocked","Live/stage/production or external-owner gate uncleared","phase.9.sequence.1","868","a9e637314b4e941e04642492b620c630621a9de3404a9c8ae19974ac50e7fd2e"
"phase.9.sequence.2","task","Prove exact immutable release retrieval and certified profile compatibility","Platform / LiNKbrain / LiNKskills / Principal (named live gate)","BLOCK: docs/execution/openclawdevelopmentplan01/PHASE-9-STATUS-BLOCKED.md (live/stage/production uncleared; Phases 7–12 not started)","blocked","Live/stage/production or external-owner gate uncleared","phase.9.sequence.2","869","1bb08245b1dd2db5934fe337a99998b6570043c31192f3b035c4e219a332da5d"
"phase.9.sequence.3","task","Enable bounded governed execution for approved scenarios","Platform / LiNKbrain / LiNKskills / Principal (named live gate)","BLOCK: docs/execution/openclawdevelopmentplan01/PHASE-9-STATUS-BLOCKED.md (live/stage/production uncleared; Phases 7–12 not started)","blocked","Live/stage/production or external-owner gate uncleared","phase.9.sequence.3","870","1236f537cfad7d0dad8f9ccc806828ca4814f721b0669ff4720c5938215e3b52"
"phase.9.sequence.4","task","Enable structured telemetry enqueue, then drain","Platform / LiNKbrain / LiNKskills / Principal (named live gate)","BLOCK: docs/execution/openclawdevelopmentplan01/PHASE-9-STATUS-BLOCKED.md (live/stage/production uncleared; Phases 7–12 not started)","blocked","Live/stage/production or external-owner gate uncleared","phase.9.sequence.4","871","7a2e03ddfa75bcd052d94078c3f9bfd7716f71c838cb60a9598f059227ab5735"
"phase.9.sequence.5","task","Exercise feedback and trace-candidate submission without raw conversation content","Platform / LiNKbrain / LiNKskills / Principal (named live gate)","BLOCK: docs/execution/openclawdevelopmentplan01/PHASE-9-STATUS-BLOCKED.md (live/stage/production uncleared; Phases 7–12 not started)","blocked","Live/stage/production or external-owner gate uncleared","phase.9.sequence.5","872","8331f06e5d3b39bc9c1dd13f673574bcc54d5ccecc5fe38ed0e45143c591d9d8"
"phase.9.sequence.6","task","Run every mandatory Skills stage failure/recovery scenario at least once","Platform / LiNKbrain / LiNKskills / Principal (named live gate)","BLOCK: docs/execution/openclawdevelopmentplan01/PHASE-9-STATUS-BLOCKED.md (live/stage/production uncleared; Phases 7–12 not started)","blocked","Live/stage/production or external-owner gate uncleared","phase.9.sequence.6","873","fc6d26ad233d38ebe0be2ff15ecfc50671cbd259e970cadfae719413166769ad"
"phase.9.sequence.7","task","Observe for at least three active operating days and required run/event counts, whichever is longer","Platform / LiNKbrain / LiNKskills / Principal (named live gate)","BLOCK: docs/execution/openclawdevelopmentplan01/PHASE-9-STATUS-BLOCKED.md (live/stage/production uncleared; Phases 7–12 not started)","blocked","Live/stage/production or external-owner gate uncleared","phase.9.sequence.7","874","585bb5e024ff28adcdf247479618222588fe768903c4a0dcf3be6fedbbc3ed06"
"phase.9.evidence_minimum.1","evidence_requirement","list/search/describe/fragment/release, run start/update/complete/fail, tool resolve/invoke, input/output validation, feedback, trace candidate, hash mismatch rejection, profile mismatch rejection, credential revocation/recovery, restart recovery, queue drain, and zero prohibited fields","Platform / LiNKbrain / LiNKskills / Principal (named live gate)","BLOCK: docs/execution/openclawdevelopmentplan01/PHASE-9-STATUS-BLOCKED.md (live/stage/production uncleared; Phases 7–12 not started)","blocked","Live/stage/production or external-owner gate uncleared","phase.9.evidence_minimum.1","876","f6c43ac29850ac3d5e9769d14cb481a282b1f9127aede34aaf8798cb158b3b6f"
"phase.9.window_rule","gate","a Skills failure restarts only the Skills window unless it exposes shared Platform/OpenClaw risk","Platform / LiNKbrain / LiNKskills / Principal (named live gate)","BLOCK: docs/execution/openclawdevelopmentplan01/PHASE-9-STATUS-BLOCKED.md (live/stage/production uncleared; Phases 7–12 not started)","blocked","Live/stage/production or external-owner gate uncleared","phase.9.window_rule","878","b74d6321780a8d2eb2deabc0eae47ebcc08d1c3b4b873ba722847ccdf03bc1ab"
"phase.9.exit_gate","exit_gate","Skills, Platform, OpenClaw, and operations owners accept non-prompt, execution-backed stage proof","Platform / LiNKbrain / LiNKskills / Principal (named live gate)","BLOCK: docs/execution/openclawdevelopmentplan01/PHASE-9-STATUS-BLOCKED.md (live/stage/production uncleared; Phases 7–12 not started)","blocked","Live/stage/production or external-owner gate uncleared","phase.9.exit_gate","880","3810b3145644b620a4fd630c8ee377b5300fd22505dd325dc6c89a05a89ba183"
"phase.9.rollback","rollback","disable Skills execution/telemetry and revoke the stage Skills credential if needed; Brain and native OpenClaw remain unchanged","OpenClaw (rollback path recorded, not executed)","docs/execution/openclawdevelopmentplan01/PHASE-13-COVERAGE-EVIDENCE-INDEX.md#phase.9.rollback","not_claimed","Unexecuted rollback/recovery action; not claimed implemented","phase.9.rollback","882","efeb11353836db66f4b4fe4c3db4332e2f67ebac87893e4237b41164b2d61b94"
"phase.10.title","task","Phase 10: Integrated Stage Soak and Operational Rehearsal","Platform / LiNKbrain / LiNKskills / Principal (named live gate)","BLOCK: docs/execution/openclawdevelopmentplan01/PHASE-10-STATUS-BLOCKED.md (live/stage/production uncleared; Phases 7–12 not started)","blocked","Live/stage/production or external-owner gate uncleared","phase.10.title","884","8f6dd9cc5d7fc260169154920e706fd195828e996da1381e834b64cb35702085"
"phase.10.objective","task","Objective: prove the domains coexist under real stage conditions and operators can recover them independently","Platform / LiNKbrain / LiNKskills / Principal (named live gate)","BLOCK: docs/execution/openclawdevelopmentplan01/PHASE-10-STATUS-BLOCKED.md (live/stage/production uncleared; Phases 7–12 not started)","blocked","Live/stage/production or external-owner gate uncleared","phase.10.objective","886","8b2601de30d6f37eb50ef125b43cd7f3ef54357ad503dce2220bd8d243f05a7b"
"phase.10.work.1","task","run approved Brain and Skills workloads concurrently","Platform / LiNKbrain / LiNKskills / Principal (named live gate)","BLOCK: docs/execution/openclawdevelopmentplan01/PHASE-10-STATUS-BLOCKED.md (live/stage/production uncleared; Phases 7–12 not started)","blocked","Live/stage/production or external-owner gate uncleared","phase.10.work.1","890","75739a0943deeead1d12c6b945b5619661f570e2ad268db52a3c6d3a24d3ca46"
"phase.10.work.2","task","verify no shared state, credential, correlation payload, or coupled health transition","Platform / LiNKbrain / LiNKskills / Principal (named live gate)","BLOCK: docs/execution/openclawdevelopmentplan01/PHASE-10-STATUS-BLOCKED.md (live/stage/production uncleared; Phases 7–12 not started)","blocked","Live/stage/production or external-owner gate uncleared","phase.10.work.2","891","e7dee7ef2d14439096e173946b5825967ea9e198b626ef47072f1e97f324033d"
"phase.10.work.3","task","rotate Brain and Skills credentials separately","Platform / LiNKbrain / LiNKskills / Principal (named live gate)","BLOCK: docs/execution/openclawdevelopmentplan01/PHASE-10-STATUS-BLOCKED.md (live/stage/production uncleared; Phases 7–12 not started)","blocked","Live/stage/production or external-owner gate uncleared","phase.10.work.3","892","1b827ede3066baae8ed1cae54cc539f5606b1411dbaf8cbfa4288749849d5739"
"phase.10.work.4","task","rehearse plugin disable, MCP disable, queue pause, drain resume, dead-letter inspection, credential revocation, and Gateway restart","Platform / LiNKbrain / LiNKskills / Principal (named live gate)","BLOCK: docs/execution/openclawdevelopmentplan01/PHASE-10-STATUS-BLOCKED.md (live/stage/production uncleared; Phases 7–12 not started)","blocked","Live/stage/production or external-owner gate uncleared","phase.10.work.4","893","30d893d17e534a18980249f669a9e51cc5120ba1897fb8b1fe857656947b3161"
"phase.10.work.5","task","rehearse Platform service rollback and OpenClaw same-domain rollback order","Platform / LiNKbrain / LiNKskills / Principal (named live gate)","BLOCK: docs/execution/openclawdevelopmentplan01/PHASE-10-STATUS-BLOCKED.md (live/stage/production uncleared; Phases 7–12 not started)","blocked","Live/stage/production or external-owner gate uncleared","phase.10.work.5","894","e3d33c171c560589bcaed026d9c34f0fd4c33464385f8a9df3b73bdef91e23ca"
"phase.10.work.6","task","exercise backup/restore and audit retrieval without inspecting private payloads","Platform / LiNKbrain / LiNKskills / Principal (named live gate)","BLOCK: docs/execution/openclawdevelopmentplan01/PHASE-10-STATUS-BLOCKED.md (live/stage/production uncleared; Phases 7–12 not started)","blocked","Live/stage/production or external-owner gate uncleared","phase.10.work.6","895","8d20fd527d676c494d6b77af8d2260737516f37547e9f638e47c7db755b3e576"
"phase.10.work.7","task","verify alerts route to named owners and contain no sensitive data","Platform / LiNKbrain / LiNKskills / Principal (named live gate)","BLOCK: docs/execution/openclawdevelopmentplan01/PHASE-10-STATUS-BLOCKED.md (live/stage/production uncleared; Phases 7–12 not started)","blocked","Live/stage/production or external-owner gate uncleared","phase.10.work.7","896","e956f4b7710dea871406433eb81bbc6fb7f5407a7a01ebd95e691a3c024c4329"
"phase.10.work.8","task","validate handoff, dashboard, and Program evidence ownership","Platform / LiNKbrain / LiNKskills / Principal (named live gate)","BLOCK: docs/execution/openclawdevelopmentplan01/PHASE-10-STATUS-BLOCKED.md (live/stage/production uncleared; Phases 7–12 not started)","blocked","Live/stage/production or external-owner gate uncleared","phase.10.work.8","897","770c5c1b11f25b8a0ba799b47f87f71c142e3530ecd6af422e160a2397b5dc36"
"phase.10.exit_gate","exit_gate","integrated mandatory scenarios pass; runbooks are executable by an operator other than the implementer; no open severity-one privacy, identity, data-loss, or native-regression risk","Platform / LiNKbrain / LiNKskills / Principal (named live gate)","BLOCK: docs/execution/openclawdevelopmentplan01/PHASE-10-STATUS-BLOCKED.md (live/stage/production uncleared; Phases 7–12 not started)","blocked","Live/stage/production or external-owner gate uncleared","phase.10.exit_gate","899","02897b4f21d7d2a8ee549b538f71c36018f5f7c2e0675ef557097c769795cd2e"
"phase.10.rollback","rollback","rollback the affected domain first; rollback shared Platform only if evidence proves a shared fault","OpenClaw (rollback path recorded, not executed)","docs/execution/openclawdevelopmentplan01/PHASE-13-COVERAGE-EVIDENCE-INDEX.md#phase.10.rollback","not_claimed","Unexecuted rollback/recovery action; not claimed implemented","phase.10.rollback","901","0574977e825b5fd7a8e5cac2cccc7b24a4c4b6dc7c358881fc40b37c1f304f36"
"phase.11.title","task","Phase 11: Brain Production Deployment and Canary","Platform / LiNKbrain / LiNKskills / Principal (named live gate)","BLOCK: docs/execution/openclawdevelopmentplan01/PHASE-11-STATUS-BLOCKED.md (live/stage/production uncleared; Phases 7–12 not started)","blocked","Live/stage/production or external-owner gate uncleared","phase.11.title","903","b8b4879e7055f5ea1bc61cf36590c0b778dd9efe1b85e8d4acb6a8a59e5de9f2"
"phase.11.prerequisite.1","gate","Principal approves Brain production retention and hold durations","Platform / LiNKbrain / LiNKskills / Principal (named live gate)","BLOCK: docs/execution/openclawdevelopmentplan01/PHASE-11-STATUS-BLOCKED.md (live/stage/production uncleared; Phases 7–12 not started)","blocked","Live/stage/production or external-owner gate uncleared","phase.11.prerequisite.1","907","e162ae020bb4efc7c04decfbb16d53acbffb66b4d0f43b729fcc7be2c853b113"
"phase.11.prerequisite.2","gate","Platform production environment, migration, backup/restore, audit, Librarian, secret injection, and credential lifecycle are proven","Platform / LiNKbrain / LiNKskills / Principal (named live gate)","BLOCK: docs/execution/openclawdevelopmentplan01/PHASE-11-STATUS-BLOCKED.md (live/stage/production uncleared; Phases 7–12 not started)","blocked","Live/stage/production or external-owner gate uncleared","phase.11.prerequisite.2","908","b956c0a7e74bef11037fdc0a6811e765a0fd76233de5a5c15d8e461c1d4677f9"
"phase.11.prerequisite.3","gate","production Brain credential is least-privilege and distinct from stage and Skills","Platform / LiNKbrain / LiNKskills / Principal (named live gate)","BLOCK: docs/execution/openclawdevelopmentplan01/PHASE-11-STATUS-BLOCKED.md (live/stage/production uncleared; Phases 7–12 not started)","blocked","Live/stage/production or external-owner gate uncleared","phase.11.prerequisite.3","909","89eae417cb761e0a1a4346bb3b207e71a2b7753206af653b57f06e836802c49d"
"phase.11.prerequisite.4","gate","Brain stage exit and integrated operational rehearsal are accepted","Platform / LiNKbrain / LiNKskills / Principal (named live gate)","BLOCK: docs/execution/openclawdevelopmentplan01/PHASE-11-STATUS-BLOCKED.md (live/stage/production uncleared; Phases 7–12 not started)","blocked","Live/stage/production or external-owner gate uncleared","phase.11.prerequisite.4","910","0d758898cba40599c01157efa952392ca0ffaeb18e4773d4a2f480533cf543af"
"phase.11.prerequisite.5","gate","owner-approved production change and rollback window exists","Platform / LiNKbrain / LiNKskills / Principal (named live gate)","BLOCK: docs/execution/openclawdevelopmentplan01/PHASE-11-STATUS-BLOCKED.md (live/stage/production uncleared; Phases 7–12 not started)","blocked","Live/stage/production or external-owner gate uncleared","phase.11.prerequisite.5","911","8f0ea57c6e50dfc4e8d090823813cfd3e6f175339e719fe8f5d7f5cab914aeeb"
"phase.11.sequence.1","task","deploy service/binding with actor flags off; validate health and contract; enable Brain read; enable bounded capture; enable coordination; monitor queue/latency/privacy/native behavior; run approved production recovery exercises; complete at least three active operating days plus adequate real activity, whichever is longer","Platform / LiNKbrain / LiNKskills / Principal (named live gate)","BLOCK: docs/execution/openclawdevelopmentplan01/PHASE-11-STATUS-BLOCKED.md (live/stage/production uncleared; Phases 7–12 not started)","blocked","Live/stage/production or external-owner gate uncleared","phase.11.sequence.1","913","b4c4335a90111a90798a095cf54e35cef7baf388c88dd99c82c573360b6623f5"
"prose.phase_11_brain_production_deployment_and_canary.915.1","evidence_requirement","Synthetic activity may supplement but not replace real Lisa activity. Required real-activity thresholds are approved before the window starts and must cover the lifecycle categories exercised by production use","Platform / Principal / Cursor maintenance (as labeled)","BLOCK: live/external gate named in plan item; OpenClaw fake-tier work is not live proof (docs/execution/openclawdevelopmentplan01/PHASE-13-PROVISIONAL-GROK-HANDOFF.md)","blocked","Label requires live/external proof beyond fake-tier OpenClaw work","prose.phase_11_brain_production_deployment_and_canary.915.1","915","0b7e01794b6c5232e472eb410f16ce32e64b66d48f83128905d3c8921f8eff01"
"phase.11.exit_gate","exit_gate","Brain production evidence is accepted independently; no open retention, privacy, credential, delivery, or native-regression blocker","Platform / LiNKbrain / LiNKskills / Principal (named live gate)","BLOCK: docs/execution/openclawdevelopmentplan01/PHASE-11-STATUS-BLOCKED.md (live/stage/production uncleared; Phases 7–12 not started)","blocked","Live/stage/production or external-owner gate uncleared","phase.11.exit_gate","917","15cdffd9216c6311b83eb13d62c77d2463e9dffd096387b10ddf1479b86e9082"
"phase.11.rollback","rollback","disable Brain writes -> stop Brain drain -> disable Brain MCP -> revoke Brain credential -> rollback Brain service if required. Do not touch Skills unless shared-risk evidence exists","OpenClaw (rollback path recorded, not executed)","docs/execution/openclawdevelopmentplan01/PHASE-13-COVERAGE-EVIDENCE-INDEX.md#phase.11.rollback","not_claimed","Unexecuted rollback/recovery action; not claimed implemented","phase.11.rollback","919","f5d3d4414507c2b97f9685f1a3b9972ea97479e18453e4148b70a1dd0fdc0e00"
"phase.12.title","task","Phase 12: Skills Production Deployment and Canary","Platform / LiNKbrain / LiNKskills / Principal (named live gate)","BLOCK: docs/execution/openclawdevelopmentplan01/PHASE-12-STATUS-BLOCKED.md (live/stage/production uncleared; Phases 7–12 not started)","blocked","Live/stage/production or external-owner gate uncleared","phase.12.title","921","4ccb3ee5cea06cc8a554e5d53cf96d1631a72d1eed324a5d4f8ba28bac2af20e"
"phase.12.prerequisite.1","gate","Skills stage exit, Cursor/Codex readiness, integrated rehearsal, Platform production readiness, immutable bundle publication, certified execution profiles, production Skills credential, approved change window","Platform / LiNKbrain / LiNKskills / Principal (named live gate)","BLOCK: docs/execution/openclawdevelopmentplan01/PHASE-12-STATUS-BLOCKED.md (live/stage/production uncleared; Phases 7–12 not started)","blocked","Live/stage/production or external-owner gate uncleared","phase.12.prerequisite.1","923","b4181631fd86a0991af51c6aded0b7159918f4a6b4284157e60472c4980db457"
"phase.12.sequence.1","task","deploy service/binding with actor flags off; validate health and contract; enable discovery; enable bounded governed execution; enable telemetry; monitor privacy/hash/profile/queue/native behavior; run approved recovery exercises; complete at least three active operating days plus adequate real activity, whichever is longer","Platform / LiNKbrain / LiNKskills / Principal (named live gate)","BLOCK: docs/execution/openclawdevelopmentplan01/PHASE-12-STATUS-BLOCKED.md (live/stage/production uncleared; Phases 7–12 not started)","blocked","Live/stage/production or external-owner gate uncleared","phase.12.sequence.1","925","daddf7a29b6ce5c33161e4bc3e8e8c5d5946c8d84ccb8f9d3b275dee0ab95ab3"
"phase.12.exit_gate","exit_gate","Skills production evidence is execution-backed, not prompt-only; zero conversation/Brain payload leakage; independent rollback proven","Platform / LiNKbrain / LiNKskills / Principal (named live gate)","BLOCK: docs/execution/openclawdevelopmentplan01/PHASE-12-STATUS-BLOCKED.md (live/stage/production uncleared; Phases 7–12 not started)","blocked","Live/stage/production or external-owner gate uncleared","phase.12.exit_gate","927","3aa50efb26728f6171266cd8cf93e20702ca7392a717ef8245b575cd09602ff0"
"phase.12.rollback","rollback","disable Skills execution -> stop Skills telemetry drain -> disable Skills MCP -> revoke Skills credential -> rollback Skills service if required. Brain remains enabled if healthy","OpenClaw (rollback path recorded, not executed)","docs/execution/openclawdevelopmentplan01/PHASE-13-COVERAGE-EVIDENCE-INDEX.md#phase.12.rollback","not_claimed","Unexecuted rollback/recovery action; not claimed implemented","phase.12.rollback","929","bd7545c993a2aecf7f541c34ac154ba64ba9631aa1bf90da9595f1cff2ace80d"
"phase.13.title","task","Phase 13: OpenClaw Execution Closeout and Grok Implementation Handoff","OpenClaw (Grok Phase-13 coverage index; Codex classifies)","docs/execution/openclawdevelopmentplan01/PHASE-13-COVERAGE-EVIDENCE-INDEX.md#phase.13.title","not_claimed","No specific Grok implementation claim; Codex assigns Phase-14 classification from independent evidence review","phase.13.title","931","79b6f49e72ecff3a05120d04b8d4e5b745131a62aea0f37e32d5ad8ce87f4bcc"
"phase.13.objective","task","Objective: close OpenClaw execution ownership and produce a reproducible provisional implementation report for independent verification","OpenClaw (Grok Phase-13 coverage index; Codex classifies)","docs/execution/openclawdevelopmentplan01/PHASE-13-COVERAGE-EVIDENCE-INDEX.md#phase.13.objective","not_claimed","No specific Grok implementation claim; Codex assigns Phase-14 classification from independent evidence review","phase.13.objective","933","46a38bb3ce61eceaddb4cc159e1684ac8f3568252fe6e5ac81723ea1bd2a1e5d"
"phase.13.owner","evidence_requirement","Owner: OpenClaw Grok execution agent only","OpenClaw (Grok Phase-13 coverage index; Codex classifies)","docs/execution/openclawdevelopmentplan01/PHASE-13-COVERAGE-EVIDENCE-INDEX.md#phase.13.owner","not_claimed","No specific Grok implementation claim; Codex assigns Phase-14 classification from independent evidence review","phase.13.owner","935","f823d952169b07c4d838bd7e7fc3b1f0996be213ac1d7960db39bb576a05322b"
"phase.13.work.1","task","compare delivered OpenClaw behavior with this plan and all approved amendments","OpenClaw (Grok Phase-13 coverage index; Codex classifies)","docs/execution/openclawdevelopmentplan01/PHASE-13-COVERAGE-EVIDENCE-INDEX.md#phase.13.work.1","not_claimed","No specific Grok implementation claim; Codex assigns Phase-14 classification from independent evidence review","phase.13.work.1","939","64e7d12b9b9bcba302b1c0ed0fe045c00b91f0510ed1076fe960758a3d90dbc9"
"phase.13.work.2","task","inspect final code/config/state ownership and obtain required CODEOWNERS review","OpenClaw (Grok Phase-13 coverage index; Codex classifies)","docs/execution/openclawdevelopmentplan01/PHASE-13-COVERAGE-EVIDENCE-INDEX.md#phase.13.work.2","not_claimed","No specific Grok implementation claim; Codex assigns Phase-14 classification from independent evidence review","phase.13.work.2","940","79a53032da66ec268b97d7de5e54e846c1046c4a048fda3273d248690a5af70d"
"phase.13.work.3","task","confirm no temporary credential, fake endpoint, debug bypass, sidecar, raw payload, or broad scope remains","OpenClaw (Grok Phase-13 coverage index; Codex classifies)","docs/execution/openclawdevelopmentplan01/PHASE-13-COVERAGE-EVIDENCE-INDEX.md#phase.13.work.3","not_claimed","No specific Grok implementation claim; Codex assigns Phase-14 classification from independent evidence review","phase.13.work.3","941","7a0650d2da7d18d43520b50c21cdaac082023b4095d5fffb218a692d67e5485c"
"phase.13.work.4","task","archive sanitized fake, integration, stage, production, canary, and rollback evidence with explicit provenance","Platform / Principal / Cursor maintenance (as labeled)","BLOCK: live/external gate named in plan item; OpenClaw fake-tier work is not live proof (docs/execution/openclawdevelopmentplan01/PHASE-13-PROVISIONAL-GROK-HANDOFF.md)","blocked","Label requires live/external proof beyond fake-tier OpenClaw work","phase.13.work.4","942","5fa5f01a7cf583a5eefadc84592e2c843abc583eefbf441615fbc7b732eeefae"
"phase.13.work.5","task","submit authorized structured lifecycle findings to LiNKbrain scratch ingestion; the Librarian decides canonical promotion","OpenClaw (Grok Phase-13 coverage index; Codex classifies)","docs/execution/openclawdevelopmentplan01/PHASE-13-COVERAGE-EVIDENCE-INDEX.md#phase.13.work.5","not_claimed","No specific Grok implementation claim; Codex assigns Phase-14 classification from independent evidence review","phase.13.work.5","943","7bd07703ef2755051dcdf29a946345663e99fb322e8ad040fc2bdefe5b61c4e5"
"phase.13.work.6","task","finalize operator runbooks, incident paths, credential schedule, retention jobs, audit review, and capacity thresholds","OpenClaw (Grok Phase-13 coverage index; Codex classifies)","docs/execution/openclawdevelopmentplan01/PHASE-13-COVERAGE-EVIDENCE-INDEX.md#phase.13.work.6","not_claimed","No specific Grok implementation claim; Codex assigns Phase-14 classification from independent evidence review","phase.13.work.6","944","88f5a3d7a503c1bed2f60be7828be1f57c704afa1e9bca0781e1db8d1679d037"
"phase.13.work.7","task","produce the execution-to-verification handoff required by Section 21","OpenClaw (Grok Phase-13 coverage index; Codex classifies)","docs/execution/openclawdevelopmentplan01/PHASE-13-COVERAGE-EVIDENCE-INDEX.md#phase.13.work.7","not_claimed","No specific Grok implementation claim; Codex assigns Phase-14 classification from independent evidence review","phase.13.work.7","945","3d9f2da5faa175039e53ffd2596cc339080953357d1a5ddf352d64580b0fac0b"
"phase.13.work.8","task","complete the Grok session record and implementation handoff","OpenClaw (Grok Phase-13 coverage index; Codex classifies)","docs/execution/openclawdevelopmentplan01/PHASE-13-COVERAGE-EVIDENCE-INDEX.md#phase.13.work.8","not_claimed","No specific Grok implementation claim; Codex assigns Phase-14 classification from independent evidence review","phase.13.work.8","946","4c298a96e29b63299c36374d7a01f7e16fa5f4d049b38591ad6dd39e574236c7"
"phase.13.work.9","task","ask the OpenClaw Orchestrator to refresh the dashboard and state that Grok execution is complete but independent verification remains active","OpenClaw (Grok Phase-13 coverage index; Codex classifies)","docs/execution/openclawdevelopmentplan01/PHASE-13-COVERAGE-EVIDENCE-INDEX.md#phase.13.work.9","not_claimed","No specific Grok implementation claim; Codex assigns Phase-14 classification from independent evidence review","phase.13.work.9","947","f93a27a4a1dcfd32090f7c696940a6fc3143be2b2199b74a7b76472e0ee3e63a"
"phase.13.work.10","task","create follow-up work only for disclosed omitted or accepted non-launch debt with an owner and gate","OpenClaw (Grok Phase-13 coverage index; Codex classifies)","docs/execution/openclawdevelopmentplan01/PHASE-13-COVERAGE-EVIDENCE-INDEX.md#phase.13.work.10","not_claimed","No specific Grok implementation claim; Codex assigns Phase-14 classification from independent evidence review","phase.13.work.10","948","a7da9071aef8e8745fb5f1c5068474ce15b1dd7eccb4a051572241913cec163e"
"phase.13.exit_gate","exit_gate","the complete OpenClaw Grok implementation handoff exists, its repository/worktree is stable for inspection, and all claimed evidence locations are accessible to the OpenClaw Codex verifier. This is a provisional execution closeout, not certification or final completion","OpenClaw Codex / LiNKbrain Codex / Principal","OUT: OpenClaw Codex Phase-14 verification + Principal accept gate (see docs/execution/openclawdevelopmentplan01/PHASE-13-PROVISIONAL-GROK-HANDOFF.md)","outside_ownership","Outside Grok execution ownership; Codex assigns Phase-14 classifications","phase.13.exit_gate","950","aabf227eb385fc8d2cb29f17566137f3b3c0d04baf0905079457b105a37ffd4f"
"phase.14.title","task","Phase 14: Independent OpenClaw Codex Plan-Conformance Verification","OpenClaw Codex / LiNKbrain Codex / Principal","OUT: OpenClaw Codex Phase-14 verification + Principal accept gate (see docs/execution/openclawdevelopmentplan01/PHASE-13-PROVISIONAL-GROK-HANDOFF.md)","outside_ownership","Outside Grok execution ownership; Codex assigns Phase-14 classifications","phase.14.title","952","2d154830e5b8cbb9861355a4096a8b1e16b485570504808382290fa510e98a9b"
"phase.14.objective","task","Objective: independently determine whether the actual OpenClaw implementation and evidence conform to every item in this plan","OpenClaw Codex / LiNKbrain Codex / Principal","OUT: OpenClaw Codex Phase-14 verification + Principal accept gate (see docs/execution/openclawdevelopmentplan01/PHASE-13-PROVISIONAL-GROK-HANDOFF.md)","outside_ownership","Outside Grok execution ownership; Codex assigns Phase-14 classifications","phase.14.objective","954","4b76202ab270acef6f2b6f93e822c57c4340315181244ac5fc9864cba9e3da53"
"phase.14.owner","evidence_requirement","Owner: OpenClaw Codex verifier only","OpenClaw Codex / LiNKbrain Codex / Principal","OUT: OpenClaw Codex Phase-14 verification + Principal accept gate (see docs/execution/openclawdevelopmentplan01/PHASE-13-PROVISIONAL-GROK-HANDOFF.md)","outside_ownership","Outside Grok execution ownership; Codex assigns Phase-14 classifications","phase.14.owner","956","e5e96c9bbefcab5a537bb85c55f0b588b6539d56bee53412ae29350c4b66fb4e"
"phase.14.work.1","task","inspect actual code, configuration, commits, tests, runtime actions, stage/production evidence, canaries, rollout, rollback, and sanitized artifacts rather than relying on the Grok summary","OpenClaw Codex / LiNKbrain Codex / Principal","OUT: OpenClaw Codex Phase-14 verification + Principal accept gate (see docs/execution/openclawdevelopmentplan01/PHASE-13-PROVISIONAL-GROK-HANDOFF.md)","outside_ownership","Outside Grok execution ownership; Codex assigns Phase-14 classifications","phase.14.work.1","960","3b6b4abbfc8a2e32bf15e0561701621e02406fff79d5485457e91acf9a431897"
"phase.14.work.2","task","classify every task, phase, test, gate, risk, evidence requirement, and definition-of-done item using exactly one of the seven values in Section 13.3","OpenClaw Codex / LiNKbrain Codex / Principal","OUT: OpenClaw Codex Phase-14 verification + Principal accept gate (see docs/execution/openclawdevelopmentplan01/PHASE-13-PROVISIONAL-GROK-HANDOFF.md)","outside_ownership","Outside Grok execution ownership; Codex assigns Phase-14 classifications","phase.14.work.2","961","81687d7098f903fa4cbb8f189baf383b684d099964e7d22ca81bb0dda1b53a35"
"phase.14.work.3","task","distinguish fake, integration, stage, and production proof and reject substitutions","OpenClaw Codex / LiNKbrain Codex / Principal","OUT: OpenClaw Codex Phase-14 verification + Principal accept gate (see docs/execution/openclawdevelopmentplan01/PHASE-13-PROVISIONAL-GROK-HANDOFF.md)","outside_ownership","Outside Grok execution ownership; Codex assigns Phase-14 classifications","phase.14.work.3","962","25e654564f26b982beabd025ebf50faeb7873c3338c91dc52b79c66ba01c99ad"
"phase.14.work.4","task","verify contract/hash provenance and the evidence of every external interface owner","OpenClaw Codex / LiNKbrain Codex / Principal","OUT: OpenClaw Codex Phase-14 verification + Principal accept gate (see docs/execution/openclawdevelopmentplan01/PHASE-13-PROVISIONAL-GROK-HANDOFF.md)","outside_ownership","Outside Grok execution ownership; Codex assigns Phase-14 classifications","phase.14.work.4","963","fce5d11fb5583c43170b54ddf1c636295526d7293e357f5753ffc4b0b97fd3f3"
"phase.14.work.5","task","reproduce representative tests, failure/recovery scenarios, configuration checks, and rollback evidence proportionate to risk","OpenClaw Codex / LiNKbrain Codex / Principal","OUT: OpenClaw Codex Phase-14 verification + Principal accept gate (see docs/execution/openclawdevelopmentplan01/PHASE-13-PROVISIONAL-GROK-HANDOFF.md)","outside_ownership","Outside Grok execution ownership; Codex assigns Phase-14 classifications","phase.14.work.5","964","02fd06af934bd6f90140c5aeb9e7c3d71805ecf82c797e0387cccc01d045f141"
"phase.14.work.6","task","issue bounded correction work packets to the original OpenClaw Grok owner for every actionable deficiency","OpenClaw Codex / LiNKbrain Codex / Principal","OUT: OpenClaw Codex Phase-14 verification + Principal accept gate (see docs/execution/openclawdevelopmentplan01/PHASE-13-PROVISIONAL-GROK-HANDOFF.md)","outside_ownership","Outside Grok execution ownership; Codex assigns Phase-14 classifications","phase.14.work.6","965","ceb749496707c053697cd0221f5e2598696204229517f3d2182944b5ad6b16d2"
"phase.14.work.7","task","re-verify corrected work without silently implementing it","OpenClaw Codex / LiNKbrain Codex / Principal","OUT: OpenClaw Codex Phase-14 verification + Principal accept gate (see docs/execution/openclawdevelopmentplan01/PHASE-13-PROVISIONAL-GROK-HANDOFF.md)","outside_ownership","Outside Grok execution ownership; Codex assigns Phase-14 classifications","phase.14.work.7","966","f2ea9126f79b3aa23560f7bff496353708f98adc2a0732bb2330894b66b97207"
"phase.14.work.8","task","publish the independent OpenClaw verification report, unresolved classification ledger, and recommendation to the LiNKbrain coordinating verifier","OpenClaw Codex / LiNKbrain Codex / Principal","OUT: OpenClaw Codex Phase-14 verification + Principal accept gate (see docs/execution/openclawdevelopmentplan01/PHASE-13-PROVISIONAL-GROK-HANDOFF.md)","outside_ownership","Outside Grok execution ownership; Codex assigns Phase-14 classifications","phase.14.work.8","967","ee2a987fdac1bc14c55d14bee85dddc2334444efcb38ccdd4291c6fb58fc70e5"
"phase.14.exit_gate","exit_gate","every planned item has exactly one classification; all correction packets are resolved or explicitly accepted by the authorized decision owner; the OpenClaw verification report states what is proven, provisional, blocked, outside ownership, or divergent. The verifier does not grant final four-plan acceptance","OpenClaw Codex / LiNKbrain Codex / Principal","OUT: OpenClaw Codex Phase-14 verification + Principal accept gate (see docs/execution/openclawdevelopmentplan01/PHASE-13-PROVISIONAL-GROK-HANDOFF.md)","outside_ownership","Outside Grok execution ownership; Codex assigns Phase-14 classifications","phase.14.exit_gate","969","b3f8e0c9be6941aac8fbbfe05456db009642752e164648e2becc94342ee36749"
"phase.15.title","task","Phase 15: LiNKbrain Codex Four-Plan Reconciliation and Principal Closeout","OpenClaw Codex / LiNKbrain Codex / Principal","OUT: OpenClaw Codex Phase-14 verification + Principal accept gate (see docs/execution/openclawdevelopmentplan01/PHASE-13-PROVISIONAL-GROK-HANDOFF.md)","outside_ownership","Outside Grok execution ownership; Codex assigns Phase-14 classifications","phase.15.title","971","613ea9a434547645686970344831cfd8bbcd5d1a0f3b6eb19548cf5849424644"
"phase.15.objective","task","Objective: reconcile the four independently verified repository results and present one evidence-backed completion decision to the Principal","OpenClaw Codex / LiNKbrain Codex / Principal","OUT: OpenClaw Codex Phase-14 verification + Principal accept gate (see docs/execution/openclawdevelopmentplan01/PHASE-13-PROVISIONAL-GROK-HANDOFF.md)","outside_ownership","Outside Grok execution ownership; Codex assigns Phase-14 classifications","phase.15.objective","973","b2267117a6531e1744f75c73d272b2ad0a826202e7ea0863768b946ec2369537"
"phase.15.owner","evidence_requirement","Owner: LiNKbrain Codex coordinating verifier, with final Principal acceptance","OpenClaw Codex / LiNKbrain Codex / Principal","OUT: OpenClaw Codex Phase-14 verification + Principal accept gate (see docs/execution/openclawdevelopmentplan01/PHASE-13-PROVISIONAL-GROK-HANDOFF.md)","outside_ownership","Outside Grok execution ownership; Codex assigns Phase-14 classifications","phase.15.owner","975","cd4112cd582cc903ed76b467018a1347c9476972f5a4e2e74d6afeb744683004"
"phase.15.work.1","task","verify that all four reports are final independent results rather than provisional Grok completion reports","OpenClaw Codex / LiNKbrain Codex / Principal","OUT: OpenClaw Codex Phase-14 verification + Principal accept gate (see docs/execution/openclawdevelopmentplan01/PHASE-13-PROVISIONAL-GROK-HANDOFF.md)","outside_ownership","Outside Grok execution ownership; Codex assigns Phase-14 classifications","phase.15.work.1","981","60111c65580d52309268bd60dcd2bdcf4b0c7d52db6c8622e1f2cd3a172bcc5b"
"phase.15.work.2","task","reconcile ownership, contracts, identity, credentials, migrations, environment, privacy, configuration, rollout, rollback, canary, and evidence conclusions","OpenClaw Codex / LiNKbrain Codex / Principal","OUT: OpenClaw Codex Phase-14 verification + Principal accept gate (see docs/execution/openclawdevelopmentplan01/PHASE-13-PROVISIONAL-GROK-HANDOFF.md)","outside_ownership","Outside Grok execution ownership; Codex assigns Phase-14 classifications","phase.15.work.2","982","96b15a7f84eea9c5455f941d342cb860216626b2a47276f3203d0cad50944d87"
"phase.15.work.3","task","identify inconsistent classifications, missing owner evidence, cross-plan deviations, and launch-blocking contradictions","OpenClaw Codex / LiNKbrain Codex / Principal","OUT: OpenClaw Codex Phase-14 verification + Principal accept gate (see docs/execution/openclawdevelopmentplan01/PHASE-13-PROVISIONAL-GROK-HANDOFF.md)","outside_ownership","Outside Grok execution ownership; Codex assigns Phase-14 classifications","phase.15.work.3","983","785504829a7c559619210ff9fae895d7f312721192758d8e0b4db6a0e1758198"
"phase.15.work.4","task","confirm Brain-first and later Skills sequencing and all independent evidence windows","OpenClaw Codex / LiNKbrain Codex / Principal","OUT: OpenClaw Codex Phase-14 verification + Principal accept gate (see docs/execution/openclawdevelopmentplan01/PHASE-13-PROVISIONAL-GROK-HANDOFF.md)","outside_ownership","Outside Grok execution ownership; Codex assigns Phase-14 classifications","phase.15.work.4","984","abc8a87e921ef720d610fcc622ca0d6da68f8331aa83da8bcae11a59f3b9cb13"
"phase.15.work.5","task","confirm the Librarian and Program authority boundaries remain intact","OpenClaw Codex / LiNKbrain Codex / Principal","OUT: OpenClaw Codex Phase-14 verification + Principal accept gate (see docs/execution/openclawdevelopmentplan01/PHASE-13-PROVISIONAL-GROK-HANDOFF.md)","outside_ownership","Outside Grok execution ownership; Codex assigns Phase-14 classifications","phase.15.work.5","985","03c272dd9d6112b5e06ace1d533756990c94f0613ea7f06e6907ebfdf0983de2"
"phase.15.work.6","task","produce a four-plan reconciliation report with accepted results, unresolved items, owners, and recommended Principal decision","OpenClaw Codex / LiNKbrain Codex / Principal","OUT: OpenClaw Codex Phase-14 verification + Principal accept gate (see docs/execution/openclawdevelopmentplan01/PHASE-13-PROVISIONAL-GROK-HANDOFF.md)","outside_ownership","Outside Grok execution ownership; Codex assigns Phase-14 classifications","phase.15.work.6","986","fab62f770b5906bd96d9e8406b56c9c34e37593196f62289a698e2871a353f10"
"phase.15.work.7","task","request final Principal acceptance only when no unresolved launch-blocking contradiction remains","OpenClaw Codex / LiNKbrain Codex / Principal","OUT: OpenClaw Codex Phase-14 verification + Principal accept gate (see docs/execution/openclawdevelopmentplan01/PHASE-13-PROVISIONAL-GROK-HANDOFF.md)","outside_ownership","Outside Grok execution ownership; Codex assigns Phase-14 classifications","phase.15.work.7","987","2406007063190b0370dd6c647476765ff0d1661756fdf16c8b2c5a6812175e40"
"phase.15.exit_gate","exit_gate","the Principal accepts the reconciled four-plan result. Until then, execution reports and individual repository verification reports do not constitute overall completion","OpenClaw Codex / LiNKbrain Codex / Principal","OUT: OpenClaw Codex Phase-14 verification + Principal accept gate (see docs/execution/openclawdevelopmentplan01/PHASE-13-PROVISIONAL-GROK-HANDOFF.md)","outside_ownership","Outside Grok execution ownership; Codex assigns Phase-14 classifications","phase.15.exit_gate","989","1c31dfb5cf12c7c60488e278fc903979b7995e5ea812b2b54713da5a5537784f"
"test.layer.1","test","Unit: Envelope, redaction, idempotency, backoff, config, flags — Focused deterministic tests per plugin","OpenClaw (Grok Phase-13 coverage index; Codex classifies)","docs/execution/openclawdevelopmentplan01/PHASE-13-COVERAGE-EVIDENCE-INDEX.md#test.layer.1","not_claimed","No specific Grok implementation claim; Codex assigns Phase-14 classification from independent evidence review","test.layer.1","997","6781b271df46a22c39542dbea223b4976630a89ff4325b2dd266442d588db763"
"test.layer.2","test","Contract: Gateway schemas, claims, errors, health, versioning — Owner-approved sanitized fixtures and fakes","OpenClaw (Grok Phase-13 coverage index; Codex classifies)","docs/execution/openclawdevelopmentplan01/PHASE-13-COVERAGE-EVIDENCE-INDEX.md#test.layer.2","not_claimed","No specific Grok implementation claim; Codex assigns Phase-14 classification from independent evidence review","test.layer.2","998","162639a6e12bfe6f8d634d27ee3c6c6491641ebb91ba331be56a77e1c02710df"
"test.layer.3","test","State: Ordering, lease, crash/restart, capacity, dead letter — SQLite-backed plugin runtime tests","OpenClaw (Grok Phase-13 coverage index; Codex classifies)","docs/execution/openclawdevelopmentplan01/PHASE-13-COVERAGE-EVIDENCE-INDEX.md#test.layer.3","not_claimed","No specific Grok implementation claim; Codex assigns Phase-14 classification from independent evidence review","test.layer.3","999","100d82bd5c594fc86e75b2ffa76cc12f652e5ca06cec27086a2db2eaa33e5fc3"
"test.layer.4","test","Privacy: Prohibited fields, secret canaries, cross-domain silence — Negative tests and sanitized artifact scan","OpenClaw (Grok Phase-13 coverage index; Codex classifies)","docs/execution/openclawdevelopmentplan01/PHASE-13-COVERAGE-EVIDENCE-INDEX.md#test.layer.4","not_claimed","No specific Grok implementation claim; Codex assigns Phase-14 classification from independent evidence review","test.layer.4","1000","a619426224cd70ec5b96e326ec0bc88c6d9e7b84d698087f53874c3240998a7c"
"test.layer.5","test","Integration: Two plugins, two MCP entries, native behavior — Fake-backed full lifecycle scenarios","OpenClaw (Grok Phase-13 coverage index; Codex classifies)","docs/execution/openclawdevelopmentplan01/PHASE-13-COVERAGE-EVIDENCE-INDEX.md#test.layer.5","not_claimed","No specific Grok implementation claim; Codex assigns Phase-14 classification from independent evidence review","test.layer.5","1001","2fa806c2f17eb4552aa65a33bfec48492944d41e886b705c3e51240b6b3c5f0d"
"test.layer.6","test","Stage: Real identity, credentials, services, migrations, audit — Live Platform environment evidence","Platform / Principal / Cursor maintenance (as labeled)","BLOCK: live/external gate named in plan item; OpenClaw fake-tier work is not live proof (docs/execution/openclawdevelopmentplan01/PHASE-13-PROVISIONAL-GROK-HANDOFF.md)","blocked","Label requires live/external proof beyond fake-tier OpenClaw work","test.layer.6","1002","1b9326a6187d84ca97eb6eb5c828e29c3d5e2fc65a51ab80ee9aabed07a9f419"
"test.layer.7","test","Production: Real Lisa use, failure recovery, rollback — Independent domain canary windows","Platform / Principal / Cursor maintenance (as labeled)","BLOCK: live/external gate named in plan item; OpenClaw fake-tier work is not live proof (docs/execution/openclawdevelopmentplan01/PHASE-13-PROVISIONAL-GROK-HANDOFF.md)","blocked","Label requires live/external proof beyond fake-tier OpenClaw work","test.layer.7","1003","beac4b85a9105e202cdde7831521765b6c991b8c4daa34a2a5c51931ca0481d9"
"prose.16_2_required_invariants.1007.1","evidence_requirement","Tests must prove:","OpenClaw (Grok Phase-13 coverage index; Codex classifies)","docs/execution/openclawdevelopmentplan01/PHASE-13-COVERAGE-EVIDENCE-INDEX.md#prose.16_2_required_invariants.1007.1","not_claimed","No specific Grok implementation claim; Codex assigns Phase-14 classification from independent evidence review","prose.16_2_required_invariants.1007.1","1007","834ac51021d2b71ff2f07ad17880cd167ef11089445d920285721d9e88626b06"
"test.invariant.1","test","one canonical Lisa actor across all subordinate executions","OpenClaw (Grok Phase-13 coverage index; Codex classifies)","docs/execution/openclawdevelopmentplan01/PHASE-13-COVERAGE-EVIDENCE-INDEX.md#test.invariant.1","not_claimed","No specific Grok implementation claim; Codex assigns Phase-14 classification from independent evidence review","test.invariant.1","1009","128653f73becc046395a8e87adf084ca74b262816c8900374e4a93477a887f70"
"test.invariant.2","test","separate Brain and Skills credentials and scopes","OpenClaw (Grok Phase-13 coverage index; Codex classifies)","docs/execution/openclawdevelopmentplan01/PHASE-13-COVERAGE-EVIDENCE-INDEX.md#test.invariant.2","not_claimed","No specific Grok implementation claim; Codex assigns Phase-14 classification from independent evidence review","test.invariant.2","1010","27f513a9b12bbeca285e174d351dd6ece5bdf26ba33ddfef7a6e89a77b7df790"
"test.invariant.3","test","no Skills conversation access or raw payload","OpenClaw (Grok Phase-13 coverage index; Codex classifies)","docs/execution/openclawdevelopmentplan01/PHASE-13-COVERAGE-EVIDENCE-INDEX.md#test.invariant.3","not_claimed","No specific Grok implementation claim; Codex assigns Phase-14 classification from independent evidence review","test.invariant.3","1011","03f94fdadf3b5b9d2d0506f5c59b952c5dac3d842d84bc22d97147e81d5dcfba"
"test.invariant.4","test","no cross-domain state or payload copy","OpenClaw (Grok Phase-13 coverage index; Codex classifies)","docs/execution/openclawdevelopmentplan01/PHASE-13-COVERAGE-EVIDENCE-INDEX.md#test.invariant.4","not_claimed","No specific Grok implementation claim; Codex assigns Phase-14 classification from independent evidence review","test.invariant.4","1012","286203e0e0333452b5d54a10fff8e21a7e7f058624309e53a85cab4fc1afebe7"
"test.invariant.5","test","no delivery acknowledgement before durable remote acceptance","OpenClaw (Grok Phase-13 coverage index; Codex classifies)","docs/execution/openclawdevelopmentplan01/PHASE-13-COVERAGE-EVIDENCE-INDEX.md#test.invariant.5","not_claimed","No specific Grok implementation claim; Codex assigns Phase-14 classification from independent evidence review","test.invariant.5","1013","f25c271e5b4a3b48ba22b38b219739b7eafc920d1b029a4660f3bfc43f6f120a"
"test.invariant.6","test","idempotent replay after ambiguous failures","OpenClaw (Grok Phase-13 coverage index; Codex classifies)","docs/execution/openclawdevelopmentplan01/PHASE-13-COVERAGE-EVIDENCE-INDEX.md#test.invariant.6","not_claimed","No specific Grok implementation claim; Codex assigns Phase-14 classification from independent evidence review","test.invariant.6","1014","3c18ae767105cd16d6da32da13aa22983f7189d47a320c507cfd040039683ed3"
"test.invariant.7","test","deterministic drain order and single lease owner","OpenClaw (Grok Phase-13 coverage index; Codex classifies)","docs/execution/openclawdevelopmentplan01/PHASE-13-COVERAGE-EVIDENCE-INDEX.md#test.invariant.7","not_claimed","No specific Grok implementation claim; Codex assigns Phase-14 classification from independent evidence review","test.invariant.7","1015","e0fea07037833a1d589904e886dcb47b7455fab149229282e17b900e14803ee3"
"test.invariant.8","test","domain-specific overflow and dead-letter behavior","OpenClaw (Grok Phase-13 coverage index; Codex classifies)","docs/execution/openclawdevelopmentplan01/PHASE-13-COVERAGE-EVIDENCE-INDEX.md#test.invariant.8","not_claimed","No specific Grok implementation claim; Codex assigns Phase-14 classification from independent evidence review","test.invariant.8","1016","f71badd4178311b885a0980dfa0045178b76dc18c4f8a998c2949bebcf23d007"
"test.invariant.9","test","native memory, compaction, cron, channels, sessions, and skills continue during degradation","OpenClaw (Grok Phase-13 coverage index; Codex classifies)","docs/execution/openclawdevelopmentplan01/PHASE-13-COVERAGE-EVIDENCE-INDEX.md#test.invariant.9","not_claimed","No specific Grok implementation claim; Codex assigns Phase-14 classification from independent evidence review","test.invariant.9","1017","d121b6947cd22fbd1f515c258621e5b3c1e67aa43bfa7a28e6660bc3e11b2f56"
"test.invariant.10","test","disabled means no hooks, drain, or remote traffic for that domain","OpenClaw (Grok Phase-13 coverage index; Codex classifies)","docs/execution/openclawdevelopmentplan01/PHASE-13-COVERAGE-EVIDENCE-INDEX.md#test.invariant.10","not_claimed","No specific Grok implementation claim; Codex assigns Phase-14 classification from independent evidence review","test.invariant.10","1018","fe8a9f16fc11def380a6b66fec73c315ecf8f5e15294cd0e2833cbd514a106db"
"test.invariant.11","test","one-domain rollback leaves the other domain healthy","OpenClaw (Grok Phase-13 coverage index; Codex classifies)","docs/execution/openclawdevelopmentplan01/PHASE-13-COVERAGE-EVIDENCE-INDEX.md#test.invariant.11","not_claimed","No specific Grok implementation claim; Codex assigns Phase-14 classification from independent evidence review","test.invariant.11","1019","5115d6a307b91868f46f550402d07bc2858646e5dbbdca5e647d944f882136a4"
"test.invariant.12","test","secrets do not appear in source, config, CLI arguments, logs, diagnostics, state, fixtures, screenshots, or handoffs","OpenClaw (Grok Phase-13 coverage index; Codex classifies)","docs/execution/openclawdevelopmentplan01/PHASE-13-COVERAGE-EVIDENCE-INDEX.md#test.invariant.12","not_claimed","No specific Grok implementation claim; Codex assigns Phase-14 classification from independent evidence review","test.invariant.12","1020","e8b2b2fded807d36d3f3714cef29a788af36ff64423c383a54d490bb1f3c3cae"
"prose.16_3_repository_command_guidance.1024.1","evidence_requirement","The execution agent must use the current root policy and the `openclaw-testing` and `crabbox` skills to select proof. Expected commands include:","OpenClaw (Grok Phase-13 coverage index; Codex classifies)","docs/execution/openclawdevelopmentplan01/PHASE-13-COVERAGE-EVIDENCE-INDEX.md#prose.16_3_repository_command_guidance.1024.1","not_claimed","No specific Grok implementation claim; Codex assigns Phase-14 classification from independent evidence review","prose.16_3_repository_command_guidance.1024.1","1024","450662cf16ab5e822d42447e8a8bac1731b0973d5ae3190ee3076722f9bad7b3"
"prose.16_3_repository_command_guidance.1035.1","gate","Use focused local commands only for trusted source with ready dependencies. Heavy checks, builds, packaging, E2E, live proof, and cross-platform scenarios use the selected Testbox/Crabbox path. Do not run untrusted repository tooling locally. Do not add a public SDK check unless the SDK surface actually changes","OpenClaw (Grok Phase-13 coverage index; Codex classifies)","docs/execution/openclawdevelopmentplan01/PHASE-13-COVERAGE-EVIDENCE-INDEX.md#prose.16_3_repository_command_guidance.1035.1","not_claimed","No specific Grok implementation claim; Codex assigns Phase-14 classification from independent evidence review","prose.16_3_repository_command_guidance.1035.1","1035","cc178706d639a2a7d8475cd5858097689793bcc1597efb109a43832cee3b92a4"
"prose.16_4_lisa_runtime_proof.1039.1","evidence_requirement","Use profile-qualified, redacted commands and record exit status and sanitized output:","OpenClaw (Grok Phase-13 coverage index; Codex classifies)","docs/execution/openclawdevelopmentplan01/PHASE-13-COVERAGE-EVIDENCE-INDEX.md#prose.16_4_lisa_runtime_proof.1039.1","not_claimed","No specific Grok implementation claim; Codex assigns Phase-14 classification from independent evidence review","prose.16_4_lisa_runtime_proof.1039.1","1039","7073529be63d984ad9e74ae860b75c8900211838fa75df4b833c3ebcc03e9951"
"prose.16_4_lisa_runtime_proof.1051.1","gate","Confirm the exact current CLI help before execution. Never include credential values or private message/memory content in evidence","OpenClaw (Grok Phase-13 coverage index; Codex classifies)","docs/execution/openclawdevelopmentplan01/PHASE-13-COVERAGE-EVIDENCE-INDEX.md#prose.16_4_lisa_runtime_proof.1051.1","not_claimed","No specific Grok implementation claim; Codex assigns Phase-14 classification from independent evidence review","prose.16_4_lisa_runtime_proof.1051.1","1051","867196031cfe85e6efddd1762c772d083e30c89d7da138799b445b1c160b2edd"
"list.17_1_per_domain_health.1059.1","task","enabled/disabled/degraded state","OpenClaw (Grok Phase-13 coverage index; Codex classifies)","docs/execution/openclawdevelopmentplan01/PHASE-13-COVERAGE-EVIDENCE-INDEX.md#list.17_1_per_domain_health.1059.1","not_claimed","No specific Grok implementation claim; Codex assigns Phase-14 classification from independent evidence review","list.17_1_per_domain_health.1059.1","1059","163543bb8a56814fdb64899f4103004c28816acefa3f27828c5983cf3d104de8"
"list.17_1_per_domain_health.1060.2","task","contract and plugin version","OpenClaw (Grok Phase-13 coverage index; Codex classifies)","docs/execution/openclawdevelopmentplan01/PHASE-13-COVERAGE-EVIDENCE-INDEX.md#list.17_1_per_domain_health.1060.2","not_claimed","No specific Grok implementation claim; Codex assigns Phase-14 classification from independent evidence review","list.17_1_per_domain_health.1060.2","1060","4bd4d89d5d05161c705c233859fbb1938e7253b6372f941ec9c5a077d4ca1943"
"list.17_1_per_domain_health.1061.3","task","endpoint identity without sensitive query/header material","OpenClaw (Grok Phase-13 coverage index; Codex classifies)","docs/execution/openclawdevelopmentplan01/PHASE-13-COVERAGE-EVIDENCE-INDEX.md#list.17_1_per_domain_health.1061.3","not_claimed","No specific Grok implementation claim; Codex assigns Phase-14 classification from independent evidence review","list.17_1_per_domain_health.1061.3","1061","f6ba2287b4e8b2c84eb7bdc6dba9a4af22ea9c04fff289917698a40976e7474b"
"list.17_1_per_domain_health.1062.4","task","credential presence and expiry class, never value","OpenClaw (Grok Phase-13 coverage index; Codex classifies)","docs/execution/openclawdevelopmentplan01/PHASE-13-COVERAGE-EVIDENCE-INDEX.md#list.17_1_per_domain_health.1062.4","not_claimed","No specific Grok implementation claim; Codex assigns Phase-14 classification from independent evidence review","list.17_1_per_domain_health.1062.4","1062","cee53db9d3578a427aa5ef83b43728463bc4161a16da425d5c5e5591a5332c17"
"list.17_1_per_domain_health.1063.5","task","last successful probe and delivery time","OpenClaw (Grok Phase-13 coverage index; Codex classifies)","docs/execution/openclawdevelopmentplan01/PHASE-13-COVERAGE-EVIDENCE-INDEX.md#list.17_1_per_domain_health.1063.5","not_claimed","No specific Grok implementation claim; Codex assigns Phase-14 classification from independent evidence review","list.17_1_per_domain_health.1063.5","1063","7c36ac76a73115533258fc2d8b894a4c26e1a68bbb55732f3d39495764edaad0"
"list.17_1_per_domain_health.1064.6","task","last failure class and bounded message","OpenClaw (Grok Phase-13 coverage index; Codex classifies)","docs/execution/openclawdevelopmentplan01/PHASE-13-COVERAGE-EVIDENCE-INDEX.md#list.17_1_per_domain_health.1064.6","not_claimed","No specific Grok implementation claim; Codex assigns Phase-14 classification from independent evidence review","list.17_1_per_domain_health.1064.6","1064","a7696665a77f2ac9a1542485d1a68a962aa4ad40694e2cb4759cd8b44508aac3"
"list.17_1_per_domain_health.1065.7","task","queue depth, oldest age, retry count, dead-letter count, and capacity state","OpenClaw (Grok Phase-13 coverage index; Codex classifies)","docs/execution/openclawdevelopmentplan01/PHASE-13-COVERAGE-EVIDENCE-INDEX.md#list.17_1_per_domain_health.1065.7","not_claimed","No specific Grok implementation claim; Codex assigns Phase-14 classification from independent evidence review","list.17_1_per_domain_health.1065.7","1065","549738bae20887c137f6ee091caec9e03e5ea8ffe659ad2c1d0fecae368a8e6c"
"list.17_1_per_domain_health.1066.8","task","drain lease status","OpenClaw (Grok Phase-13 coverage index; Codex classifies)","docs/execution/openclawdevelopmentplan01/PHASE-13-COVERAGE-EVIDENCE-INDEX.md#list.17_1_per_domain_health.1066.8","not_claimed","No specific Grok implementation claim; Codex assigns Phase-14 classification from independent evidence review","list.17_1_per_domain_health.1066.8","1066","eaf155e621ca89b5410f2ecf5258ab970ada8ba287e631b9a5af502c84d0dd4b"
"list.17_1_per_domain_health.1067.9","task","current feature flags","OpenClaw (Grok Phase-13 coverage index; Codex classifies)","docs/execution/openclawdevelopmentplan01/PHASE-13-COVERAGE-EVIDENCE-INDEX.md#list.17_1_per_domain_health.1067.9","not_claimed","No specific Grok implementation claim; Codex assigns Phase-14 classification from independent evidence review","list.17_1_per_domain_health.1067.9","1067","1a5eac991f6ad7767e0c78157b421b5e5c1f426a3942560a91d0905f7058ea2f"
"list.17_1_per_domain_health.1068.10","task","stage/production environment label","Platform / Principal / Cursor maintenance (as labeled)","BLOCK: live/external gate named in plan item; OpenClaw fake-tier work is not live proof (docs/execution/openclawdevelopmentplan01/PHASE-13-PROVISIONAL-GROK-HANDOFF.md)","blocked","Label requires live/external proof beyond fake-tier OpenClaw work","list.17_1_per_domain_health.1068.10","1068","91c62807e3a062361d788cc00e44ecbd7c71c71b1b0a68eed68e7753e5892f2e"
"list.17_1_per_domain_health.1069.11","task","privacy policy/redaction version","OpenClaw (Grok Phase-13 coverage index; Codex classifies)","docs/execution/openclawdevelopmentplan01/PHASE-13-COVERAGE-EVIDENCE-INDEX.md#list.17_1_per_domain_health.1069.11","not_claimed","No specific Grok implementation claim; Codex assigns Phase-14 classification from independent evidence review","list.17_1_per_domain_health.1069.11","1069","989ce9b276e97a70d0764327e5c5e0bd85cdf662302250befad0fa33920ccde5"
"observability.alert.1","evidence_requirement","Alert Critical: secret/privacy leak, wrong actor/scope, cross-domain payload, confirmed data loss → Disable affected domain immediately; security/Platform/OpenClaw incident","OpenClaw (Grok Phase-13 coverage index; Codex classifies)","docs/execution/openclawdevelopmentplan01/PHASE-13-COVERAGE-EVIDENCE-INDEX.md#observability.alert.1","not_claimed","No specific Grok implementation claim; Codex assigns Phase-14 classification from independent evidence review","observability.alert.1","1075","fef43ff4db6830e5a5f72278136d54b8d7aaff94115b0def703963a92e57424c"
"observability.alert.2","evidence_requirement","Alert High: credential revoked unexpectedly, outbox near full, oldest age over loss budget, repeated terminal writes → Domain owner and OpenClaw operator; pause intake or drain safely","OpenClaw (Grok Phase-13 coverage index; Codex classifies)","docs/execution/openclawdevelopmentplan01/PHASE-13-COVERAGE-EVIDENCE-INDEX.md#observability.alert.2","not_claimed","No specific Grok implementation claim; Codex assigns Phase-14 classification from independent evidence review","observability.alert.2","1076","a31bf11f3b5c7516706ead2457c1291ad08baf73c12861100123c726352ff3e3"
"observability.alert.3","evidence_requirement","Alert Medium: transient service outage, elevated retry, stale health, one failed probe → Observe/retry within bounded policy","OpenClaw (Grok Phase-13 coverage index; Codex classifies)","docs/execution/openclawdevelopmentplan01/PHASE-13-COVERAGE-EVIDENCE-INDEX.md#observability.alert.3","not_claimed","No specific Grok implementation claim; Codex assigns Phase-14 classification from independent evidence review","observability.alert.3","1077","db8c579dbd23d4f2c377aa667e1fb6643ef6d333f4866012eef45fca033cfa8b"
"observability.alert.4","evidence_requirement","Alert Low: capacity trend, approaching expiry, non-blocking version drift → Planned maintenance","OpenClaw (Grok Phase-13 coverage index; Codex classifies)","docs/execution/openclawdevelopmentplan01/PHASE-13-COVERAGE-EVIDENCE-INDEX.md#observability.alert.4","not_claimed","No specific Grok implementation claim; Codex assigns Phase-14 classification from independent evidence review","observability.alert.4","1078","561cc7c6099a3165b7a5a4b3f4ade1013cea633e10ae26940e64c526c2c8bf35"
"prose.17_2_alert_classes.1080.1","gate","Alert payloads contain identifiers and counts only. They do not contain messages, Brain evidence, Skills inputs/results, credentials, or raw tool data","OpenClaw (Grok Phase-13 coverage index; Codex classifies)","docs/execution/openclawdevelopmentplan01/PHASE-13-COVERAGE-EVIDENCE-INDEX.md#prose.17_2_alert_classes.1080.1","not_claimed","No specific Grok implementation claim; Codex assigns Phase-14 classification from independent evidence review","prose.17_2_alert_classes.1080.1","1080","16ec3a5d83b532380cc76cad8bfa5f8b0f0ce204d41b6b331a65e6dd6287d656"
"list.17_3_honest_degraded_states.1084.1","evidence_requirement","Brain unavailable: native OpenClaw continues; capture buffers within approved bounds; high-risk evidence-dependent actions become cautious/advisory; operator sees Brain degraded","OpenClaw (Grok Phase-13 coverage index; Codex classifies)","docs/execution/openclawdevelopmentplan01/PHASE-13-COVERAGE-EVIDENCE-INDEX.md#list.17_3_honest_degraded_states.1084.1","not_claimed","No specific Grok implementation claim; Codex assigns Phase-14 classification from independent evidence review","list.17_3_honest_degraded_states.1084.1","1084","75d2d69b2f4fd286adacad19d33ec39d9561e4c57cd1ef28b3ad39eaf9eba0ed"
"list.17_3_honest_degraded_states.1085.2","evidence_requirement","Skills unavailable: native skills continue; governed LiNKskills operations stop or use only an exact last-verified bundle/profile when explicitly approved by the Skills contract; telemetry queues honestly","OpenClaw (Grok Phase-13 coverage index; Codex classifies)","docs/execution/openclawdevelopmentplan01/PHASE-13-COVERAGE-EVIDENCE-INDEX.md#list.17_3_honest_degraded_states.1085.2","not_claimed","No specific Grok implementation claim; Codex assigns Phase-14 classification from independent evidence review","list.17_3_honest_degraded_states.1085.2","1085","6cac3cf3660c1de07b95386a4ecaa60152237f3044c7100fcfa51a4027ae6c5c"
"list.17_3_honest_degraded_states.1086.3","evidence_requirement","State full: reject new domain records and alert; never silently drop or report delivery","OpenClaw (Grok Phase-13 coverage index; Codex classifies)","docs/execution/openclawdevelopmentplan01/PHASE-13-COVERAGE-EVIDENCE-INDEX.md#list.17_3_honest_degraded_states.1086.3","not_claimed","No specific Grok implementation claim; Codex assigns Phase-14 classification from independent evidence review","list.17_3_honest_degraded_states.1086.3","1086","d6d19c8d1ef4f449fddba8872c954e2baa787a83b27c78dba038167e368616de"
"list.17_3_honest_degraded_states.1087.4","evidence_requirement","Auth invalid: disable the affected remote path; never broaden scopes or reuse another credential","OpenClaw (Grok Phase-13 coverage index; Codex classifies)","docs/execution/openclawdevelopmentplan01/PHASE-13-COVERAGE-EVIDENCE-INDEX.md#list.17_3_honest_degraded_states.1087.4","not_claimed","No specific Grok implementation claim; Codex assigns Phase-14 classification from independent evidence review","list.17_3_honest_degraded_states.1087.4","1087","90c58dad4f5eb6e47e43ea266511b1e1ac19ffc72dbec386de860465a1985327"
"list.18_security_and_secret_handling.1091.1","gate","Platform owns issuance, injection, rotation, expiry, revocation, and audit","OpenClaw (Grok Phase-13 coverage index; Codex classifies)","docs/execution/openclawdevelopmentplan01/PHASE-13-COVERAGE-EVIDENCE-INDEX.md#list.18_security_and_secret_handling.1091.1","not_claimed","No specific Grok implementation claim; Codex assigns Phase-14 classification from independent evidence review","list.18_security_and_secret_handling.1091.1","1091","88cb7e419aab579c994719decbe1bd51d16589a45a0ad8a97bca5428b88b01c4"
"list.18_security_and_secret_handling.1092.2","gate","OpenClaw owns secure consumption and domain-specific configuration","OpenClaw (Grok Phase-13 coverage index; Codex classifies)","docs/execution/openclawdevelopmentplan01/PHASE-13-COVERAGE-EVIDENCE-INDEX.md#list.18_security_and_secret_handling.1092.2","not_claimed","No specific Grok implementation claim; Codex assigns Phase-14 classification from independent evidence review","list.18_security_and_secret_handling.1092.2","1092","530ac7fb0d8c6d309e385e71c6346c49cf979f6d12e6db2eeab740cf5b8a519d"
"list.18_security_and_secret_handling.1093.3","gate","Credentials are runtime-binding-owned and domain-specific","OpenClaw (Grok Phase-13 coverage index; Codex classifies)","docs/execution/openclawdevelopmentplan01/PHASE-13-COVERAGE-EVIDENCE-INDEX.md#list.18_security_and_secret_handling.1093.3","not_claimed","No specific Grok implementation claim; Codex assigns Phase-14 classification from independent evidence review","list.18_security_and_secret_handling.1093.3","1093","336c2e47773d67ee244520ca5791f28bbeb9b331749a979eb71a607377d92d12"
"list.18_security_and_secret_handling.1094.4","gate","No production `service_role` or database credential reaches OpenClaw","Platform / Principal / Cursor maintenance (as labeled)","BLOCK: live/external gate named in plan item; OpenClaw fake-tier work is not live proof (docs/execution/openclawdevelopmentplan01/PHASE-13-PROVISIONAL-GROK-HANDOFF.md)","blocked","Label requires live/external proof beyond fake-tier OpenClaw work","list.18_security_and_secret_handling.1094.4","1094","9556077a6a5ffd2eaa68a5edee4fc49cb86be8a0aafcadda92cda17cb0901420"
"list.18_security_and_secret_handling.1095.5","gate","Prefer native OAuth/auth profiles; otherwise use Platform-approved `SecretRef` injection","OpenClaw (Grok Phase-13 coverage index; Codex classifies)","docs/execution/openclawdevelopmentplan01/PHASE-13-COVERAGE-EVIDENCE-INDEX.md#list.18_security_and_secret_handling.1095.5","not_claimed","No specific Grok implementation claim; Codex assigns Phase-14 classification from independent evidence review","list.18_security_and_secret_handling.1095.5","1095","df2042f45b2e343ed19c244ba6fe29b33a5ced020b5b2c2851d2eb72ab0b40bf"
"list.18_security_and_secret_handling.1096.6","gate","Never inspect or reuse Cursor process-argument credentials. Their remediation is a launch-critical external maintenance gate","OpenClaw (Grok Phase-13 coverage index; Codex classifies)","docs/execution/openclawdevelopmentplan01/PHASE-13-COVERAGE-EVIDENCE-INDEX.md#list.18_security_and_secret_handling.1096.6","not_claimed","No specific Grok implementation claim; Codex assigns Phase-14 classification from independent evidence review","list.18_security_and_secret_handling.1096.6","1096","5dcf27c3c75479d5a3ea3007f0abe91f409af25b0929eaa5357d55729a2ccd8a"
"list.18_security_and_secret_handling.1097.7","gate","Redact authorization headers, cookies, query secrets, private endpoints when required, tokens, claims containing private facts, message content, and stored payloads from diagnostics","OpenClaw (Grok Phase-13 coverage index; Codex classifies)","docs/execution/openclawdevelopmentplan01/PHASE-13-COVERAGE-EVIDENCE-INDEX.md#list.18_security_and_secret_handling.1097.7","not_claimed","No specific Grok implementation claim; Codex assigns Phase-14 classification from independent evidence review","list.18_security_and_secret_handling.1097.7","1097","430202365af49969282bde257ff8208f641ebad7fff2ed86d24b9175cda979d5"
"list.18_security_and_secret_handling.1098.8","gate","Use short-lived least-privilege credentials and independently test revocation","OpenClaw (Grok Phase-13 coverage index; Codex classifies)","docs/execution/openclawdevelopmentplan01/PHASE-13-COVERAGE-EVIDENCE-INDEX.md#list.18_security_and_secret_handling.1098.8","not_claimed","No specific Grok implementation claim; Codex assigns Phase-14 classification from independent evidence review","list.18_security_and_secret_handling.1098.8","1098","e2bc26832492b4886dfc7a4ee6817e4314258eb2e724d294f71534a3e0741f3a"
"list.18_security_and_secret_handling.1099.9","gate","Validate issuer, audience, actor, binding, service, operations, expiry, and contract version at the Gateway","OpenClaw (Grok Phase-13 coverage index; Codex classifies)","docs/execution/openclawdevelopmentplan01/PHASE-13-COVERAGE-EVIDENCE-INDEX.md#list.18_security_and_secret_handling.1099.9","not_claimed","No specific Grok implementation claim; Codex assigns Phase-14 classification from independent evidence review","list.18_security_and_secret_handling.1099.9","1099","a33139274a221d5961884565d1a2daf59c533c6244dd65ae2946c6a7c2617529"
"list.18_security_and_secret_handling.1100.10","gate","Treat all externally supplied text and tool data as untrusted input","OpenClaw (Grok Phase-13 coverage index; Codex classifies)","docs/execution/openclawdevelopmentplan01/PHASE-13-COVERAGE-EVIDENCE-INDEX.md#list.18_security_and_secret_handling.1100.10","not_claimed","No specific Grok implementation claim; Codex assigns Phase-14 classification from independent evidence review","list.18_security_and_secret_handling.1100.10","1100","f2585bf949f8f6250f4f3f62504051a9e60f52a61c9fb8fdc84fe9970c3a450e"
"list.18_security_and_secret_handling.1101.11","gate","Do not log full request/response envelopes in production","Platform / Principal / Cursor maintenance (as labeled)","BLOCK: live/external gate named in plan item; OpenClaw fake-tier work is not live proof (docs/execution/openclawdevelopmentplan01/PHASE-13-PROVISIONAL-GROK-HANDOFF.md)","blocked","Label requires live/external proof beyond fake-tier OpenClaw work","list.18_security_and_secret_handling.1101.11","1101","75147a83bc571d311439bb62be9d72012290e24a871cdd94584f35c00e796b98"
"list.18_security_and_secret_handling.1102.12","gate","Run repository secret scanning and targeted canary searches before each live gate","OpenClaw (Grok Phase-13 coverage index; Codex classifies)","docs/execution/openclawdevelopmentplan01/PHASE-13-COVERAGE-EVIDENCE-INDEX.md#list.18_security_and_secret_handling.1102.12","not_claimed","No specific Grok implementation claim; Codex assigns Phase-14 classification from independent evidence review","list.18_security_and_secret_handling.1102.12","1102","357b0971fdf150f4a1c226b14a86d9da13e7ea8ef9e0d8570156de943939537d"
"prose.19_operations_and_runbooks.1106.1","evidence_requirement","Required runbooks:","OpenClaw (Grok Phase-13 coverage index; Codex classifies)","docs/execution/openclawdevelopmentplan01/PHASE-13-COVERAGE-EVIDENCE-INDEX.md#prose.19_operations_and_runbooks.1106.1","not_claimed","No specific Grok implementation claim; Codex assigns Phase-14 classification from independent evidence review","prose.19_operations_and_runbooks.1106.1","1106","9661674a439e07180b5695049f448d9b82803044eb157123cf3733bcfaddfe24"
"runbook.1","deliverable","Runbook: Brain enable/disable/read-only/write/drain controls","OpenClaw (Grok Phase-13 coverage index; Codex classifies)","docs/execution/openclawdevelopmentplan01/PHASE-13-COVERAGE-EVIDENCE-INDEX.md#runbook.1","not_claimed","No specific Grok implementation claim; Codex assigns Phase-14 classification from independent evidence review","runbook.1","1108","efe1cf61ae7386c8af5f31359962187f19e63afc2eab0fcd9117f7f30ab6354a"
"runbook.2","deliverable","Runbook: Skills enable/disable/discovery/execution/telemetry controls","OpenClaw (Grok Phase-13 coverage index; Codex classifies)","docs/execution/openclawdevelopmentplan01/PHASE-13-COVERAGE-EVIDENCE-INDEX.md#runbook.2","not_claimed","No specific Grok implementation claim; Codex assigns Phase-14 classification from independent evidence review","runbook.2","1109","11f1c504069a81cff7fed2c3dec007e2926cad6c60089b842eec7bf602ab843c"
"runbook.3","deliverable","Runbook: Brain credential issue/rotate/revoke/recover","OpenClaw (Grok Phase-13 coverage index; Codex classifies)","docs/execution/openclawdevelopmentplan01/PHASE-13-COVERAGE-EVIDENCE-INDEX.md#runbook.3","not_claimed","No specific Grok implementation claim; Codex assigns Phase-14 classification from independent evidence review","runbook.3","1110","77e861a098ba19ed35ae76a67718e0034e28194ec42c9563d0df292eeedbb51c"
"runbook.4","deliverable","Runbook: Skills credential issue/rotate/revoke/recover","OpenClaw (Grok Phase-13 coverage index; Codex classifies)","docs/execution/openclawdevelopmentplan01/PHASE-13-COVERAGE-EVIDENCE-INDEX.md#runbook.4","not_claimed","No specific Grok implementation claim; Codex assigns Phase-14 classification from independent evidence review","runbook.4","1111","b1be1b4e96c0a6ca21a9f070a3219f4d8bb24f455411183061c065f26f564a8a"
"runbook.5","deliverable","Runbook: MCP probe, repeated-failure pause, and recovery","OpenClaw (Grok Phase-13 coverage index; Codex classifies)","docs/execution/openclawdevelopmentplan01/PHASE-13-COVERAGE-EVIDENCE-INDEX.md#runbook.5","not_claimed","No specific Grok implementation claim; Codex assigns Phase-14 classification from independent evidence review","runbook.5","1112","e8bf7105a4dd4d15e5ecba67fd6666093d790acf40d715123dede346c7e8fd34"
"runbook.6","deliverable","Runbook: Plugin/Gateway restart with durable outboxes","OpenClaw (Grok Phase-13 coverage index; Codex classifies)","docs/execution/openclawdevelopmentplan01/PHASE-13-COVERAGE-EVIDENCE-INDEX.md#runbook.6","not_claimed","No specific Grok implementation claim; Codex assigns Phase-14 classification from independent evidence review","runbook.6","1113","84a42b86cba3c28d5e1acfea2ff33e46ef6b70b4d9c3be1a8901a9aeeee1331c"
"runbook.7","deliverable","Runbook: Queue pressure, reject-new, capacity increase decision, and dead-letter handling","OpenClaw (Grok Phase-13 coverage index; Codex classifies)","docs/execution/openclawdevelopmentplan01/PHASE-13-COVERAGE-EVIDENCE-INDEX.md#runbook.7","not_claimed","No specific Grok implementation claim; Codex assigns Phase-14 classification from independent evidence review","runbook.7","1114","a2dbfd2a937417037a89e1929036e37605cbe5fc983ffbb2863094906e5ba4cb"
"runbook.8","deliverable","Runbook: Brain capture hold, retention deletion, and Principal-approved exceptions","OpenClaw (Grok Phase-13 coverage index; Codex classifies)","docs/execution/openclawdevelopmentplan01/PHASE-13-COVERAGE-EVIDENCE-INDEX.md#runbook.8","not_claimed","No specific Grok implementation claim; Codex assigns Phase-14 classification from independent evidence review","runbook.8","1115","1ed95084d8becc8bf5338dc0c39f37c84ecbfe9871b1150d86cdfa17a6fc2ca6"
"runbook.9","deliverable","Runbook: Skills bundle/profile mismatch and last-verified-bundle policy","OpenClaw (Grok Phase-13 coverage index; Codex classifies)","docs/execution/openclawdevelopmentplan01/PHASE-13-COVERAGE-EVIDENCE-INDEX.md#runbook.9","not_claimed","No specific Grok implementation claim; Codex assigns Phase-14 classification from independent evidence review","runbook.9","1116","0cb469a206f88915ffec0f2636c825e571c6904f2a7dc615d395a0a95523bf06"
"runbook.10","deliverable","Runbook: Privacy or secret incident containment","OpenClaw (Grok Phase-13 coverage index; Codex classifies)","docs/execution/openclawdevelopmentplan01/PHASE-13-COVERAGE-EVIDENCE-INDEX.md#runbook.10","not_claimed","No specific Grok implementation claim; Codex assigns Phase-14 classification from independent evidence review","runbook.10","1117","a85759add9bd2a9f29af0f5b00fc583cdd771a13664ac1fa7b04cb9edfc28a63"
"runbook.11","deliverable","Runbook: Cross-domain leakage incident containment","OpenClaw (Grok Phase-13 coverage index; Codex classifies)","docs/execution/openclawdevelopmentplan01/PHASE-13-COVERAGE-EVIDENCE-INDEX.md#runbook.11","not_claimed","No specific Grok implementation claim; Codex assigns Phase-14 classification from independent evidence review","runbook.11","1118","74e65bb6ae27fa411a136effa6f88d5d2af0bffc4307c3cfb4e0c6f9bfc66bbf"
"runbook.12","deliverable","Runbook: Platform environment rollback, migration recovery, backup, and restore","OpenClaw (Grok Phase-13 coverage index; Codex classifies)","docs/execution/openclawdevelopmentplan01/PHASE-13-COVERAGE-EVIDENCE-INDEX.md#runbook.12","not_claimed","No specific Grok implementation claim; Codex assigns Phase-14 classification from independent evidence review","runbook.12","1119","6171982d758613311ba8e89d0afb39194c0c12a7717ad1a5a937d1c0941252a8"
"runbook.13","deliverable","Runbook: Lisa native-behavior regression isolation","OpenClaw (Grok Phase-13 coverage index; Codex classifies)","docs/execution/openclawdevelopmentplan01/PHASE-13-COVERAGE-EVIDENCE-INDEX.md#runbook.13","not_claimed","No specific Grok implementation claim; Codex assigns Phase-14 classification from independent evidence review","runbook.13","1120","e9957757a034dbe8b2106e92cb662a69ead14555b66d788da93a244cd7eefddd"
"runbook.14","deliverable","Runbook: Stage and production canary start, pause, restart, accept, and reject","Platform / Principal / Cursor maintenance (as labeled)","BLOCK: live/external gate named in plan item; OpenClaw fake-tier work is not live proof (docs/execution/openclawdevelopmentplan01/PHASE-13-PROVISIONAL-GROK-HANDOFF.md)","blocked","Label requires live/external proof beyond fake-tier OpenClaw work","runbook.14","1121","ba3dc214c5cec8bf6d7e05dff2291e86f3cf1f97e0cb67a6502eed74c4cdf45e"
"prose.19_operations_and_runbooks.1123.1","evidence_requirement","Every runbook must name prerequisites, owner, commands, expected sanitized evidence, stop conditions, rollback, and escalation","OpenClaw (Grok Phase-13 coverage index; Codex classifies)","docs/execution/openclawdevelopmentplan01/PHASE-13-COVERAGE-EVIDENCE-INDEX.md#prose.19_operations_and_runbooks.1123.1","not_claimed","No specific Grok implementation claim; Codex assigns Phase-14 classification from independent evidence review","prose.19_operations_and_runbooks.1123.1","1123","3c05a3bfa7b5644a7ccd51c5f83d2c61bec57a859a917819305d28853fcac8c8"
"rollback.matrix.1","rollback","Brain remote failure: Stop Brain drain or writes","OpenClaw (rollback path recorded, not executed)","docs/execution/openclawdevelopmentplan01/PHASE-13-COVERAGE-EVIDENCE-INDEX.md#rollback.matrix.1","not_claimed","Unexecuted rollback/recovery action; not claimed implemented","rollback.matrix.1","1129","e13b5be2fd996b9d0127d4145d0be06d95bd88d584618483d6d9f75da1c01702"
"rollback.matrix.2","rollback","Skills remote failure: Stop Skills execution/telemetry drain","OpenClaw (rollback path recorded, not executed)","docs/execution/openclawdevelopmentplan01/PHASE-13-COVERAGE-EVIDENCE-INDEX.md#rollback.matrix.2","not_claimed","Unexecuted rollback/recovery action; not claimed implemented","rollback.matrix.2","1130","8bf8cecd5edef27b7e1896b03b22a085437c600be40ac2436b5b8536c1f8a07f"
"rollback.matrix.3","rollback","Brain privacy/secret issue: Disable Brain hooks and MCP; revoke Brain credential","OpenClaw (rollback path recorded, not executed)","docs/execution/openclawdevelopmentplan01/PHASE-13-COVERAGE-EVIDENCE-INDEX.md#rollback.matrix.3","not_claimed","Unexecuted rollback/recovery action; not claimed implemented","rollback.matrix.3","1131","11ea49542b06d91948acd9e4d317f721aaec134015d27853b81b1cf1b7b8ac81"
"rollback.matrix.4","rollback","Skills content leak: Disable Skills plugin and MCP; revoke Skills credential","OpenClaw (rollback path recorded, not executed)","docs/execution/openclawdevelopmentplan01/PHASE-13-COVERAGE-EVIDENCE-INDEX.md#rollback.matrix.4","not_claimed","Unexecuted rollback/recovery action; not claimed implemented","rollback.matrix.4","1132","dc1157b28d85ed0c017e63e7b30b80c5533c4360c4d22d5d98fa850129601ad0"
"rollback.matrix.5","rollback","Shared Platform identity fault: Disable both actor bindings only if evidence confirms shared scope","OpenClaw (rollback path recorded, not executed)","docs/execution/openclawdevelopmentplan01/PHASE-13-COVERAGE-EVIDENCE-INDEX.md#rollback.matrix.5","not_claimed","Unexecuted rollback/recovery action; not claimed implemented","rollback.matrix.5","1133","64b378fea8fa274b6bfb5f453f5a27db75224cb10d859d185d1b5c7c02293e26"
"rollback.matrix.6","rollback","Queue full: Reject new records and pause affected producer","OpenClaw (rollback path recorded, not executed)","docs/execution/openclawdevelopmentplan01/PHASE-13-COVERAGE-EVIDENCE-INDEX.md#rollback.matrix.6","not_claimed","Unexecuted rollback/recovery action; not claimed implemented","rollback.matrix.6","1134","a96c229ccd5319346cbf89c550189ced0668fd6e4f0cabed453227c8899d223d"
"rollback.matrix.7","rollback","Native OpenClaw regression: Disable newly enabled plugin/domain","OpenClaw (rollback path recorded, not executed)","docs/execution/openclawdevelopmentplan01/PHASE-13-COVERAGE-EVIDENCE-INDEX.md#rollback.matrix.7","not_claimed","Unexecuted rollback/recovery action; not claimed implemented","rollback.matrix.7","1135","37a8fb9b29d077bda78e4190b306bea23127835b41690d614ef1922666cb0d70"
"rollback.matrix.8","rollback","Bad plugin release: Disable plugin, restore prior OpenClaw/plugin build","OpenClaw (rollback path recorded, not executed)","docs/execution/openclawdevelopmentplan01/PHASE-13-COVERAGE-EVIDENCE-INDEX.md#rollback.matrix.8","not_claimed","Unexecuted rollback/recovery action; not claimed implemented","rollback.matrix.8","1136","8f0b0294c25fcb39542e4b25f207525d3f06a6218cf6058dd4e394ca70d5e493"
"prose.20_rollback_matrix.1138.1","evidence_requirement","Rollback is domain-first. A shared rollback requires evidence of a shared fault","OpenClaw (Grok Phase-13 coverage index; Codex classifies)","docs/execution/openclawdevelopmentplan01/PHASE-13-COVERAGE-EVIDENCE-INDEX.md#prose.20_rollback_matrix.1138.1","not_claimed","No specific Grok implementation claim; Codex assigns Phase-14 classification from independent evidence review","prose.20_rollback_matrix.1138.1","1138","3395856d7166f1ae6d23bff06e28306d725a66eeaaa8eeacf979e4b520e56d01"
"prose.21_evidence_handoffs_and_verification_artifacts.1142.1","evidence_requirement","Every phase handoff includes:","OpenClaw (Grok Phase-13 coverage index; Codex classifies)","docs/execution/openclawdevelopmentplan01/PHASE-13-COVERAGE-EVIDENCE-INDEX.md#prose.21_evidence_handoffs_and_verification_artifacts.1142.1","not_claimed","No specific Grok implementation claim; Codex assigns Phase-14 classification from independent evidence review","prose.21_evidence_handoffs_and_verification_artifacts.1142.1","1142","ef0aec0c9b352a2b76e2908f31192c0f297e8277c2260a18e311f16802735055"
"evidence.handoff.1","evidence_requirement","frozen source versions and owner approvals","OpenClaw (Grok Phase-13 coverage index; Codex classifies)","docs/execution/openclawdevelopmentplan01/PHASE-13-COVERAGE-EVIDENCE-INDEX.md#evidence.handoff.1","not_claimed","No specific Grok implementation claim; Codex assigns Phase-14 classification from independent evidence review","evidence.handoff.1","1144","50b684ccd8252b5455e38f59197831a6c8cc1c82ab51492e30d866f0782e792a"
"evidence.handoff.2","evidence_requirement","files inspected, created, modified, and deleted","OpenClaw (Grok Phase-13 coverage index; Codex classifies)","docs/execution/openclawdevelopmentplan01/PHASE-13-COVERAGE-EVIDENCE-INDEX.md#evidence.handoff.2","not_claimed","No specific Grok implementation claim; Codex assigns Phase-14 classification from independent evidence review","evidence.handoff.2","1145","9c6ed307020b01359bee64fb6ee794cfde406929bedcf6e71a229fafbb4b5825"
"evidence.handoff.3","evidence_requirement","commands actually run and execution location","OpenClaw (Grok Phase-13 coverage index; Codex classifies)","docs/execution/openclawdevelopmentplan01/PHASE-13-COVERAGE-EVIDENCE-INDEX.md#evidence.handoff.3","not_claimed","No specific Grok implementation claim; Codex assigns Phase-14 classification from independent evidence review","evidence.handoff.3","1146","70de46cb71360d849325d10dc6b3a380b06b6af36c6731dfb20e050842473a48"
"evidence.handoff.4","evidence_requirement","test results with failures and reruns, not only final green status","OpenClaw (Grok Phase-13 coverage index; Codex classifies)","docs/execution/openclawdevelopmentplan01/PHASE-13-COVERAGE-EVIDENCE-INDEX.md#evidence.handoff.4","not_claimed","No specific Grok implementation claim; Codex assigns Phase-14 classification from independent evidence review","evidence.handoff.4","1147","6f582cfeb9abc789868eed45e5ec22983ca3c0d5d03aac42580ea086fc29fd01"
"evidence.handoff.5","evidence_requirement","sanitized runtime evidence and artifact hashes","OpenClaw (Grok Phase-13 coverage index; Codex classifies)","docs/execution/openclawdevelopmentplan01/PHASE-13-COVERAGE-EVIDENCE-INDEX.md#evidence.handoff.5","not_claimed","No specific Grok implementation claim; Codex assigns Phase-14 classification from independent evidence review","evidence.handoff.5","1148","4f469a5a8448857e3083dc217472cbbdcd63be0e2e21785f2c6e1075cd19399a"
"evidence.handoff.6","evidence_requirement","decisions with reason, evidence, impact, and approval status","OpenClaw (Grok Phase-13 coverage index; Codex classifies)","docs/execution/openclawdevelopmentplan01/PHASE-13-COVERAGE-EVIDENCE-INDEX.md#evidence.handoff.6","not_claimed","No specific Grok implementation claim; Codex assigns Phase-14 classification from independent evidence review","evidence.handoff.6","1149","ff626db4d950ded0267af244aafc74ce2d1ce8742b20d0da86ec4b39dc3de778"
"evidence.handoff.7","evidence_requirement","active flags, environment, binding, plugin, and contract versions","OpenClaw (Grok Phase-13 coverage index; Codex classifies)","docs/execution/openclawdevelopmentplan01/PHASE-13-COVERAGE-EVIDENCE-INDEX.md#evidence.handoff.7","not_claimed","No specific Grok implementation claim; Codex assigns Phase-14 classification from independent evidence review","evidence.handoff.7","1150","30200063b97ffee6eed47bea514866c8fe3d6594f56f327185a9d95b347418db"
"evidence.handoff.8","evidence_requirement","queue/health/canary measurements without payloads","OpenClaw (Grok Phase-13 coverage index; Codex classifies)","docs/execution/openclawdevelopmentplan01/PHASE-13-COVERAGE-EVIDENCE-INDEX.md#evidence.handoff.8","not_claimed","No specific Grok implementation claim; Codex assigns Phase-14 classification from independent evidence review","evidence.handoff.8","1151","a85365622263737dafbab7bac376140ad6645b6fd1fbe243e4bbc84024537ed6"
"evidence.handoff.9","evidence_requirement","credentials referenced only by opaque ID/class and expiry state","OpenClaw (Grok Phase-13 coverage index; Codex classifies)","docs/execution/openclawdevelopmentplan01/PHASE-13-COVERAGE-EVIDENCE-INDEX.md#evidence.handoff.9","not_claimed","No specific Grok implementation claim; Codex assigns Phase-14 classification from independent evidence review","evidence.handoff.9","1152","d19481cec044bf1f2f316db6caf6da81ad49949926e739bfa7996ba1231123f6"
"evidence.handoff.10","evidence_requirement","problems, blockers, risks, uncommitted changes, exact next action, and confidence","OpenClaw (Grok Phase-13 coverage index; Codex classifies)","docs/execution/openclawdevelopmentplan01/PHASE-13-COVERAGE-EVIDENCE-INDEX.md#evidence.handoff.10","not_claimed","No specific Grok implementation claim; Codex assigns Phase-14 classification from independent evidence review","evidence.handoff.10","1153","9d87fe4ee056702b7a58b7e2e9fcfc9f8ab98c792b5565c9dc81a5ff52f6aef8"
"evidence.handoff.11","evidence_requirement","distinction between fake, stage, and production proof","Platform / Principal / Cursor maintenance (as labeled)","BLOCK: live/external gate named in plan item; OpenClaw fake-tier work is not live proof (docs/execution/openclawdevelopmentplan01/PHASE-13-PROVISIONAL-GROK-HANDOFF.md)","blocked","Label requires live/external proof beyond fake-tier OpenClaw work","evidence.handoff.11","1154","5d4681a8b58cdd576c401b612fa6da7680b22c67b9a8792d666e2cf5be9ee1df"
"evidence.handoff.12","evidence_requirement","explicit statement of native behavior preserved","OpenClaw (Grok Phase-13 coverage index; Codex classifies)","docs/execution/openclawdevelopmentplan01/PHASE-13-COVERAGE-EVIDENCE-INDEX.md#evidence.handoff.12","not_claimed","No specific Grok implementation claim; Codex assigns Phase-14 classification from independent evidence review","evidence.handoff.12","1155","e264acb479ed1a6ffa2932016c3ad525d127b1aef5226136ca804e585742519a"
"evidence.handoff.13","evidence_requirement","explicit statement of whether work remains active","OpenClaw (Grok Phase-13 coverage index; Codex classifies)","docs/execution/openclawdevelopmentplan01/PHASE-13-COVERAGE-EVIDENCE-INDEX.md#evidence.handoff.13","not_claimed","No specific Grok implementation claim; Codex assigns Phase-14 classification from independent evidence review","evidence.handoff.13","1156","0049bb5d928d7ca8789cbe43a35b556da323c34b0958f7fa196aec9ceb135692"
"verifier.role_separation.1160.1","evidence_requirement","The Phase 13 OpenClaw Grok handoff is the verifier's evidence index, not proof by assertion. It must contain:","Principal / OpenClaw Codex","OUT: Principal/verifier gate in plan §21–§24 (docs/archive/openclaw-prime-1.0/plans/OPENCLAW-PRIME-LISA-LINKBRAIN-LINKSKILLS-DETAILED-IMPLEMENTATION-PLAN.md)","outside_ownership","Principal/verifier gate or next-action ownership","verifier.role_separation.1160.1","1160","48f4eac90af2401dc788b1b407a4a4fa9369c73221815c386fb938cfc22c3917"
"evidence.grok_handoff.1","evidence_requirement","every plan phase and issue claimed complete","OpenClaw (Grok Phase-13 coverage index; Codex classifies)","docs/execution/openclawdevelopmentplan01/PHASE-13-COVERAGE-EVIDENCE-INDEX.md#evidence.grok_handoff.1","not_claimed","No specific Grok implementation claim; Codex assigns Phase-14 classification from independent evidence review","evidence.grok_handoff.1","1162","0ffdc71829dbc6ef04b974d9f23b455b5a1dcc409b791d845f2ddb966095e4a9"
"evidence.grok_handoff.2","evidence_requirement","all changed files","OpenClaw (Grok Phase-13 coverage index; Codex classifies)","docs/execution/openclawdevelopmentplan01/PHASE-13-COVERAGE-EVIDENCE-INDEX.md#evidence.grok_handoff.2","not_claimed","No specific Grok implementation claim; Codex assigns Phase-14 classification from independent evidence review","evidence.grok_handoff.2","1163","5343aecee7c80206d171c9636fa25f04f187f5d4a623aa21bd2000e0512c905a"
"evidence.grok_handoff.3","evidence_requirement","intentionally untouched ownership boundaries","OpenClaw (Grok Phase-13 coverage index; Codex classifies)","docs/execution/openclawdevelopmentplan01/PHASE-13-COVERAGE-EVIDENCE-INDEX.md#evidence.grok_handoff.3","not_claimed","No specific Grok implementation claim; Codex assigns Phase-14 classification from independent evidence review","evidence.grok_handoff.3","1164","9156779eea5e6da9c79ba32138dfd9f10586ddde8e364f9a61d8dd8157c69535"
"evidence.grok_handoff.4","evidence_requirement","exact repository, branch, worktree, commits, and session record","OpenClaw (Grok Phase-13 coverage index; Codex classifies)","docs/execution/openclawdevelopmentplan01/PHASE-13-COVERAGE-EVIDENCE-INDEX.md#evidence.grok_handoff.4","not_claimed","No specific Grok implementation claim; Codex assigns Phase-14 classification from independent evidence review","evidence.grok_handoff.4","1165","0c90f4746218693cef25ffe9efaeb2a15569b3bf34acbe7be53b1e69a8e69701"
"evidence.grok_handoff.5","evidence_requirement","commands, tests, failures, reruns, and validation results","OpenClaw (Grok Phase-13 coverage index; Codex classifies)","docs/execution/openclawdevelopmentplan01/PHASE-13-COVERAGE-EVIDENCE-INDEX.md#evidence.grok_handoff.5","not_claimed","No specific Grok implementation claim; Codex assigns Phase-14 classification from independent evidence review","evidence.grok_handoff.5","1166","c44da71536c559cfd9233f867a3d3cb62c83e96a72c1abdb0480c0a4d19f6416"
"evidence.grok_handoff.6","evidence_requirement","contract versions and hashes produced or consumed","OpenClaw (Grok Phase-13 coverage index; Codex classifies)","docs/execution/openclawdevelopmentplan01/PHASE-13-COVERAGE-EVIDENCE-INDEX.md#evidence.grok_handoff.6","not_claimed","No specific Grok implementation claim; Codex assigns Phase-14 classification from independent evidence review","evidence.grok_handoff.6","1167","0cc1732508aa1eafc0aa56ff53f0eb01b51ac07b1e7eb6e27c67f816ebe59e1c"
"evidence.grok_handoff.7","evidence_requirement","every configuration, credential reference, profile change, deployment, and live action, including the actual operator","OpenClaw (Grok Phase-13 coverage index; Codex classifies)","docs/execution/openclawdevelopmentplan01/PHASE-13-COVERAGE-EVIDENCE-INDEX.md#evidence.grok_handoff.7","not_claimed","No specific Grok implementation claim; Codex assigns Phase-14 classification from independent evidence review","evidence.grok_handoff.7","1168","f8045a3c68495221a4c787f66be0c886bd30f809cb3272486f294347495b4316"
"evidence.grok_handoff.8","evidence_requirement","fake, integration, stage, and production evidence clearly distinguished","Platform / Principal / Cursor maintenance (as labeled)","BLOCK: live/external gate named in plan item; OpenClaw fake-tier work is not live proof (docs/execution/openclawdevelopmentplan01/PHASE-13-PROVISIONAL-GROK-HANDOFF.md)","blocked","Label requires live/external proof beyond fake-tier OpenClaw work","evidence.grok_handoff.8","1169","65b74766f065a3436aafdbbea762eaedcd3859ea615c5fdf3632c6135f3b3728"
"evidence.grok_handoff.9","evidence_requirement","canary start/end, active duration, scenario counts, event/run counts, failures, and window restarts","OpenClaw (Grok Phase-13 coverage index; Codex classifies)","docs/execution/openclawdevelopmentplan01/PHASE-13-COVERAGE-EVIDENCE-INDEX.md#evidence.grok_handoff.9","not_claimed","No specific Grok implementation claim; Codex assigns Phase-14 classification from independent evidence review","evidence.grok_handoff.9","1170","207f2721f63247ccc705aed11d73ed11fcf56bbcc3d8959e49f2fa8149fc3d7f"
"evidence.grok_handoff.10","evidence_requirement","failures, approved and proposed deviations, blockers, risks, omitted work, and known unproven claims","OpenClaw (Grok Phase-13 coverage index; Codex classifies)","docs/execution/openclawdevelopmentplan01/PHASE-13-COVERAGE-EVIDENCE-INDEX.md#evidence.grok_handoff.10","not_claimed","No specific Grok implementation claim; Codex assigns Phase-14 classification from independent evidence review","evidence.grok_handoff.10","1171","7ea1d83ba495faceb44ccfb5fea70f2c8619bae3fcea12cf758738096e266ede"
"evidence.grok_handoff.11","evidence_requirement","exact reproduction instructions","Platform / Principal / Cursor maintenance (as labeled)","BLOCK: live/external gate named in plan item; OpenClaw fake-tier work is not live proof (docs/execution/openclawdevelopmentplan01/PHASE-13-PROVISIONAL-GROK-HANDOFF.md)","blocked","Label requires live/external proof beyond fake-tier OpenClaw work","evidence.grok_handoff.11","1172","7da4cb0df7e73813582c26483dc635bb194f2178dae299fb2e823305304f7397"
"evidence.grok_handoff.12","evidence_requirement","domain-specific and full OpenClaw rollback instructions","OpenClaw (Grok Phase-13 coverage index; Codex classifies)","docs/execution/openclawdevelopmentplan01/PHASE-13-COVERAGE-EVIDENCE-INDEX.md#evidence.grok_handoff.12","not_claimed","No specific Grok implementation claim; Codex assigns Phase-14 classification from independent evidence review","evidence.grok_handoff.12","1173","d8e3a6d3516e260de9c47ac5ccaafdc0c2d2d9ed94ba85056ac149b0b35f1682"
"evidence.grok_handoff.13","evidence_requirement","sanitized evidence locations suitable for independent Codex verification","OpenClaw (Grok Phase-13 coverage index; Codex classifies)","docs/execution/openclawdevelopmentplan01/PHASE-13-COVERAGE-EVIDENCE-INDEX.md#evidence.grok_handoff.13","not_claimed","No specific Grok implementation claim; Codex assigns Phase-14 classification from independent evidence review","evidence.grok_handoff.13","1174","b0a84d02db80c874d486bb8c5aea30ab3821380428f1d5ec58f674a49629788c"
"evidence.grok_handoff.14","evidence_requirement","a coverage index mapping each task, phase, test, gate, risk, evidence requirement, and definition-of-done item to its claimed evidence, without assigning the final seven-value classification","OpenClaw (Grok Phase-13 coverage index; Codex classifies)","docs/execution/openclawdevelopmentplan01/PHASE-13-COVERAGE-EVIDENCE-INDEX.md#evidence.grok_handoff.14","not_claimed","No specific Grok implementation claim; Codex assigns Phase-14 classification from independent evidence review","evidence.grok_handoff.14","1175","56cdfc546b97fc90de001a1b1a965bbc60583e0d0cd405e753e1da15b86d101b"
"verifier.role_separation.1177.1","evidence_requirement","The OpenClaw Grok agent must disclose live actions even when another operator performed them and must identify that operator. A missing handoff field is an independent-verification deficiency, not permission for the verifier to infer the answer","Principal / OpenClaw Codex","OUT: Principal/verifier gate in plan §21–§24 (docs/archive/openclaw-prime-1.0/plans/OPENCLAW-PRIME-LISA-LINKBRAIN-LINKSKILLS-DETAILED-IMPLEMENTATION-PLAN.md)","outside_ownership","Principal/verifier gate or next-action ownership","verifier.role_separation.1177.1","1177","fa96501ff606d72bf5fe0d2c11290622e8365e7c58d00bd99a159e27d5cc724b"
"verifier.role_separation.1181.1","evidence_requirement","Each OpenClaw Codex correction packet returns work to the original OpenClaw Grok owner and names:","Principal / OpenClaw Codex","OUT: Principal/verifier gate in plan §21–§24 (docs/archive/openclaw-prime-1.0/plans/OPENCLAW-PRIME-LISA-LINKBRAIN-LINKSKILLS-DETAILED-IMPLEMENTATION-PLAN.md)","outside_ownership","Principal/verifier gate or next-action ownership","verifier.role_separation.1181.1","1181","ef8f32c31be4f76e5ef6c57ae7d64e08b919abe363f222a35d49597757167cc1"
"evidence.correction_packet.1","evidence_requirement","affected plan item and current conformance classification","OpenClaw (Grok Phase-13 coverage index; Codex classifies)","docs/execution/openclawdevelopmentplan01/PHASE-13-COVERAGE-EVIDENCE-INDEX.md#evidence.correction_packet.1","not_claimed","No specific Grok implementation claim; Codex assigns Phase-14 classification from independent evidence review","evidence.correction_packet.1","1183","351deac8838442190bd32513ff02d9593ffc1c7e869639b5567e24f85cff2af8"
"evidence.correction_packet.2","evidence_requirement","exact files, interface, environment, and evidence gap","OpenClaw (Grok Phase-13 coverage index; Codex classifies)","docs/execution/openclawdevelopmentplan01/PHASE-13-COVERAGE-EVIDENCE-INDEX.md#evidence.correction_packet.2","not_claimed","No specific Grok implementation claim; Codex assigns Phase-14 classification from independent evidence review","evidence.correction_packet.2","1184","6e0ea552e22fa8d5d138804abad8e1d09927787eb4f4e1ecb7ee04ee9a1cb644"
"evidence.correction_packet.3","evidence_requirement","expected correction and acceptance criteria","OpenClaw (Grok Phase-13 coverage index; Codex classifies)","docs/execution/openclawdevelopmentplan01/PHASE-13-COVERAGE-EVIDENCE-INDEX.md#evidence.correction_packet.3","not_claimed","No specific Grok implementation claim; Codex assigns Phase-14 classification from independent evidence review","evidence.correction_packet.3","1185","7e1af172701c8b54111fbed8a3b1a88e48490d9229b3bf4a367a3b190d13af3d"
"evidence.correction_packet.4","evidence_requirement","owner branch/worktree and prohibited ownership crossings","OpenClaw (Grok Phase-13 coverage index; Codex classifies)","docs/execution/openclawdevelopmentplan01/PHASE-13-COVERAGE-EVIDENCE-INDEX.md#evidence.correction_packet.4","not_claimed","No specific Grok implementation claim; Codex assigns Phase-14 classification from independent evidence review","evidence.correction_packet.4","1186","77e771b642b072a05d610fa975bbe5b9e1f89fc15ad5bb0a0c620fde7b357e63"
"evidence.correction_packet.5","evidence_requirement","tests and proof required for re-verification","OpenClaw (Grok Phase-13 coverage index; Codex classifies)","docs/execution/openclawdevelopmentplan01/PHASE-13-COVERAGE-EVIDENCE-INDEX.md#evidence.correction_packet.5","not_claimed","No specific Grok implementation claim; Codex assigns Phase-14 classification from independent evidence review","evidence.correction_packet.5","1187","dfdd97038001c86e7aa87d5dc5a370bec5fce42a89e1727c5db9775a249bbd20"
"evidence.correction_packet.6","evidence_requirement","dependencies, blockers, and whether a plan-level deviation decision is required","OpenClaw (Grok Phase-13 coverage index; Codex classifies)","docs/execution/openclawdevelopmentplan01/PHASE-13-COVERAGE-EVIDENCE-INDEX.md#evidence.correction_packet.6","not_claimed","No specific Grok implementation claim; Codex assigns Phase-14 classification from independent evidence review","evidence.correction_packet.6","1188","89372c97763c8f8bafef7df8e1df2aa2c1e4ea16a6e2123c3a981defd1db1da0"
"evidence.correction_packet.7","evidence_requirement","the follow-up handoff location","OpenClaw (Grok Phase-13 coverage index; Codex classifies)","docs/execution/openclawdevelopmentplan01/PHASE-13-COVERAGE-EVIDENCE-INDEX.md#evidence.correction_packet.7","not_claimed","No specific Grok implementation claim; Codex assigns Phase-14 classification from independent evidence review","evidence.correction_packet.7","1189","b384c2d409ef8f92fa2ea628620217da224f4215364b09b4d6dcc16f42f85b25"
"verifier.role_separation.1191.1","evidence_requirement","The Codex verifier records and verifies the correction; it does not silently implement it","OpenClaw Codex / LiNKbrain Codex / Principal","OUT: OpenClaw Codex Phase-14 verification + Principal accept gate (see docs/execution/openclawdevelopmentplan01/PHASE-13-PROVISIONAL-GROK-HANDOFF.md)","outside_ownership","Outside Grok execution ownership; Codex assigns Phase-14 classifications","verifier.role_separation.1191.1","1191","3bad75d3113f202640290d1b1d0a5b3c47b3d68ef27225196c04d1350c30cb3b"
"prose.21_2_correction_work_packets.1193.1","evidence_requirement","Meaningful lifecycle findings should be submitted through `brain_append_finding` when the live integration and scope authorize it. Originating agents submit structured scratch findings; the Librarian decides canonical promotion. Repository handoffs and Program Ledgers remain authoritative for their existing purposes","OpenClaw (Grok Phase-13 coverage index; Codex classifies)","docs/execution/openclawdevelopmentplan01/PHASE-13-COVERAGE-EVIDENCE-INDEX.md#prose.21_2_correction_work_packets.1193.1","not_claimed","No specific Grok implementation claim; Codex assigns Phase-14 classification from independent evidence review","prose.21_2_correction_work_packets.1193.1","1193","7b724fc8712fc6accdd81986c6029e548c87750515ebaa3cc792eb08b4ab7fdf"
"gate.launch_blocking.1","gate","explicit Principal approval of this plan","Platform / LiNKbrain / LiNKskills / Principal (named live gate)","BLOCK: docs/execution/openclawdevelopmentplan01/PHASE-13-PROVISIONAL-GROK-HANDOFF.md (live/stage/production uncleared; Phases 7–12 not started)","blocked","Live/stage/production or external-owner gate uncleared","gate.launch_blocking.1","1199","67ab55c871998868fb38d2a5820965619f8e9ba6b86d4dee163c4dde9836dad9"
"gate.launch_blocking.2","gate","active, verified Platform environment for each live stage/production phase","Platform / LiNKbrain / LiNKskills / Principal (named live gate)","BLOCK: docs/execution/openclawdevelopmentplan01/PHASE-13-PROVISIONAL-GROK-HANDOFF.md (live/stage/production uncleared; Phases 7–12 not started)","blocked","Live/stage/production or external-owner gate uncleared","gate.launch_blocking.2","1200","d4073fde8c932b25321d14f64d197c021a448ce07fb83e32e2405a158e41922c"
"gate.launch_blocking.3","gate","approved auth mechanism consumable through secure current OpenClaw surfaces","Platform / LiNKbrain / LiNKskills / Principal (named live gate)","BLOCK: docs/execution/openclawdevelopmentplan01/PHASE-13-PROVISIONAL-GROK-HANDOFF.md (live/stage/production uncleared; Phases 7–12 not started)","blocked","Live/stage/production or external-owner gate uncleared","gate.launch_blocking.3","1201","b192d201855ea78a8e30c0fcc2ed1121e4d957f972f6f0928d451afab52eca84"
"gate.launch_blocking.4","gate","versioned Brain, Skills, and Platform contracts and owner sign-off","Platform / LiNKbrain / LiNKskills / Principal (named live gate)","BLOCK: docs/execution/openclawdevelopmentplan01/PHASE-13-PROVISIONAL-GROK-HANDOFF.md (live/stage/production uncleared; Phases 7–12 not started)","blocked","Live/stage/production or external-owner gate uncleared","gate.launch_blocking.4","1202","18132e34719e1113453aa66f5f4388ab945f86ba562fbdc1277462614c9fb339"
"gate.launch_blocking.5","gate","public-SDK outbox semantics proven or a separately approved generic SDK change","Platform / LiNKbrain / LiNKskills / Principal (named live gate)","BLOCK: docs/execution/openclawdevelopmentplan01/PHASE-13-PROVISIONAL-GROK-HANDOFF.md (live/stage/production uncleared; Phases 7–12 not started)","blocked","Live/stage/production or external-owner gate uncleared","gate.launch_blocking.5","1203","f0a908883a5d2c097724ec62e767649b16853c26a25cf6fcba67617bb4700d8f"
"gate.launch_blocking.6","gate","no credential in source, literal config, logs, or process arguments","Platform / LiNKbrain / LiNKskills / Principal (named live gate)","BLOCK: docs/execution/openclawdevelopmentplan01/PHASE-13-PROVISIONAL-GROK-HANDOFF.md (live/stage/production uncleared; Phases 7–12 not started)","blocked","Live/stage/production or external-owner gate uncleared","gate.launch_blocking.6","1204","9db713a13a755661141e8ec9e6a8a7bdf69693f9528f8ec94b934b6288bd9b36"
"gate.launch_blocking.7","gate","Brain production retention approval","Platform / LiNKbrain / LiNKskills / Principal (named live gate)","BLOCK: docs/execution/openclawdevelopmentplan01/PHASE-13-PROVISIONAL-GROK-HANDOFF.md (live/stage/production uncleared; Phases 7–12 not started)","blocked","Live/stage/production or external-owner gate uncleared","gate.launch_blocking.7","1205","9bbd02abe8cdf3aa14dca3d0fdaefc09d5fd2286a4d6e8aa44db7f836b26903a"
"gate.launch_blocking.8","gate","Skills Cursor and Codex readiness before Lisa Skills canary","Platform / LiNKbrain / LiNKskills / Principal (named live gate)","BLOCK: docs/execution/openclawdevelopmentplan01/PHASE-13-PROVISIONAL-GROK-HANDOFF.md (live/stage/production uncleared; Phases 7–12 not started)","blocked","Live/stage/production or external-owner gate uncleared","gate.launch_blocking.8","1206","9464ada26a87b027841567900f6675bab7a3ea19856e341182278b10ab5c4e0f"
"gate.launch_blocking.9","gate","Cursor credential-exposure remediation/acceptance by its external owner before shared production launch","Platform / LiNKbrain / LiNKskills / Principal (named live gate)","BLOCK: docs/execution/openclawdevelopmentplan01/PHASE-13-PROVISIONAL-GROK-HANDOFF.md (live/stage/production uncleared; Phases 7–12 not started)","blocked","Live/stage/production or external-owner gate uncleared","gate.launch_blocking.9","1207","ebf357de29c754f524e23051f06baf8a64324d8b750d47b8f7aa9b1c487197c2"
"gate.launch_blocking.10","gate","required stage failure/recovery scenarios and independent observation windows","Platform / LiNKbrain / LiNKskills / Principal (named live gate)","BLOCK: docs/execution/openclawdevelopmentplan01/PHASE-13-PROVISIONAL-GROK-HANDOFF.md (live/stage/production uncleared; Phases 7–12 not started)","blocked","Live/stage/production or external-owner gate uncleared","gate.launch_blocking.10","1208","4028cfb510b085f1fe8c03787b75bae694f63710a26108470b16ea682ab95f76"
"gate.launch_blocking.11","gate","production backup/restore, audit, rotation/revocation, and rollback proof","Platform / LiNKbrain / LiNKskills / Principal (named live gate)","BLOCK: docs/execution/openclawdevelopmentplan01/PHASE-13-PROVISIONAL-GROK-HANDOFF.md (live/stage/production uncleared; Phases 7–12 not started)","blocked","Live/stage/production or external-owner gate uncleared","gate.launch_blocking.11","1209","0e3e92ad650b6ff93491d6810a24bd468402ce7fef2ced8f6249776f43f6d665"
"gate.launch_blocking.12","gate","complete independent Codex verification reports for all four repositories","Platform / LiNKbrain / LiNKskills / Principal (named live gate)","BLOCK: docs/execution/openclawdevelopmentplan01/PHASE-13-PROVISIONAL-GROK-HANDOFF.md (live/stage/production uncleared; Phases 7–12 not started)","blocked","Live/stage/production or external-owner gate uncleared","gate.launch_blocking.12","1210","79c07374e86c2e8ebce19741968b2dad1766040cac478446fef92bc767aede72"
"gate.launch_blocking.13","gate","LiNKbrain Codex four-plan reconciliation and final Principal acceptance","OpenClaw Codex / LiNKbrain Codex / Principal","OUT: OpenClaw Codex Phase-14 verification + Principal accept gate (see docs/execution/openclawdevelopmentplan01/PHASE-13-PROVISIONAL-GROK-HANDOFF.md)","outside_ownership","Outside Grok execution ownership; Codex assigns Phase-14 classifications","gate.launch_blocking.13","1211","dd7c348d35a8820fe97653257e09e21cd8d95d794ea0a68a3842c3560a2357dd"
"gate.principal.1","gate","a change would combine domains or expand Skills access to conversation content","Principal / OpenClaw Codex","OUT: Principal/verifier gate in plan §21–§24 (docs/archive/openclaw-prime-1.0/plans/OPENCLAW-PRIME-LISA-LINKBRAIN-LINKSKILLS-DETAILED-IMPLEMENTATION-PLAN.md)","outside_ownership","Principal/verifier gate or next-action ownership","gate.principal.1","1217","55d9e339dd9c607e88d1526c6455daed2dc4c2eec2134e5e210fc56bd24b3f2d"
"gate.principal.2","gate","OpenClaw would need database access, `service_role`, literal credentials, or a new broad auth system","Principal / OpenClaw Codex","OUT: Principal/verifier gate in plan §21–§24 (docs/archive/openclaw-prime-1.0/plans/OPENCLAW-PRIME-LISA-LINKBRAIN-LINKSKILLS-DETAILED-IMPLEMENTATION-PLAN.md)","outside_ownership","Principal/verifier gate or next-action ownership","gate.principal.2","1218","44db66e222ae585f943062da27296c51d4be452754c4e381f374e1c4e186c50a"
"gate.principal.3","gate","a SQLite schema-version bump is proposed","Principal / OpenClaw Codex","OUT: Principal/verifier gate in plan §21–§24 (docs/archive/openclaw-prime-1.0/plans/OPENCLAW-PRIME-LISA-LINKBRAIN-LINKSKILLS-DETAILED-IMPLEMENTATION-PLAN.md)","outside_ownership","Principal/verifier gate or next-action ownership","gate.principal.3","1219","4cf55fb61607a0c8fd2f1293b86c1d9a3b29b23ff2d5f796797e1b5a5364eb49"
"gate.principal.4","gate","Platform recovery inventory forces a choice between recovering and replacing existing data/services","Principal / OpenClaw Codex","OUT: Principal/verifier gate in plan §21–§24 (docs/archive/openclaw-prime-1.0/plans/OPENCLAW-PRIME-LISA-LINKBRAIN-LINKSKILLS-DETAILED-IMPLEMENTATION-PLAN.md)","outside_ownership","Principal/verifier gate or next-action ownership","gate.principal.4","1220","be789a8e05b581a72fbade72a55ea484f293c5bb937e0143b3b1183546d0168e"
"gate.principal.5","gate","Brain retention or hold durations need approval or expansion","Principal / OpenClaw Codex","OUT: Principal/verifier gate in plan §21–§24 (docs/archive/openclaw-prime-1.0/plans/OPENCLAW-PRIME-LISA-LINKBRAIN-LINKSKILLS-DETAILED-IMPLEMENTATION-PLAN.md)","outside_ownership","Principal/verifier gate or next-action ownership","gate.principal.5","1221","4e20c204995a862c29f3b704d9167c089b7e5749bb7eae0e11f22fea47a3b9e2"
"gate.principal.6","gate","a fallback changes user-visible risk or claims success without evidence","Principal / OpenClaw Codex","OUT: Principal/verifier gate in plan §21–§24 (docs/archive/openclaw-prime-1.0/plans/OPENCLAW-PRIME-LISA-LINKBRAIN-LINKSKILLS-DETAILED-IMPLEMENTATION-PLAN.md)","outside_ownership","Principal/verifier gate or next-action ownership","gate.principal.6","1222","3485a13a6545e22b2e93a31ddf950bd7ca15ce25e4e6bad7513b228e355f8c24"
"gate.principal.7","gate","a new paid service, dependency, public publication, or broad architectural change is proposed","Principal / OpenClaw Codex","OUT: Principal/verifier gate in plan §21–§24 (docs/archive/openclaw-prime-1.0/plans/OPENCLAW-PRIME-LISA-LINKBRAIN-LINKSKILLS-DETAILED-IMPLEMENTATION-PLAN.md)","outside_ownership","Principal/verifier gate or next-action ownership","gate.principal.7","1223","9f53185f93e894fefc7040d5fefb8accbf1f825dc387b790c07b71212d488e12"
"gate.principal.8","gate","a canary threshold materially changes launch scope or risk","Principal / OpenClaw Codex","OUT: Principal/verifier gate in plan §21–§24 (docs/archive/openclaw-prime-1.0/plans/OPENCLAW-PRIME-LISA-LINKBRAIN-LINKSKILLS-DETAILED-IMPLEMENTATION-PLAN.md)","outside_ownership","Principal/verifier gate or next-action ownership","gate.principal.8","1224","2e521a3af3c2031b0d85228fb126c7951f82a2ecc7edc51b7166ab74313c9243"
"gate.principal.9","gate","an upstream conflict changes intent, ownership, privacy, risk, cost, or definition of done","Principal / OpenClaw Codex","OUT: Principal/verifier gate in plan §21–§24 (docs/archive/openclaw-prime-1.0/plans/OPENCLAW-PRIME-LISA-LINKBRAIN-LINKSKILLS-DETAILED-IMPLEMENTATION-PLAN.md)","outside_ownership","Principal/verifier gate or next-action ownership","gate.principal.9","1225","3483aa20a30312993ede8f79df6a735ec9d8099e2b0d935274fa6d2406bd893e"
"decision.resolved.1","gate","two private bundled plugins and two managed MCP entries","OpenClaw (Grok Phase-13 coverage index; Codex classifies)","docs/execution/openclawdevelopmentplan01/PHASE-13-COVERAGE-EVIDENCE-INDEX.md#decision.resolved.1","not_claimed","No specific Grok implementation claim; Codex assigns Phase-14 classification from independent evidence review","decision.resolved.1","1229","7a0cc9410d699af549077b6b311a4d26ace320510e3f3dde304513078faa602a"
"decision.resolved.2","gate","Brain-only conversation-hook access","OpenClaw (Grok Phase-13 coverage index; Codex classifies)","docs/execution/openclawdevelopmentplan01/PHASE-13-COVERAGE-EVIDENCE-INDEX.md#decision.resolved.2","not_claimed","No specific Grok implementation claim; Codex assigns Phase-14 classification from independent evidence review","decision.resolved.2","1230","321f8a80f7f00aa44f77ed6d92b2bdf346cd85caca0aa646d658114831babf29"
"decision.resolved.3","gate","Skills uses structured telemetry and stable tool/bundle guidance, not dynamic conversation prompt hooks","OpenClaw (Grok Phase-13 coverage index; Codex classifies)","docs/execution/openclawdevelopmentplan01/PHASE-13-COVERAGE-EVIDENCE-INDEX.md#decision.resolved.3","not_claimed","No specific Grok implementation claim; Codex assigns Phase-14 classification from independent evidence review","decision.resolved.3","1231","5dce9bc0af15ef34573185285c80cdb669cac819d9be12f8fa3f83e3050eb871"
"decision.resolved.4","gate","existing public keyed plugin state is the first outbox implementation target","OpenClaw (Grok Phase-13 coverage index; Codex classifies)","docs/execution/openclawdevelopmentplan01/PHASE-13-COVERAGE-EVIDENCE-INDEX.md#decision.resolved.4","not_claimed","No specific Grok implementation claim; Codex assigns Phase-14 classification from independent evidence review","decision.resolved.4","1232","0836fbcabc0e0467868ab13a1993a60c4e65be18c05e628c80ca92da56874d01"
"decision.resolved.5","gate","no schema bump, sidecar, or runtime fallback","OpenClaw (Grok Phase-13 coverage index; Codex classifies)","docs/execution/openclawdevelopmentplan01/PHASE-13-COVERAGE-EVIDENCE-INDEX.md#decision.resolved.5","not_claimed","No specific Grok implementation claim; Codex assigns Phase-14 classification from independent evidence review","decision.resolved.5","1233","536dff7233b6f6ecc470628b569d93129680b1b0aaeefc017be2eeac8885b5a1"
"decision.resolved.6","gate","native OpenClaw behavior remains authoritative and preserved","OpenClaw (Grok Phase-13 coverage index; Codex classifies)","docs/execution/openclawdevelopmentplan01/PHASE-13-COVERAGE-EVIDENCE-INDEX.md#decision.resolved.6","not_claimed","No specific Grok implementation claim; Codex assigns Phase-14 classification from independent evidence review","decision.resolved.6","1234","07ba6380c0e75ea8401cfb13413f25bad9fe49dceec152314e90cc07cc1c0a33"
"decision.resolved.7","gate","one canonical Lisa actor with subordinate executions","OpenClaw (Grok Phase-13 coverage index; Codex classifies)","docs/execution/openclawdevelopmentplan01/PHASE-13-COVERAGE-EVIDENCE-INDEX.md#decision.resolved.7","not_claimed","No specific Grok implementation claim; Codex assigns Phase-14 classification from independent evidence review","decision.resolved.7","1235","280cf4b66637d23ce597180c352694ea041e6e1d84547222bd97b4ee34ea070b"
"decision.resolved.8","gate","Platform owns identity/credentials/infrastructure; OpenClaw owns adapters/profile/tests/rollout","OpenClaw (Grok Phase-13 coverage index; Codex classifies)","docs/execution/openclawdevelopmentplan01/PHASE-13-COVERAGE-EVIDENCE-INDEX.md#decision.resolved.8","not_claimed","No specific Grok implementation claim; Codex assigns Phase-14 classification from independent evidence review","decision.resolved.8","1236","89fddefbbfe010116b72b0013511163cbc0cf44e8b733de34ba1282a91ccc8a1"
"decision.resolved.9","gate","Brain may launch before Skills","OpenClaw (Grok Phase-13 coverage index; Codex classifies)","docs/execution/openclawdevelopmentplan01/PHASE-13-COVERAGE-EVIDENCE-INDEX.md#decision.resolved.9","not_claimed","No specific Grok implementation claim; Codex assigns Phase-14 classification from independent evidence review","decision.resolved.9","1237","3bf237ed9a7d5194b2ecfab4de1f009e5f663a9e2929f0e0075fce6587f8b1fa"
"decision.resolved.10","gate","each domain has an independent evidence window and rollback","OpenClaw (Grok Phase-13 coverage index; Codex classifies)","docs/execution/openclawdevelopmentplan01/PHASE-13-COVERAGE-EVIDENCE-INDEX.md#decision.resolved.10","not_claimed","No specific Grok implementation claim; Codex assigns Phase-14 classification from independent evidence review","decision.resolved.10","1238","05161cf6a00df7f51d69e665fb394ff128c8cc61ede2d2b85f013bf70aa69f3b"
"decision.resolved.11","gate","fake evidence is not environment proof","OpenClaw (Grok Phase-13 coverage index; Codex classifies)","docs/execution/openclawdevelopmentplan01/PHASE-13-COVERAGE-EVIDENCE-INDEX.md#decision.resolved.11","not_claimed","No specific Grok implementation claim; Codex assigns Phase-14 classification from independent evidence review","decision.resolved.11","1239","ef5a504a65647dee8ba666873d760b9ae95650b31047bba2435fe096d6992c33"
"assumption.verify.1","assumption","current public keyed-store ordering and lease behavior remains stable at implementation HEAD","OpenClaw Codex / named upstream owner","OUT: plan §22.4 assumption verification owned by independent verifier (docs/archive/openclaw-prime-1.0/plans/OPENCLAW-PRIME-LISA-LINKBRAIN-LINKSKILLS-DETAILED-IMPLEMENTATION-PLAN.md)","outside_ownership","Assumption requires independent verification; not Grok-classified","assumption.verify.1","1243","650bb756cb055b116142960c47cc239d4fea231ad1bb5eb9b0c0b8b20b6997ac"
"assumption.verify.2","assumption","managed MCP auth surfaces support the Platform-selected mechanism","OpenClaw Codex / named upstream owner","OUT: plan §22.4 assumption verification owned by independent verifier (docs/archive/openclaw-prime-1.0/plans/OPENCLAW-PRIME-LISA-LINKBRAIN-LINKSKILLS-DETAILED-IMPLEMENTATION-PLAN.md)","outside_ownership","Assumption requires independent verification; not Grok-classified","assumption.verify.2","1244","e3bd07866c272259601d59e806afbae8fefc8c5041461673fa76f8bc829d4ae1"
"assumption.verify.3","assumption","plugin config restart and MCP hot-apply behavior remains as currently documented","OpenClaw Codex / named upstream owner","OUT: plan §22.4 assumption verification owned by independent verifier (docs/archive/openclaw-prime-1.0/plans/OPENCLAW-PRIME-LISA-LINKBRAIN-LINKSKILLS-DETAILED-IMPLEMENTATION-PLAN.md)","outside_ownership","Assumption requires independent verification; not Grok-classified","assumption.verify.3","1245","1b731aab39ba4b8423b631476aeb2fccd9264a9c6508c81ac49d416b8ccf54f3"
"assumption.verify.4","assumption","the Lisa profile still matches the sanitized baseline","OpenClaw Codex / named upstream owner","OUT: plan §22.4 assumption verification owned by independent verifier (docs/archive/openclaw-prime-1.0/plans/OPENCLAW-PRIME-LISA-LINKBRAIN-LINKSKILLS-DETAILED-IMPLEMENTATION-PLAN.md)","outside_ownership","Assumption requires independent verification; not Grok-classified","assumption.verify.4","1246","6c7661d006e8e5c3990545a57ae5b0031a77a6707ee775ee3a61711a94e2f147"
"assumption.verify.5","assumption","stage/production projects, migrations, backups, Librarian, and audit become available on the Platform schedule","Platform / Principal / Cursor maintenance (as labeled)","BLOCK: live/external gate named in plan item; OpenClaw fake-tier work is not live proof (docs/execution/openclawdevelopmentplan01/PHASE-13-PROVISIONAL-GROK-HANDOFF.md)","blocked","Label requires live/external proof beyond fake-tier OpenClaw work","assumption.verify.5","1247","6f4d14a183ee318ad02e8cf7f86ecc5cfd2b0a1d548c06d64a040f4ed1ba3eec"
"assumption.verify.6","assumption","immutable Skills bundles and certified profiles are available for Lisa scenarios","OpenClaw Codex / named upstream owner","OUT: plan §22.4 assumption verification owned by independent verifier (docs/archive/openclaw-prime-1.0/plans/OPENCLAW-PRIME-LISA-LINKBRAIN-LINKSKILLS-DETAILED-IMPLEMENTATION-PLAN.md)","outside_ownership","Assumption requires independent verification; not Grok-classified","assumption.verify.6","1248","765accfc687b12c77fa8277be2c9cc51f07e094862a1f2a31e2002d781620c44"
"assumption.verify.7","assumption","measured outbox limits fit within current keyed-store caps","OpenClaw Codex / named upstream owner","OUT: plan §22.4 assumption verification owned by independent verifier (docs/archive/openclaw-prime-1.0/plans/OPENCLAW-PRIME-LISA-LINKBRAIN-LINKSKILLS-DETAILED-IMPLEMENTATION-PLAN.md)","outside_ownership","Assumption requires independent verification; not Grok-classified","assumption.verify.7","1249","2ea1b9f8297ebb656d020c00e4d1a58cc7f99787c5b0ce499c0d5d79ba7b24f4"
"assumption.verify.8","assumption","hook timeout behavior and cancellation semantics remain current","OpenClaw Codex / named upstream owner","OUT: plan §22.4 assumption verification owned by independent verifier (docs/archive/openclaw-prime-1.0/plans/OPENCLAW-PRIME-LISA-LINKBRAIN-LINKSKILLS-DETAILED-IMPLEMENTATION-PLAN.md)","outside_ownership","Assumption requires independent verification; not Grok-classified","assumption.verify.8","1250","4c5a873fb62e9aa26316f4311395eadb910be3b4beaa2aaeb47796ec1e3a486e"
"risk.execution.1","risk","A Grok completion report is accepted without independent proof — control: Treat every Grok report as provisional until the matching Codex verifier inspects actual implementation and evidence","OpenClaw Codex / LiNKbrain Codex / Principal","OUT: OpenClaw Codex Phase-14 verification + Principal accept gate (see docs/execution/openclawdevelopmentplan01/PHASE-13-PROVISIONAL-GROK-HANDOFF.md)","outside_ownership","Outside Grok execution ownership; Codex assigns Phase-14 classifications","risk.execution.1","1256","43d4308d605d8465430b89f8bc8d94cc4e1080825783c1128927ce220d08181c"
"risk.execution.2","risk","The execution agent certifies its own work — control: Separate Phase 13 execution closeout from Phase 14 verification; only the OpenClaw Codex verifier issues the OpenClaw conformance report","OpenClaw Codex / LiNKbrain Codex / Principal","OUT: OpenClaw Codex Phase-14 verification + Principal accept gate (see docs/execution/openclawdevelopmentplan01/PHASE-13-PROVISIONAL-GROK-HANDOFF.md)","outside_ownership","Outside Grok execution ownership; Codex assigns Phase-14 classifications","risk.execution.2","1257","fa792d453a035d7c6a1dde8a9ca65c94392d57a95e4ad11b4500f02812dac05b"
"risk.execution.3","risk","Planned items remain unclassified — control: Require exactly one of the seven Section 13.3 classifications for every task, phase, test, gate, risk, evidence requirement, and definition-of-done item","OpenClaw (Grok Phase-13 coverage index; Codex classifies)","docs/execution/openclawdevelopmentplan01/PHASE-13-COVERAGE-EVIDENCE-INDEX.md#risk.execution.3","not_claimed","No specific Grok implementation claim; Codex assigns Phase-14 classification from independent evidence review","risk.execution.3","1258","5893552626d40c0c93ec17a76d2e91df12ea9563fb33268f30595a02e140cf02"
"risk.execution.4","risk","A cross-repository interface is assumed complete without its owner's verified evidence — control: Keep the eleven interface gates owner-evidenced; `outside the execution agent's ownership` cannot pass a live gate by itself","OpenClaw (Grok Phase-13 coverage index; Codex classifies)","docs/execution/openclawdevelopmentplan01/PHASE-13-COVERAGE-EVIDENCE-INDEX.md#risk.execution.4","not_claimed","No specific Grok implementation claim; Codex assigns Phase-14 classification from independent evidence review","risk.execution.4","1259","360700c7c09da3dddec9c19309f39cd8d2dab788634424d41d12602f01553079"
"risk.execution.5","risk","Codex verification silently becomes implementation — control: Return deficiencies to the original Grok owner through correction work packets; require explicit Principal reassignment before Codex edits implementation","OpenClaw (Grok Phase-13 coverage index; Codex classifies)","docs/execution/openclawdevelopmentplan01/PHASE-13-COVERAGE-EVIDENCE-INDEX.md#risk.execution.5","not_claimed","No specific Grok implementation claim; Codex assigns Phase-14 classification from independent evidence review","risk.execution.5","1260","84e0ec033a4fe218a58c4ae105879a3b80fd470117bccb2f46f9ab45c2a9b44b"
"risk.execution.6","risk","Final reconciliation uses provisional rather than independently verified repository results — control: Phase 15 accepts only four completed Codex verification reports and checks their provenance before reconciliation","OpenClaw (Grok Phase-13 coverage index; Codex classifies)","docs/execution/openclawdevelopmentplan01/PHASE-13-COVERAGE-EVIDENCE-INDEX.md#risk.execution.6","not_claimed","No specific Grok implementation claim; Codex assigns Phase-14 classification from independent evidence review","risk.execution.6","1261","d481898d3588be087526299dc42fa47e54d58784f65a99187e9009b537b0c4a0"
"prose.22_5_execution_and_verification_risks.1263.1","evidence_requirement","These risks are launch-blocking when the corresponding control or evidence is missing","OpenClaw (Grok Phase-13 coverage index; Codex classifies)","docs/execution/openclawdevelopmentplan01/PHASE-13-COVERAGE-EVIDENCE-INDEX.md#prose.22_5_execution_and_verification_risks.1263.1","not_claimed","No specific Grok implementation claim; Codex assigns Phase-14 classification from independent evidence review","prose.22_5_execution_and_verification_risks.1263.1","1263","9928b2252a864dec5f9395e9cfe2bf669e8cd840dce4290eff7fd60ffa5e6eaf"
"prose.23_definition_of_done.1267.1","evidence_requirement","Implementation is complete only when all statements below are proven with current evidence:","OpenClaw (Grok Phase-13 coverage index; Codex classifies)","docs/execution/openclawdevelopmentplan01/PHASE-13-COVERAGE-EVIDENCE-INDEX.md#prose.23_definition_of_done.1267.1","not_claimed","No specific Grok implementation claim; Codex assigns Phase-14 classification from independent evidence review","prose.23_definition_of_done.1267.1","1267","fbac5c3f074af51ab6893f5032855b25f329e892616d1b6ffa4ac4c683782424"
"dod.1","dod","[Architecture and ownership] Lisa maps to one canonical Platform actor and one recorded OpenClaw runtime binding","OpenClaw (Grok Phase-13 coverage index; Codex classifies)","docs/execution/openclawdevelopmentplan01/PHASE-13-COVERAGE-EVIDENCE-INDEX.md#dod.1","not_claimed","No specific Grok implementation claim; Codex assigns Phase-14 classification from independent evidence review","dod.1","1271","2729f77f1de41ec35d379abdba24bd795977dce80940f3a542f65b1662a0ddc7"
"dod.2","dod","[Architecture and ownership] `linkbrain` and `linkskills` are separate default-disabled plugins using only public SDK surfaces","OpenClaw (Grok Phase-13 coverage index; Codex classifies)","docs/execution/openclawdevelopmentplan01/PHASE-13-COVERAGE-EVIDENCE-INDEX.md#dod.2","not_claimed","No specific Grok implementation claim; Codex assigns Phase-14 classification from independent evidence review","dod.2","1272","ded585c1eabc2436fdc746f91dc9b01939d13de9ebe79901d7e69dad883ccc43"
"dod.3","dod","[Architecture and ownership] `mcp.servers.linkbrain` and `mcp.servers.linkskills` are separate and independently operable","OpenClaw (Grok Phase-13 coverage index; Codex classifies)","docs/execution/openclawdevelopmentplan01/PHASE-13-COVERAGE-EVIDENCE-INDEX.md#dod.3","not_claimed","No specific Grok implementation claim; Codex assigns Phase-14 classification from independent evidence review","dod.3","1273","f66a34368cdf0e53bc5d6efaf9cf0a38be4ab58f64adee4da5e1c08b7f7492f7"
"dod.4","dod","[Architecture and ownership] Platform and OpenClaw ownership boundaries match all four plans","OpenClaw (Grok Phase-13 coverage index; Codex classifies)","docs/execution/openclawdevelopmentplan01/PHASE-13-COVERAGE-EVIDENCE-INDEX.md#dod.4","not_claimed","No specific Grok implementation claim; Codex assigns Phase-14 classification from independent evidence review","dod.4","1274","c32702d3db880f8edd12e2921c565aa8b81cd8030f73873dd7851d93545cba73"
"dod.5","dod","[Architecture and ownership] no unresolved active ownership collision or hidden implementation session remains","OpenClaw (Grok Phase-13 coverage index; Codex classifies)","docs/execution/openclawdevelopmentplan01/PHASE-13-COVERAGE-EVIDENCE-INDEX.md#dod.5","not_claimed","No specific Grok implementation claim; Codex assigns Phase-14 classification from independent evidence review","dod.5","1275","3beafa379798b48e4d350197faead60a3db48a74dbe763575598980465f95be7"
"dod.6","dod","[Identity and credentials] Brain and Skills credentials have different IDs, audiences/scopes as required, rotation, revocation, and evidence","OpenClaw (Grok Phase-13 coverage index; Codex classifies)","docs/execution/openclawdevelopmentplan01/PHASE-13-COVERAGE-EVIDENCE-INDEX.md#dod.6","not_claimed","No specific Grok implementation claim; Codex assigns Phase-14 classification from independent evidence review","dod.6","1279","c22af2f02950d7acf817b67c9dac5e3d3101dd1445c12dfb6c4eb9c4934e8988"
"dod.7","dod","[Identity and credentials] no production database credential or `service_role` reaches OpenClaw","Platform / Principal / Cursor maintenance (as labeled)","BLOCK: live/external gate named in plan item; OpenClaw fake-tier work is not live proof (docs/execution/openclawdevelopmentplan01/PHASE-13-PROVISIONAL-GROK-HANDOFF.md)","blocked","Label requires live/external proof beyond fake-tier OpenClaw work","dod.7","1280","a658d9eb7459d1d52b401f54a55a8b091f2d44bd9f87429ec130380a0080bacf"
"dod.8","dod","[Identity and credentials] no credential value exists in Git, OpenClaw JSON, docs, logs, screenshots, handoffs, or process arguments","OpenClaw (Grok Phase-13 coverage index; Codex classifies)","docs/execution/openclawdevelopmentplan01/PHASE-13-COVERAGE-EVIDENCE-INDEX.md#dod.8","not_claimed","No specific Grok implementation claim; Codex assigns Phase-14 classification from independent evidence review","dod.8","1281","eee457100dcd01cf02b7f0fbaa38f4fccbb87c1c464184bfb458c02876f00ff9"
"dod.9","dod","[Identity and credentials] `cursor` and `local-coder` are explicitly classified as subordinate or separate actors/bindings","OpenClaw (Grok Phase-13 coverage index; Codex classifies)","docs/execution/openclawdevelopmentplan01/PHASE-13-COVERAGE-EVIDENCE-INDEX.md#dod.9","not_claimed","No specific Grok implementation claim; Codex assigns Phase-14 classification from independent evidence review","dod.9","1282","b29d97dfb8794c991360072163c1ee83eea22d8ee6b5610dfd6850568359bbf1"
"dod.10","dod","[Privacy and data] only Brain has explicit conversation access","OpenClaw (Grok Phase-13 coverage index; Codex classifies)","docs/execution/openclawdevelopmentplan01/PHASE-13-COVERAGE-EVIDENCE-INDEX.md#dod.10","not_claimed","No specific Grok implementation claim; Codex assigns Phase-14 classification from independent evidence review","dod.10","1286","76d4de9912bcb8ea17a800578d56bacefca6f9568109c1c8f30e6c646515c850"
"dod.11","dod","[Privacy and data] Skills registers no conversation/prompt/message-bearing hook and receives no raw content","OpenClaw (Grok Phase-13 coverage index; Codex classifies)","docs/execution/openclawdevelopmentplan01/PHASE-13-COVERAGE-EVIDENCE-INDEX.md#dod.11","not_claimed","No specific Grok implementation claim; Codex assigns Phase-14 classification from independent evidence review","dod.11","1287","bc1b79b7d27f94400a0e6cabdeb5640acab35f841a2154f9528208cc216edc7a"
"dod.12","dod","[Privacy and data] secret, reasoning, prompt, attachment, and unbounded-output exclusions pass canary tests","OpenClaw (Grok Phase-13 coverage index; Codex classifies)","docs/execution/openclawdevelopmentplan01/PHASE-13-COVERAGE-EVIDENCE-INDEX.md#dod.12","not_claimed","No specific Grok implementation claim; Codex assigns Phase-14 classification from independent evidence review","dod.12","1288","8d9f8348762248087a37749de6fcfa0b2071317c3ba569b0684e68852ec882ec"
"dod.13","dod","[Privacy and data] no combined Brain/Skills datastore, queue, credential, health, or payload exists","OpenClaw (Grok Phase-13 coverage index; Codex classifies)","docs/execution/openclawdevelopmentplan01/PHASE-13-COVERAGE-EVIDENCE-INDEX.md#dod.13","not_claimed","No specific Grok implementation claim; Codex assigns Phase-14 classification from independent evidence review","dod.13","1289","694ca2c4aa5386ad8b76a441312fbde11e6751e4da9773de42b309f9771dd6c0"
"dod.14","dod","[Privacy and data] opaque correlation works under Platform audit policy","OpenClaw (Grok Phase-13 coverage index; Codex classifies)","docs/execution/openclawdevelopmentplan01/PHASE-13-COVERAGE-EVIDENCE-INDEX.md#dod.14","not_claimed","No specific Grok implementation claim; Codex assigns Phase-14 classification from independent evidence review","dod.14","1290","ae9b2265460d4cac9fac0b6baae8847cac976180924c094718a5bf9eca122a00"
"dod.15","dod","[Reliability] both outboxes are durable, ordered, idempotent, leased, bounded, observable, restart-safe, and independently recoverable","OpenClaw (Grok Phase-13 coverage index; Codex classifies)","docs/execution/openclawdevelopmentplan01/PHASE-13-COVERAGE-EVIDENCE-INDEX.md#dod.15","not_claimed","No specific Grok implementation claim; Codex assigns Phase-14 classification from independent evidence review","dod.15","1294","3d2cf503933d5ce63e486c62cf5a1ba1e1b85babe185e87eb33950eecba4e9ea"
"dod.16","dod","[Reliability] overflow rejects explicitly; no silent eviction or false delivery acknowledgement occurs","OpenClaw (Grok Phase-13 coverage index; Codex classifies)","docs/execution/openclawdevelopmentplan01/PHASE-13-COVERAGE-EVIDENCE-INDEX.md#dod.16","not_claimed","No specific Grok implementation claim; Codex assigns Phase-14 classification from independent evidence review","dod.16","1295","5c7d6de5b2e7e76e16661be14c08c29fdaf94698c4cc29d96a88ada9256cd719"
"dod.17","dod","[Reliability] all mandatory stage failure/recovery scenarios pass at least once per applicable domain","Platform / Principal / Cursor maintenance (as labeled)","BLOCK: live/external gate named in plan item; OpenClaw fake-tier work is not live proof (docs/execution/openclawdevelopmentplan01/PHASE-13-PROVISIONAL-GROK-HANDOFF.md)","blocked","Label requires live/external proof beyond fake-tier OpenClaw work","dod.17","1296","74d6d6226b1ce1816934c67045a638de32df605e7616084d53c9f05a5bf8f261"
"dod.18","dod","[Reliability] rollback of either domain leaves the other and native OpenClaw healthy","OpenClaw (Grok Phase-13 coverage index; Codex classifies)","docs/execution/openclawdevelopmentplan01/PHASE-13-COVERAGE-EVIDENCE-INDEX.md#dod.18","not_claimed","No specific Grok implementation claim; Codex assigns Phase-14 classification from independent evidence review","dod.18","1297","f406f47c1c3aa9a2e3aac2b5d826b3ccf44e8729a557a3e35e03510ce18cc2c6"
"dod.19","dod","[Functional behavior] all approved Brain tools and lifecycle paths pass contract and live stage tests","Platform / Principal / Cursor maintenance (as labeled)","BLOCK: live/external gate named in plan item; OpenClaw fake-tier work is not live proof (docs/execution/openclawdevelopmentplan01/PHASE-13-PROVISIONAL-GROK-HANDOFF.md)","blocked","Label requires live/external proof beyond fake-tier OpenClaw work","dod.19","1301","cdfa3994716629f83e50c55a4028be0dcec9691ce7ae2dd709a1822c12a09dcd"
"dod.20","dod","[Functional behavior] all approved Skills tools pass exact bundle/profile, validation, execution, and telemetry tests","OpenClaw (Grok Phase-13 coverage index; Codex classifies)","docs/execution/openclawdevelopmentplan01/PHASE-13-COVERAGE-EVIDENCE-INDEX.md#dod.20","not_claimed","No specific Grok implementation claim; Codex assigns Phase-14 classification from independent evidence review","dod.20","1302","4a55517a260436a3fbb0dbda53b67424f2fb7aa851bbf667338d5238f51c9313"
"dod.21","dod","[Functional behavior] Skills readiness is execution-backed and not prompt-only","OpenClaw (Grok Phase-13 coverage index; Codex classifies)","docs/execution/openclawdevelopmentplan01/PHASE-13-COVERAGE-EVIDENCE-INDEX.md#dod.21","not_claimed","No specific Grok implementation claim; Codex assigns Phase-14 classification from independent evidence review","dod.21","1303","e22a0806d7a095e84a030f6c60162df5bb52d457ce3c14dae0a4169320126fdd"
"dod.22","dod","[Functional behavior] native memory, compaction, sessions, cron, channels, Program authority, and native skills remain functional","OpenClaw (Grok Phase-13 coverage index; Codex classifies)","docs/execution/openclawdevelopmentplan01/PHASE-13-COVERAGE-EVIDENCE-INDEX.md#dod.22","not_claimed","No specific Grok implementation claim; Codex assigns Phase-14 classification from independent evidence review","dod.22","1304","0e3f9cb26cd7d1f756366c2c3230b9dec6ceb7573555a03469cebf6892cbb91a"
"dod.23","dod","[Environments and operations] stage and production services, migrations, schema/data state, backups/restores, audit, Librarian, alerts, and owners are verified","Platform / Principal / Cursor maintenance (as labeled)","BLOCK: live/external gate named in plan item; OpenClaw fake-tier work is not live proof (docs/execution/openclawdevelopmentplan01/PHASE-13-PROVISIONAL-GROK-HANDOFF.md)","blocked","Label requires live/external proof beyond fake-tier OpenClaw work","dod.23","1308","5acbc5e167188a29270dbd1fc082876a16d7225e38a2246f8feec2f75dd64a38"
"dod.24","dod","[Environments and operations] required runbooks are rehearsed by an operator other than the implementer","OpenClaw (Grok Phase-13 coverage index; Codex classifies)","docs/execution/openclawdevelopmentplan01/PHASE-13-COVERAGE-EVIDENCE-INDEX.md#dod.24","not_claimed","No specific Grok implementation claim; Codex assigns Phase-14 classification from independent evidence review","dod.24","1309","5cff4526bcebda07be89276d4c0de10628e0078beae26dd5717573610b259bfd"
"dod.25","dod","[Environments and operations] Brain production retention is Principal-approved and enforced","Platform / Principal / Cursor maintenance (as labeled)","BLOCK: live/external gate named in plan item; OpenClaw fake-tier work is not live proof (docs/execution/openclawdevelopmentplan01/PHASE-13-PROVISIONAL-GROK-HANDOFF.md)","blocked","Label requires live/external proof beyond fake-tier OpenClaw work","dod.25","1310","d4f42963315cd5061f5b5f8e61713f7df8a1b9eff306ea9738378f30746817f1"
"dod.26","dod","[Environments and operations] the Cursor credential-exposure gate is resolved or explicitly accepted by the responsible authority","Platform / Principal / Cursor maintenance (as labeled)","BLOCK: live/external gate named in plan item; OpenClaw fake-tier work is not live proof (docs/execution/openclawdevelopmentplan01/PHASE-13-PROVISIONAL-GROK-HANDOFF.md)","blocked","Label requires live/external proof beyond fake-tier OpenClaw work","dod.26","1311","6b53df3796f0b2d955915c61a60aaa1d196bed2f69621bffc5110a5e0ec940e0"
"dod.27","dod","[Execution and independent verification] the OpenClaw Grok execution handoff is complete and contains every field required by Section 21.1","OpenClaw (Grok Phase-13 coverage index; Codex classifies)","docs/execution/openclawdevelopmentplan01/PHASE-13-COVERAGE-EVIDENCE-INDEX.md#dod.27","not_claimed","No specific Grok implementation claim; Codex assigns Phase-14 classification from independent evidence review","dod.27","1315","ba051b3dd445a7c3cc1c48239dbde0a02755ba9f2aab9391bc4f5d27ab49676c"
"dod.28","dod","[Execution and independent verification] the OpenClaw Codex verifier independently inspected actual implementation and evidence rather than accepting the Grok summary","OpenClaw Codex / LiNKbrain Codex / Principal","OUT: OpenClaw Codex Phase-14 verification + Principal accept gate (see docs/execution/openclawdevelopmentplan01/PHASE-13-PROVISIONAL-GROK-HANDOFF.md)","outside_ownership","Outside Grok execution ownership; Codex assigns Phase-14 classifications","dod.28","1316","18fa70e126d76948d8974ff5a7a11fd15239d47dcc652fc4ec2c8acad7c401f4"
"dod.29","dod","[Execution and independent verification] every task, phase, test, gate, risk, evidence requirement, and definition-of-done item has exactly one of the seven Section 13.3 classifications","OpenClaw (Grok Phase-13 coverage index; Codex classifies)","docs/execution/openclawdevelopmentplan01/PHASE-13-COVERAGE-EVIDENCE-INDEX.md#dod.29","not_claimed","No specific Grok implementation claim; Codex assigns Phase-14 classification from independent evidence review","dod.29","1317","b572cdc156ee2269584aecdf97939181282bb4410ce39a1aa76a7c24f3876abe"
"dod.30","dod","[Execution and independent verification] all OpenClaw correction work packets are resolved or explicitly accepted by the authorized decision owner","OpenClaw (Grok Phase-13 coverage index; Codex classifies)","docs/execution/openclawdevelopmentplan01/PHASE-13-COVERAGE-EVIDENCE-INDEX.md#dod.30","not_claimed","No specific Grok implementation claim; Codex assigns Phase-14 classification from independent evidence review","dod.30","1318","dff9ead0004d561aa9ab7b1614ed5b73cda1623b49ece5bcc7d1bf01359c2064"
"dod.31","dod","[Execution and independent verification] final independent Codex verification reports exist for LiNKbrain, LiNKskills, LiNKplatform, and OpenClaw Prime","OpenClaw (Grok Phase-13 coverage index; Codex classifies)","docs/execution/openclawdevelopmentplan01/PHASE-13-COVERAGE-EVIDENCE-INDEX.md#dod.31","not_claimed","No specific Grok implementation claim; Codex assigns Phase-14 classification from independent evidence review","dod.31","1319","a4033c7a00d9d6e5ad242f0997d762a431cf407a4b8652a33a0f064943979489"
"dod.32","dod","[Execution and independent verification] the LiNKbrain Codex coordinating verifier completed cross-plan reconciliation using those four final reports","OpenClaw Codex / LiNKbrain Codex / Principal","OUT: OpenClaw Codex Phase-14 verification + Principal accept gate (see docs/execution/openclawdevelopmentplan01/PHASE-13-PROVISIONAL-GROK-HANDOFF.md)","outside_ownership","Outside Grok execution ownership; Codex assigns Phase-14 classifications","dod.32","1320","f1da7e1bba1d887e670e12dab3a1b72e30e6a8ae0dd49700ce12f546d801c099"
"dod.33","dod","[Execution and independent verification] no unresolved launch-blocking ownership, contract, identity, credential, migration, configuration, privacy, evidence, rollout, or rollback contradiction remains","OpenClaw (Grok Phase-13 coverage index; Codex classifies)","docs/execution/openclawdevelopmentplan01/PHASE-13-COVERAGE-EVIDENCE-INDEX.md#dod.33","not_claimed","No specific Grok implementation claim; Codex assigns Phase-14 classification from independent evidence review","dod.33","1321","a2207b2653a59d9d240a862409adcdd2db0e460c9f4d3403bb39b5e32e8d8136"
"dod.34","dod","[Execution and independent verification] the verifier roles remained separate from Grok implementation ownership unless the Principal explicitly recorded a reassignment","OpenClaw (Grok Phase-13 coverage index; Codex classifies)","docs/execution/openclawdevelopmentplan01/PHASE-13-COVERAGE-EVIDENCE-INDEX.md#dod.34","not_claimed","No specific Grok implementation claim; Codex assigns Phase-14 classification from independent evidence review","dod.34","1322","bdebefceb84f685bb48b805f0a6d74f365e30b698ba57cb4aa3a2bbe1949bf90"
"dod.35","dod","[Canary and closeout] Brain stage and production each meet at least three active operating days plus approved event/activity thresholds, whichever is longer","Platform / Principal / Cursor maintenance (as labeled)","BLOCK: live/external gate named in plan item; OpenClaw fake-tier work is not live proof (docs/execution/openclawdevelopmentplan01/PHASE-13-PROVISIONAL-GROK-HANDOFF.md)","blocked","Label requires live/external proof beyond fake-tier OpenClaw work","dod.35","1326","d230e512c1a8b9942866fe596739f9dee700771a58340787088db6067441225c"
"dod.36","dod","[Canary and closeout] Skills stage and production independently meet the same duration rule plus approved run/activity thresholds","Platform / Principal / Cursor maintenance (as labeled)","BLOCK: live/external gate named in plan item; OpenClaw fake-tier work is not live proof (docs/execution/openclawdevelopmentplan01/PHASE-13-PROVISIONAL-GROK-HANDOFF.md)","blocked","Label requires live/external proof beyond fake-tier OpenClaw work","dod.36","1327","a300a891b3dcdbc4e0528d49000bce1a8f03502917572fa265ff9c918a58bec2"
"dod.37","dod","[Canary and closeout] every failure that restarts a window is recorded with scope and reason","OpenClaw (Grok Phase-13 coverage index; Codex classifies)","docs/execution/openclawdevelopmentplan01/PHASE-13-COVERAGE-EVIDENCE-INDEX.md#dod.37","not_claimed","No specific Grok implementation claim; Codex assigns Phase-14 classification from independent evidence review","dod.37","1328","8082a7a5988a08361f86950e1e7898fe1ce2e0720b3f90f6a834724c61ccb55b"
"dod.38","dod","[Canary and closeout] fake, stage, and production evidence are clearly distinguished","Platform / Principal / Cursor maintenance (as labeled)","BLOCK: live/external gate named in plan item; OpenClaw fake-tier work is not live proof (docs/execution/openclawdevelopmentplan01/PHASE-13-PROVISIONAL-GROK-HANDOFF.md)","blocked","Label requires live/external proof beyond fake-tier OpenClaw work","dod.38","1329","ac9690991aaefef4150463c8c0fe411801a8514481e36b6c4f05a4ec965c1488"
"dod.39","dod","[Canary and closeout] final four-plan verification, handoffs, dashboard refresh, owner acceptance, LiNKbrain Codex reconciliation, and Principal acceptance are complete","OpenClaw Codex / LiNKbrain Codex / Principal","OUT: OpenClaw Codex Phase-14 verification + Principal accept gate (see docs/execution/openclawdevelopmentplan01/PHASE-13-PROVISIONAL-GROK-HANDOFF.md)","outside_ownership","Outside Grok execution ownership; Codex assigns Phase-14 classifications","dod.39","1330","ab14bdbe6b1fb12d1e95482ee3c50b2d8b59f7ff080167c2fcd18b5bf3ff344f"
"next_action.1","task","assign the four repository-specific Cursor execution agents with Grok 4.5 High","Principal / OpenClaw Codex","OUT: Principal/verifier gate in plan §21–§24 (docs/archive/openclaw-prime-1.0/plans/OPENCLAW-PRIME-LISA-LINKBRAIN-LINKSKILLS-DETAILED-IMPLEMENTATION-PLAN.md)","outside_ownership","Principal/verifier gate or next-action ownership","next_action.1","1336","109dd836840ae7ebce16d3b4f0dadec5ab1243031348c011f7e7e0bf826ba96d"
"next_action.2","task","create each repository's implementation session, dedicated branch, and separate checkout/worktree where required, then register exact ownership and interfaces","Principal / OpenClaw Codex","OUT: Principal/verifier gate in plan §21–§24 (docs/archive/openclaw-prime-1.0/plans/OPENCLAW-PRIME-LISA-LINKBRAIN-LINKSKILLS-DETAILED-IMPLEMENTATION-PLAN.md)","outside_ownership","Principal/verifier gate or next-action ownership","next_action.2","1337","61e14c8b9f2ddadc306fe384bcf165cfd5eba9144e918f36d588a7bb9ac58623"
"next_action.3","task","freeze exact current hashes and versioned contract artifacts across all four repositories","Principal / OpenClaw Codex","OUT: Principal/verifier gate in plan §21–§24 (docs/archive/openclaw-prime-1.0/plans/OPENCLAW-PRIME-LISA-LINKBRAIN-LINKSKILLS-DETAILED-IMPLEMENTATION-PLAN.md)","outside_ownership","Principal/verifier gate or next-action ownership","next_action.3","1338","9ff57ce825d581128c185634322d91a102b9d9c8b56cb891c34c5fd5b488c968"
"next_action.4","task","request owner approval of sanitized fixtures and the Platform auth ADR","Principal / OpenClaw Codex","OUT: Principal/verifier gate in plan §21–§24 (docs/archive/openclaw-prime-1.0/plans/OPENCLAW-PRIME-LISA-LINKBRAIN-LINKSKILLS-DETAILED-IMPLEMENTATION-PLAN.md)","outside_ownership","Principal/verifier gate or next-action ownership","next_action.4","1339","64506455b5bd6d73310d425699efbd2343e37ad93d6d670fd5bdba4f10e36bd9"
"next_action.5","task","begin concurrent contract/fake preparation within repository ownership and stop at the Phase 1 exit gate before authoritative Lisa configuration or live Platform service work","Platform / Principal / Cursor maintenance (as labeled)","BLOCK: live/external gate named in plan item; OpenClaw fake-tier work is not live proof (docs/execution/openclawdevelopmentplan01/PHASE-13-PROVISIONAL-GROK-HANDOFF.md)","blocked","Label requires live/external proof beyond fake-tier OpenClaw work","next_action.5","1340","802ea39c98a1ad8ade54e1bda5c04afe08d5d82d27a1e5e42805de97fda06168"
"prose.24_immediate_next_action_after_approval.1342.1","evidence_requirement","Until that approval, this document is the completed planning deliverable and no implementation action is permitted","OpenClaw (Grok Phase-13 coverage index; Codex classifies)","docs/execution/openclawdevelopmentplan01/PHASE-13-COVERAGE-EVIDENCE-INDEX.md#prose.24_immediate_next_action_after_approval.1342.1","not_claimed","No specific Grok implementation claim; Codex assigns Phase-14 classification from independent evidence review","prose.24_immediate_next_action_after_approval.1342.1","1342","2e9a3010c8ddc562ed7fe035f54b2b3fdc962017580ce168ce58cc1fd80dd9f6"
